id,sales
3001388,383.267315933236
3001389,8.36095542756727
3001392,235.052468946295
3001397,1.45519525443706
3001398,18.2141821037532
3001399,14.6000090654716
3001401,226.346416099233
3001402,7.89725742340823
3001390,1034.47617044056
3001391,646.585890713949
3001405,57.2863496104467
3001393,125.953746611772
3001395,4372.16738174906
3001396,12.263043188228
3001410,5.95961277317301
3001411,223.031525611324
3001412,64.1301421084107
3001400,1.04464681188322
3001414,2.54380212928891
3001403,4.85196686057316
3001404,5.33611173885918
3001406,2.92120853450281
3001394,84.776797769464
3001408,246.38461347374
3001409,3.73968362368151
3001413,1896.36279347144
3001407,233.968734289007
3001387,0
3001385,2.84270716427383
3001386,1875.18748764992
3001384,0
3001415,10.6752716883261
3001383,4.55563797957575
3002377,0
3002378,899.830919307978
3002379,19.6297620379178
3002380,2366.35782537535
3002376,4460.19065838452
3002381,1459.9451794424
3002388,42.7630626080263
3002375,6.67407758139618
3002389,34.2777456702743
3002382,551.853681294334
3002383,295.712863821914
3002384,199.038062212881
3002385,9618.51227592133
3002386,28.7910420921435
3002387,3.4164919082242
3002374,0
3002373,10.6956782923543
3002390,2.45261065061121
3002391,527.968422971539
3002392,18.7838677565446
3002393,11.3913960807499
3002394,12.5280662657501
3002395,135.373942193033
3002396,6.85838226171591
3002397,549.309300616897
3002398,570.98290926091
3002399,8.77998935240414
3002400,13.9919153485501
3002401,527.048015114329
3002402,150.564064113452
3002403,4539.99059811057
3002404,5.97231152612649
3002405,25.0632890878759
3001694,1.75973443340637
3001686,10.1107127151523
3001688,1459.9329633629
3001690,152.312993224418
3001693,14.8294184514933
3001695,22.0259950179043
3001696,17.6554579890343
3001684,0
3001685,478.797251980753
3001687,1317.78559451823
3001689,284.243589993008
3001691,102.518648087927
3001692,6302.20100009087
3001697,1.26326756496347
3001683,2599.50923764368
3001698,279.109028858213
3001682,3.43762094180195
3001681,0
3001680,5.50902911093848
3001699,9.54997329401108
3001704,282.933054388049
3001705,297.947293924476
3001706,4.52231411734783
3001707,7.20682380920628
3001708,271.466921382887
3001709,78.0571813706562
3001710,1354.06173123399
3001703,3.53255085848516
3001711,3.07616189994643
3001712,12.9093625880349
3001700,5.82933330784135
3001701,6.41100295767899
3001702,69.7271335224284
3000968,2.4605149030675
3000969,31.2006760964975
3000966,9103.22169635541
3000967,20.7349497805145
3000965,143.344732406237
3000960,14.1371100343306
3000963,397.438145212275
3000964,212.96871996421
3000961,1878.87559062214
3000962,2095.13003793738
3000959,665.128743988007
3000970,24.686405333565
3000971,1.76633963122355
3000972,387.728703605088
3000958,0
3000954,7.70289423879595
3000955,0
3000956,4.80658751561028
3000957,3878.98621110244
3000979,413.898176238026
3000980,6.32323893358587
3000981,10.1425596999707
3000978,395.605713951179
3000982,377.112549637083
3000983,108.434362957446
3000973,13.3530668990351
3000974,8.2039415214065
3000975,8.90594573653869
3000976,96.2345630792604
3000977,4.93932144995392
3000984,1785.64091780015
3000985,4.30118434655801
3000986,18.0502685143666
3001884,14.6529308859297
3001882,0
3001883,671.692313140287
3001897,13.8402803622248
3001885,1812.96359727361
3001886,1148.00668518924
3001887,411.9394741277
3001888,220.739311423791
3001881,3394.98055306139
3001895,1.83078808006341
3001896,399.270308781514
3001898,8.50327880404526
3001899,9.35176334648301
3001889,148.574952851751
3001890,7417.22359811357
3001892,2.55029173083432
3001893,31.9211307633641
3001894,25.5871384106337
3001891,21.4915060658994
3001878,7.98394980505986
3001879,0
3001880,4.98196551433613
3001900,100.396770299889
3001901,5.11954251284797
3001910,18.7088688120275
3001909,4.45812169564413
3001908,3323.45665374162
3001907,112.390808462043
3001906,390.872258377423
3001904,6.55395500523465
3001905,10.4444754943056
3001902,410.040182931915
3001903,429.000082442616
3001976,16.2100217221972
3001975,3.86267337981074
3001974,1398.85678261143
3001946,4.31655008210378
3001947,3460.934383426
3001959,27.6575900055795
3001960,22.1695963348995
3001948,0
3001949,593.445507200914
3001951,1676.38263707977
3001952,2007.97784340532
3001953,356.918843727617
3001954,191.256300371414
3001944,6.91757481808583
3001945,0
3001972,340.875443110817
3001973,97.3793479899649
3001961,1.58625916108241
3001962,352.75849711209
3001950,12.6958145006649
3001964,7.22517025150794
3001965,8.10269656120964
3001966,87.5549308741791
3001967,4.43575163067191
3001955,128.730562884326
3001956,8445.377191177
3001957,18.6209964734479
3001958,2.20966242107527
3001963,11.9917055150194
3001968,355.273231058578
3001969,374.126303576141
3001970,5.67857704645713
3001971,9.0494607846525
3002090,0
3002088,6311.9035325232
3002089,18.2888261708997
3002103,0
3002091,27.1642205957841
3002086,187.844578380638
3002087,126.43420510984
3002101,362.703341567374
3002102,0
3002092,21.7741243990965
3002081,571.596235167715
3002082,0
3002083,1552.8620111648
3002084,939.53853367137
3002085,350.551953509083
3002099,0
3002100,348.935696071324
3002093,0
3002094,335.379410045232
3002095,0
3002096,7.23611400024847
3002097,7.9581567578736
3002098,85.9930838527518
3002104,332.624189601788
3002080,0
3002105,95.642248284807
3002106,2865.22413554426
3002079,2760.46770229199
3002076,6.79417578713173
3002077,0
3002078,4.23954938298538
3002107,3.7937691518847
3002108,15.9208595483333
3001519,0
3001532,1.65180395357722
3001520,609.980011298427
3001521,13.2204100695446
3001522,1593.71370688588
3001523,996.130047414226
3001524,371.666857244935
3001517,4.49491146614892
3001518,3023.48706831152
3001533,357.900776355927
3001534,12.487207050282
3001535,7.67196908251928
3001525,199.15907869965
3001530,28.8004114576461
3001531,23.0856519373604
3001526,134.049755509972
3001527,6692.09036116616
3001528,19.3904226680085
3001529,2.30096645791003
3001516,0
3001515,7.20341146895777
3001536,8.43750286385092
3001537,91.1727317460928
3001547,16.8798255828682
3001544,101.403097269954
3001545,3037.80606298198
3001538,4.61903846508332
3001542,9.42338772160723
3001543,352.65924481501
3001546,3.99620302553814
3001541,5.91321786890749
3001539,369.95324727535
3001540,389.585335452127
3002509,0
3002508,1488.50640532375
3002507,2.03348667364644
3002505,3.25880528175731
3002506,0
3002510,275.953427227073
3002511,5.980880357493
3002515,90.0990676949687
3002514,169.238366245699
3002528,2.08964141664277
3002516,60.6437731839545
3002517,3952.7449929226
3002513,627.915269314356
3002527,40.9789055934829
3002529,167.36592119159
3002530,173.969529526962
3002518,8.77217858209557
3002519,1.04095145452916
3002512,789.728298663125
3002526,3.79235794168584
3002531,2.67512493301532
3002532,4.26311697055725
3002520,13.0292339094355
3002521,10.4438910355854
3002522,0
3002525,3.4707795709482
3002533,159.542157853434
3002534,45.8745068769046
3002535,1130.67092409209
3002523,165.103861154648
3002536,1.81966957248086
3002524,5.64918115051727
3002537,7.63639075757974
3002121,5201.12522498509
3002124,18.7786599665884
3002125,15.0524796660019
3002127,234.883952543687
3002128,8.14200225835235
3002129,4.9376823675165
3002118,242.337007695779
3002119,129.857194007791
3002120,87.404125494109
3002134,252.373474284133
3002122,12.6430886040099
3002123,1.50029338195953
3002137,229.943521890093
3002138,66.1176068957105
3002126,0
3002140,2.57195786426921
3002141,11.0061102905476
3002130,5.5014838062429
3002131,59.4471273510338
3002132,3.01174005225415
3002133,241.219686890085
3002135,3.85558059932121
3002136,6.14430783454681
3002139,1060.82836026011
3002117,1285.83717445191
3002116,1108.98128344968
3002115,8.62007078197243
3002113,0
3002114,405.560743205501
3002111,2.93080583681456
3002112,2201.89003597438
3002109,4.69682229276169
3002110,0
3001250,9.26655028742953
3001249,2.20811901003918
3001221,1829.91219750394
3001222,0
3001223,339.246469225643
3001224,7.25763392094589
3001220,2.46758018524117
3001234,12.6733747067128
3001235,0.906793990592725
3001236,199.050087646991
3001237,6.85512605049803
3001225,921.63475206886
3001226,890.689217438826
3001219,0
3001233,15.8106172223606
3001247,55.6674531700625
3001248,1328.13483037674
3001227,204.034668837252
3001228,109.3327421488
3001238,4.21169561010888
3001239,4.60192212396716
3001218,3.9544706365859
3001232,1.26316597806273
3001230,4294.44589698834
3001240,50.0512697491946
3001246,193.600023315521
3001229,73.5895518797013
3001242,203.093945079282
3001231,10.6447975937606
3001241,2.53572242237546
3001243,208.378799637783
3001245,5.17317526603149
3001244,3.24619057665923
3001613,12.3913297802606
3001606,287.857375795296
3001417,0
3001416,9.49768898784951
3001424,1313.39621824504
3001425,490.042285161115
3001426,262.590995495306
3001427,176.74443452488
3001423,2142.71509814886
3001437,11.1248369443125
3001438,119.431775371208
3001439,6.09019642336528
3001440,487.782892565297
3001428,8709.47379738638
3001418,5.92653513094093
3001422,17.4310940966607
3001436,10.115481613701
3001441,503.741720562508
3001429,25.5662479697745
3001430,3.03382138905709
3001431,37.9733063876187
3001432,30.4384031271392
3001433,2.17790144122456
3001434,468.832339541629
3001435,16.4643668352906
3001442,7.79657034424598
3001443,12.4247248928423
3001444,464.980772010163
3001445,133.699856578375
3001446,3979.37589876927
3001447,5.30337168557571
3001448,22.2560288616171
3001420,0
3001421,799.043686583876
3001419,3986.46390774098
3001486,0
3001487,231.329056043357
3001488,5.0464306406358
3001489,616.310108248258
3001490,382.719176088292
3001491,141.870865324396
3001492,76.0220350067655
3001485,1146.62840833585
3001493,51.1688207867037
3001494,2554.47218889904
3001495,7.40161784483045
3001482,2.74965119560078
3001483,0
3001484,1.71577574601667
3001496,0.878313726668876
3001514,6.44328493457303
3001498,8.75501159365426
3001497,10.9935530046528
3001513,1.52541118529555
3001501,4.76655594970341
3001499,0.630518572404812
3001500,137.507638288659
3001502,2.92850672924471
3001509,3.59704973497453
3001511,38.7070971646568
3001512,1137.16903655092
3001503,3.22072256144899
3001504,34.8020117873546
3001508,2.25716476882611
3001510,135.493810236802
3001505,1.7631569004179
3001506,141.216754460125
3001507,148.710619687738
3001550,3.71604531977389
3001551,2902.94215533647
3001549,0
3001563,23.8099537689987
3001564,19.0854323787731
3001552,0
3001553,520.954105497641
3001554,10.9296130378544
3001548,5.95522374071588
3001562,1.90226119051885
3001565,1.36558381563266
3001566,303.683853371386
3001567,10.3234574620008
3001555,1424.5174421145
3001561,16.0305024796463
3001575,7.79052849049665
3001568,6.26061652459466
3001556,1684.23982740543
3001557,307.265425755629
3001558,164.649330218375
3001559,110.821975100312
3001560,6992.21006123031
3001574,4.88859141098575
3001569,6.88532100267455
3001570,75.3745664731283
3001571,3.8186639268191
3001572,305.848745503894
3001573,319.990924055187
3001579,3.30375173387792
3001580,13.95493489209
3001576,291.551401187574
3001578,1492.57402889572
3001577,83.8322418268749
3001612,2.952720267927
3001611,1266.34598924425
3001584,2577.67691916528
3001583,3.29967451598879
3001597,16.9469716937405
3001585,0
3001586,462.582890677689
3001581,5.28796027047574
3001582,0
3001596,21.1421258132602
3001610,74.9248670866132
3001598,0
3001599,266.171898097779
3001587,0
3001588,1298.24623910864
3001590,272.837333176547
3001591,146.200907751376
3001594,14.234336763633
3001595,0
3001609,258.884014002821
3001601,5.59541115403087
3001589,1505.28534678739
3001603,66.4951741421815
3001600,0
3001592,98.4047328766958
3001593,6331.09701669406
3001607,0
3001604,0
3001605,271.579387343895
3001602,6.1537392980546
3001608,0
3001652,242.612652387769
3001650,1369.62591108981
3001651,0
3001653,5.22417802629541
3001654,672.096064998324
3001655,616.595431801694
3001656,146.867897327496
3001657,78.6997133376964
3001649,1.77620948125457
3001648,0
3001647,2.84650050282366
3001670,1.82525951350712
3001658,52.971109328804
3001659,3172.70173926386
3001660,7.66232057023329
3001661,0.909250041823437
3001662,11.3807722978206
3001663,9.12252758722613
3001664,0.652726948153074
3001665,144.214883419301
3001666,4.93444547776661
3001668,3.31254795993053
3001669,35.7942452192512
3001671,146.190747110396
3001672,150.973680303581
3001673,2.3366675233931
3001674,3.72374645033824
3001675,139.356848073622
3001676,40.070453924599
3001677,867.147690059387
3001678,1.58944456793274
3001679,6.67023287733442
3001667,3.03165575715729
3001725,2270.21980757195
3001726,5.44721076308021
3001727,0.646393813565145
3001728,8.09069064451397
3001723,55.9483150848352
3001724,37.6576252877102
3001738,109.443381856461
3001739,1.66115739566079
3001729,6.48528471292103
3001730,0
3001722,104.409673771837
3001736,1.29759296498447
3001737,103.92828175528
3001720,484.055116346721
3001721,405.430634293076
3001735,25.6124940734852
3001731,101.858938159452
3001719,3.71391388708461
3001733,2.15523061440361
3001734,2.37028646566419
3001732,3.5079404822532
3001718,173.600954102316
3001717,0
3001716,900.57154697825
3001713,2.02360212339983
3001714,0
3001715,1.26272286771218
3001740,2.64724394618308
3001741,99.0700031116627
3001742,28.4864364390512
3001743,702.106411717048
3001744,1.12995005604405
3001745,4.74192693827234
3001780,0
3001779,5.50453266495512
3001786,1325.30227042255
3001787,1430.55282575805
3001788,284.011591591332
3001783,0
3001784,478.406459712794
3001785,10.102460394705
3001799,5.78681333612605
3001800,6.44757144928715
3001801,69.6702225344585
3001789,152.188676011202
3001796,1.26223649138335
3001797,277.073168600133
3001798,9.54217864667951
3001802,3.52966760559271
3001790,102.434972806107
3001791,6505.21474532786
3001781,3.43481517030123
3001782,2580.5480540192
3001809,1655.20831492156
3001810,3.01425627675465
3001811,12.8988260215387
3001803,282.702125639926
3001804,299.646791364966
3001792,14.8173147436186
3001793,1.75829814569296
3001794,22.0080174950353
3001795,17.6410476797837
3001805,4.51862302391939
3001806,7.20094163045624
3001807,269.48680372461
3001808,77.9934714332826
3002415,581.04035942521
3002422,36.0906420300193
3002419,30.3137552805833
3002417,209.564874037304
3002418,10394.1615047831
3002423,2.58232539215621
3002420,3.59718482202012
3002421,45.0247341099788
3002427,13.1906560972488
3002428,140.691490724516
3002416,311.35265470867
3002424,559.519342870445
3002425,19.5217064187441
3002426,11.9938692038618
3002414,1547.19019526007
3002413,2573.87098281161
3002412,20.6679494520937
3002411,947.421569337628
3002409,4696.08316678147
3002429,7.22111137335601
3002410,0
3002406,11.2613559897072
3002407,0
3002408,7.02705910673788
3002430,578.361410433033
3002431,605.104336319638
3002432,9.2443492577691
3002433,14.7319258686481
3002434,551.325065357921
3002435,158.527161989413
3002436,4718.32344375899
3002437,6.28817774233355
3002438,26.3888472499474
3001093,937.126798444764
3001092,7.19010731044558
3001091,340.490697211568
3001089,1885.03477988973
3001090,0
3001086,3.91767737843589
3001087,0
3001088,2.4446212804711
3001104,198.48490658797
3001105,6.79134446110062
3001094,870.997499146052
3001102,12.5554588615674
3001103,0.898356981331339
3001117,2.18757418868922
3001118,9.18033228046519
3001106,4.17250907464739
3001107,4.58885546697493
3001095,203.455334602469
3001096,109.022303727377
3001101,15.6635117879211
3001115,55.1495110323487
3001116,1216.98402234114
3001108,48.9447159874562
3001109,2.51212950735416
3001097,72.9048586228078
3001100,1.25141320602614
3001114,191.798726431485
3001110,201.204314674425
3001098,4721.11146570503
3001099,10.5457560729567
3001113,5.12504291393931
3001111,207.787130716412
3001112,3.21598731081977
3000998,71.2829916045538
3000999,4106.07894175981
3001001,1.2235738295648
3001011,196.72825302277
3001012,201.847461300336
3001000,10.3111514899375
3001002,15.3150558188848
3001003,12.2761457264583
3000996,197.63949112694
3000997,105.905862199516
3001013,3.14444333077411
3001004,0.878371817294772
3000995,857.178272427776
3001009,48.1681602251774
3001010,2.45624379451518
3001005,194.06934184102
3000994,898.573077089117
3001008,4.48677018111042
3001006,6.64026183369922
3001007,4.07968597644281
3000993,7.0301536650397
3000992,332.916021911985
3001014,5.01102941434171
3000987,3.83052335539446
3000988,0
3000989,2.39023737929064
3000990,1761.06429205614
3000991,0
3001015,188.755652154656
3001016,53.9226356950139
3001017,1278.16560160804
3001018,2.13890864713766
3001019,8.97610339334352
3001032,3468.85049247055
3001036,10.1705847189078
3001034,1.01371078274236
3001040,3.37995269643339
3001041,3.6691723396564
3001038,159.74086039194
3001035,12.6882717223747
3001031,59.0567855160574
3001045,172.755220247988
3001033,8.5426193297689
3001047,4.15155540860505
3001048,155.367097105564
3001049,44.6740163259016
3001037,0.727716596198708
3001051,1.77205061641071
3001039,5.50134765749906
3001042,40.1669398288572
3001030,87.7412640522565
3001044,162.986120281913
3001046,2.60511955478957
3001050,1245.9224734038
3001043,2.03495756396626
3001029,163.741066055943
3001028,674.150154359191
3001027,744.453007507694
3001026,5.8243666237298
3001025,274.02726919148
3001024,0
3001052,7.43655395120621
3001020,3.17352556509886
3001021,0
3001022,1.98027233515004
3001023,1412.32646204899
3001850,422.56321953823
3001851,8.98145326761078
3001852,1178.24172946002
3001853,1305.33673065174
3001854,252.496593668833
3001855,135.301246236074
3001856,91.0684016845279
3001857,5671.61437827361
3001860,19.565924826394
3001849,0
3001858,13.1731295864364
3001859,1.56319074849777
3001845,4.89372894906312
3001846,0
3001847,3.05367511770799
3001848,2279.32686054052
3001877,11.4675236123878
3001862,0
3001861,15.6835304606307
3001864,8.4833424965729
3001865,5.07819450314121
3001863,249.553422224224
3001866,5.73212459132289
3001867,61.9393517410127
3001872,6.40189797434235
3001873,239.583531073181
3001875,1210.67648837673
3001876,2.73258721974849
3001868,3.13800236885327
3001869,251.332431000673
3001871,4.01721956213293
3001874,68.889480320973
3001870,264.669739115761
3001912,0
3001913,4.69974853385384
3001914,3140.77477401247
3001915,0
3001924,20.2740612781983
3001925,2.40582352254306
3001926,30.1128715307994
3001927,24.1376853944192
3001928,1.72707811210565
3001916,633.642476006302
3001917,13.8228757805817
3001918,1666.3406417962
3001937,6.18268840644516
3001938,9.91711477730371
3001939,368.730236680136
3001929,371.784533745642
3001930,13.0562600550558
3001931,8.02158745925953
3001919,1068.97788491335
3001923,6642.27532117645
3001932,8.82200728810911
3001920,391.139894813658
3001921,208.234933028457
3001922,140.15852073305
3001936,402.074452675631
3001933,95.3275532962308
3001934,4.8295321092695
3001935,386.812342038506
3001911,7.5316772632644
3001943,17.6490540764224
3001942,4.20557927238833
3001940,106.024125572158
3001941,3135.19041647368
3002017,1222.3469044967
3002022,6238.64070610695
3002019,265.378173868673
3002016,9.43965869880795
3002018,1260.69442563087
3002020,142.203889274555
3002021,95.7144244404195
3002023,13.8451811289342
3002012,3.20946399533777
3002013,2490.95044581652
3002015,449.936236224324
3002011,0
3002014,0
3002010,5.14339157229959
3002032,64.6772480858145
3002033,3.29809335699027
3002034,264.154619291269
3002024,1.6429398124429
3002025,20.5641166284022
3002026,16.4836547415556
3002027,1.1794237453368
3002028,258.894966572042
3002029,8.91613588655282
3002030,5.47795184157126
3002035,276.368897904743
3002036,4.2221654396914
3002037,6.72850262666429
3002038,251.806327528518
3002039,72.404004429143
3002040,1349.15233315977
3002041,2.87199520507131
3002042,12.0525605151045
3002031,5.98550087837466
3002050,1352.59320082658
3002056,16.0341139910221
3002057,1.90268975087984
3002058,23.8153179126995
3002048,501.127798245534
3002049,10.9320753700159
3002051,829.083995499138
3002053,164.68642406056
3002055,5426.8158721297
3002059,19.0897321352054
3002060,1.36589146796553
3002052,307.334649573282
3002054,110.846942179434
3002047,0
3002062,10.3257832333925
3002061,294.032631764166
3002046,2451.83593256691
3002045,3.71688250750164
3002063,6.3440198757331
3002064,6.97704660877595
3002043,5.95656539287637
3002044,0
3002067,305.9176501577
3002068,317.987970866575
3002069,4.88969276158379
3002070,7.84313249424431
3002071,293.520044395723
3002072,83.8511283898763
3002066,3.81952423348945
3002073,2463.4476328514
3002065,74.4171541586819
3002074,3.30449603599728
3002075,13.9580787989124
3002455,36.727432294791
3002454,46.1181540810563
3002468,0
3002456,0
3002453,0
3002467,0
3002457,569.391610318473
3002448,595.150851037348
3002451,10373.1586120825
3002452,0
3002466,0
3002446,2552.01681418137
3002447,1554.13972980479
3002461,145.995070134348
3002449,318.913814534176
3002450,214.654130487971
3002464,615.780914204261
3002465,0
3002469,4832.90733160178
3002458,0
3002459,12.2851387999456
3002460,13.3363675536541
3002462,0
3002463,0
3002445,0
3002444,970.429582275872
3002470,6.31642243298476
3002443,0
3002439,0
3002440,0
3002441,7.19771034804186
3002442,4747.95876057965
3002471,0
3002482,137.360698687952
3002483,92.4545754882085
3002484,4615.55764213477
3002480,691.517576766878
3002481,256.339904380213
3002495,3.18576664931863
3002496,255.158021715171
3002497,263.506045072952
3002485,13.3736409252481
3002486,1.58698444670311
3002487,19.8637424221511
3002493,5.81937462317752
3002494,62.4744655832078
3002498,4.07836661662887
3002499,6.49934278617302
3002500,243.230288987275
3002488,15.9222532082755
3002479,1106.36261149504
3002501,69.9380634870738
3002489,0
3002491,0
3002492,5.29138335228233
3002502,2095.18524595602
3002490,248.456191268486
3002504,11.642073516971
3002503,2.77418057979679
3002478,9.11816210413644
3002477,417.977771341061
3002476,0
3002472,4.9682175614251
3002474,3.10015583302549
3002475,2045.01311317423
3002473,0
3001818,4.49766047854234
3001815,1141.42311192587
3001816,0
3001817,211.607836234757
3001819,571.150356325913
3001820,500.663349043988
3001814,1.5291950514014
3001813,0
3001812,2.45064252199297
3001844,5.7426149423041
3001821,126.443228781947
3001832,2.6100485501986
3001831,4.24822054247848
3001833,2.87048759975699
3001834,30.8164004502812
3001829,0
3001830,123.354211883917
3001822,68.1972167566819
3001826,0.782802185844
3001827,9.79806766185092
3001828,7.85387320013949
3001842,781.331571990738
3001843,1.36840321674379
3001835,1.57142377914059
3001823,45.6045072992378
3001824,2713.77068240412
3001825,6.59673468805933
3001839,3.20589136845995
3001840,119.976728365711
3001841,34.4979240881118
3001836,125.860248693183
3001837,132.539199394369
3001838,2.01171114739195
3001362,3575.8771090246
3001363,8.86365527911835
3001364,0
3001365,13.1651033826362
3001366,10.5528004298778
3001361,61.2761693457461
3001375,175.783692085875
3001367,0
3001360,91.0386250740662
3001374,169.111221007536
3001359,169.894538025082
3001373,0
3001368,166.825572100542
3001357,787.650390998408
3001358,771.170567705012
3001372,41.6764337162277
3001369,0
3001370,3.50697302600309
3001371,3.78237961160989
3001356,0
3001376,0
3001354,0
3001355,282.482004132859
3001377,0
3001350,3.29278825880523
3001351,0
3001352,2.05469196975438
3001353,1504.02862117719
3001382,7.71602340494792
3001378,161.205871091798
3001379,46.6553661556058
3001380,990.138643367452
3001381,1.81488171650773
3001752,9.07033067372469
3001756,136.640141340368
3001757,91.9695836068176
3001760,1.57865955235926
3001761,19.7595425622965
3001762,15.8387293426509
3001750,0
3001751,423.978074574629
3001765,8.56729076795014
3001753,1151.8260706888
3001754,1187.96120910665
3001755,254.995214062352
3001769,3.16905497277081
3001770,253.819531236467
3001758,5580.6398941242
3001759,13.3034863954249
3001773,6.46524897881925
3001774,241.954368192179
3001775,70.0251769026838
3001763,1.13327861906687
3001764,250.388994039183
3001778,11.5810023248913
3001766,5.26362617581343
3001767,5.71403013745303
3001768,62.5522824945435
3001771,260.424352991089
3001772,4.05697260029214
3001776,1429.22242326161
3001777,2.75962797326965
3001748,3.08389324783568
3001749,2301.8823037427
3001746,4.94215562593353
3001747,0
3000888,5.98900023657726
3000889,0
3000890,3.73712177211705
3000891,2449.2043465042
3000892,0
3000893,503.85655227377
3000894,10.991602989133
3000895,1368.83284207223
3000896,850.024314885088
3000897,309.008156143814
3000898,165.583178829751
3000899,111.450528811525
3000900,5527.80995184457
3000901,16.1214233625944
3000902,1.91305032624679
3000903,23.9449976968095
3000904,19.1936800376053
3000905,1.37332905545996
3000906,293.717042876079
3000907,10.3820094549102
3000908,6.37856449658975
3000909,7.01503820314679
3000910,75.3106289191056
3000911,3.84032240548185
3000912,307.583440846421
3000913,321.805830193497
3000914,4.91631824288163
3000915,7.83471436239231
3000916,293.205005674047
3000917,84.307716719574
3000918,2542.14870931369
3000919,3.3441708104154
3000920,14.0340836900446
3000930,152.362898321332
3000929,623.237317787944
3000928,697.242258362037
3000927,5.41963846366014
3000925,0
3000924,1402.5059460497
3000926,253.332316468859
3000921,2.95300112941799
3000922,0
3000923,1.84266561661403
3000932,54.9530012446208
3000933,3356.2630814972
3000934,7.94900309183728
3000935,0.943269252109564
3000936,11.8065791366541
3000937,9.46384314406512
3000938,0.677148454105508
3000939,149.610623006611
3000945,151.66041281188
3000946,159.708485424236
3000947,2.42409296215102
3000948,3.86306886740651
3000949,144.570826298931
3000950,41.5696732104049
3000951,1058.43800902596
3000952,1.64891297212023
3000940,5.11906569292429
3000931,81.6442302190196
3000953,6.91979685255999
3000941,3.14508389020533
3000944,1.89355083532243
3000942,3.45891048898034
3000943,37.375787983036
3001165,15.3540490572389
3001167,22.8052238963794
3001168,18.2800673524967
3001160,1492.04567334882
3001161,294.299472311329
3001163,106.145521294218
3001164,6275.41212134323
3001166,1.82198977705112
3001169,1.3079590564062
3001170,290.869034733995
3001171,9.88782931247062
3001159,1346.77162859127
3001162,157.701475460565
3001156,0
3001157,489.328884378104
3001158,10.4684064004186
3001155,2555.00507112481
3001152,5.70392584873005
3001153,0
3001154,3.55923603836967
3001176,292.942572980744
3001177,302.52679622128
3001178,4.68230315552332
3001179,7.46178460574011
3001180,279.248546464749
3001181,80.2946978875086
3001175,3.65752435645317
3001182,1448.30913313527
3001183,3.18498940968456
3001174,71.7258684266311
3001184,13.3660660478843
3001172,6.07494698158219
3001173,6.68112475474296
3001199,1.63490660517519
3001198,13.7774846687076
3001200,20.4635677160792
3001211,4.20152102542939
3001194,264.080598717796
3001195,141.508578765816
3001196,95.2464256712519
3001197,5855.15055373748
3001201,16.4030573793969
3001191,9.39350318276916
3001192,1240.33835214929
3001193,1544.80880707681
3001207,64.3610065927035
3001208,3.28196722301731
3001209,262.86302675001
3001210,280.436709211963
3001202,1.17365691484733
3001190,444.833478815205
3001204,8.87254015221045
3001205,5.41582601774134
3001206,6.03422353168071
3001203,261.00240084618
3001189,0
3001187,3.19377121749068
3001188,2383.89751425542
3001212,6.69560339579048
3001213,252.210250836732
3001185,5.11824279311343
3001186,0
3001217,11.9936291312576
3001216,2.85795249177197
3001215,1133.67214443999
3001214,72.5201479164175
3001251,8.4129411914946
3001253,5.24965510975551
3001254,3508.2694791471
3001252,0
3001258,1885.68670263043
3001259,1163.39092166133
3001257,15.440258122394
3001271,8.9601746328588
3001272,9.9185540351207
3001260,434.073692208736
3001267,26.9619794667133
3001255,0
3001256,707.783499045412
3001270,14.5839424851346
3001273,106.481607187541
3001261,232.600015155711
3001262,156.558141194563
3001265,2.68732330194093
3001266,33.6363081476284
3001280,118.429760349503
3001268,1.92915947967277
3001269,415.28617185512
3001283,19.7141285852303
3001274,5.39462435756427
3001275,434.891855182636
3001263,7815.76380847845
3001264,22.6462817356985
3001278,11.0056751676861
3001279,411.874498638746
3001281,3547.88614660809
3001282,4.69766425963884
3001276,457.970001708412
3001277,6.90611030592863
3001290,0
3001289,504.74711497581
3001291,1380.20040835107
3001292,1642.49143519597
3001293,301.604402140903
3001294,161.615849493289
3001295,108.780203506484
3001287,2704.97939121686
3001288,0
3001296,6473.14365584171
3001286,3.64758131912396
3001285,0
3001297,15.7351583065424
3001284,5.84550536890667
3001298,0
3001299,23.371281861086
3001300,18.7338045211064
3001301,0
3001302,294.236185560953
3001303,0
3001304,6.06584744301117
3001305,6.84695973614041
3001306,73.5062060932497
3001307,0
3001308,300.213822646648
3001309,316.145090398703
3001310,0
3001311,0
3001312,286.179890992535
3001313,82.2877260405957
3001314,1493.94380728663
3001315,3.24288378384195
3001316,13.697830742569
3001614,19.1796416417541
3001615,0
3001616,11.9680503472088
3001617,7894.70633651537
3001646,44.9438446005594
3001620,35.2003670182663
3001621,4298.94782120156
3001618,0
3001619,1613.58953576926
3001633,33.2481571215099
3001634,20.4272126232749
3001622,2584.15824387284
3001630,61.4673385149416
3001631,4.39805611946079
3001632,959.157012205757
3001635,22.612105287306
3001623,989.591829203977
3001628,6.12650162809539
3001629,76.6833289023046
3001643,269.993610025314
3001644,8035.9552512057
3001645,10.5712175241478
3001636,241.180634066742
3001624,530.276491301679
3001625,356.917869252026
3001627,51.6285040299605
3001641,25.0905005677654
3001642,938.982587118845
3001637,12.2985481075946
3001638,985.029209774003
3001626,17248.0523007932
3001640,15.7444011304927
3001639,1030.57609910295
3001977,7.09526686567734
3001978,0
3001979,4.4274294932834
3001980,2920.54717861806
3001981,0
3001982,596.927126262
3001983,13.0219324442782
3001984,1600.71944427025
3001985,994.022357674599
3001986,366.08703371237
3001987,196.16910934298
3001988,132.037270496178
3001989,6422.33724203544
3001990,19.0993148261328
3001991,2.26642211654836
3001992,28.3680317324531
3001993,22.7390677277822
3001994,1.62700546968852
3001995,357.143501945734
3001996,12.299736980253
3001997,7.55679003764809
3001998,8.31083088296786
3001999,89.8039582216088
3002000,4.54969297725493
3002001,364.399150118564
3002002,383.736502336331
3002003,5.82444290397601
3002004,9.28191468052072
3002005,347.364782005542
3002006,99.8807355705116
3002007,2953.5270700053
3002008,3.96189404024239
3002009,16.626409260759
3002226,703.753643223392
3002225,3.2691986976448
3002238,6012.33070261802
3002144,14.4306497966647
3002147,1958.30507281487
3002142,23.1261302992622
3002143,0
3002145,9643.79700902994
3002148,42.4433516251989
3002149,5149.912538115
3002150,3136.21902333421
3002151,1193.21466024864
3002152,639.388548625491
3002153,430.358882852541
3002154,20262.9810861185
3002155,62.2518154225353
3002156,7.3871179439314
3002157,92.4620328731901
3002158,74.1151323990739
3002159,5.30301977387808
3002160,1141.57010053901
3002161,41.684909202082
3002162,24.6304070534961
3002163,27.2648729826345
3002164,294.614768213838
3002165,14.8291522511453
3002166,1187.71321588308
3002167,1250.7408842565
3002168,18.9840393698995
3002169,30.2532339363764
3002170,1132.19183465738
3002171,325.548700129025
3002172,9752.69830678911
3002173,12.9132955167246
3002174,54.1916906372015
3002146,0
3002185,521.502108831182
3002183,2591.47605581211
3002184,973.217244734279
3002182,4227.81396363352
3002181,34.6179133579843
3002180,1586.88978201914
3002178,7917.06254338596
3002179,0
3002176,0
3002177,11.7700173344407
3002175,18.862279823585
3002186,351.012018348312
3002207,44.2001675025009
3002195,20.0892074895326
3002196,22.2379471575218
3002194,34.6692523304332
3002197,235.65210701701
3002193,931.094584176582
3002198,12.0950464123508
3002191,60.4502503610811
3002192,4.32528233606313
3002206,10.5324232947384
3002199,968.730122084952
3002190,75.4144647004463
3002204,265.52607801548
3002205,8006.4649213713
3002187,16852.6792474421
3002188,50.7742171660897
3002189,6.02512759139413
3002203,923.445423982887
3002200,1020.1371453138
3002201,15.4838815721982
3002202,24.8363528379649
3002215,3216.38127221839
3002214,26.1654219243669
3002216,1896.0511737375
3002217,735.591413879052
3002218,394.169416593903
3002219,265.307081499437
3002220,12820.9619402436
3002224,45.6903999318171
3002221,38.3769177908511
3002222,4.55400081301004
3002223,57.0008731514817
3002213,1199.42644331625
3002208,14.2567665744574
3002209,0
3002210,8.89618812168302
3002211,5792.51183674779
3002212,0
3002227,25.365727931883
3002233,766.056173340574
3002234,11.7032557732152
3002232,732.199890648523
3002235,18.7721785639606
3002236,697.972142132745
3002237,200.693837070772
3002231,9.14185639386513
3002228,15.1841211413899
3002229,16.6992416467698
3002230,179.276342404837
3002239,7.96077153879929
3002240,33.4080226000648
3002255,5.64844978956566
3002251,488.898937359093
3002252,329.067514521428
3002253,15493.7869031703
3002254,47.5999241371751
3002256,70.6997172766724
3002264,11.3388905589669
3002257,56.67103289546
3002258,4.05487514253534
3002248,3912.2742625566
3002249,2367.0695770357
3002250,912.37383073394
3002259,878.580632039818
3002260,32.9273743226595
3002261,18.8332741664871
3002262,20.8476793290965
3002263,223.812300989865
3002247,32.4536771140583
3002246,1487.68090290946
3002245,0
3002241,17.6830513352839
3002242,0
3002243,11.0341815882645
3002244,7326.1785617738
3002265,908.167233180628
3002266,956.360401729277
3002267,14.5158631550084
3002268,23.1326850550679
3002269,871.362886268594
3002270,248.925968245546
3002271,7505.91824227584
3002272,9.87395922166958
3002273,41.4368696830368
3002280,21.853253435119
3002289,47.6068962542647
3002290,38.1604352549
3002293,21.7437722887388
3002281,2651.58946112321
3002283,614.362942002717
3002284,329.208685497166
3002285,221.583389975442
3002287,32.052244866007
3002288,3.80348286368611
3002302,586.747502314172
3002303,167.618672347481
3002291,2.73042138880477
3002292,587.77216609402
3002294,12.681715909321
3002282,1583.57418983768
3002296,150.707943455503
3002297,7.63524109108864
3002298,611.530355664072
3002286,10919.0127209097
3002300,9.77451138251729
3002301,15.7807571685357
3002304,4988.91862709114
3002305,6.64880384804544
3002279,1008.29306406836
3002295,13.9471383620726
3002299,635.658965151865
3002278,0
3002306,27.9022439139614
3002277,4933.21099666778
3002274,11.9071931657563
3002275,0
3002276,7.43005995437768
3002339,36.2524974810984
3002338,8.63857923028829
3002307,15.4706371136173
3002337,6524.24138541404
3002336,217.781606232092
3002309,9.65364042444302
3002322,61.8541251328204
3002310,6409.56404015017
3002316,798.222217399849
3002318,287.89624632729
3002319,13912.5830944283
3002320,41.6444616372611
3002308,0
3002335,757.399910418378
3002323,49.5806390060143
3002311,0
3002312,1301.54976951557
3002313,28.3932366713362
3002329,195.810034395419
3002317,427.730367440807
3002331,794.541928121919
3002332,842.165366913117
3002333,12.6997115488755
3002321,4.94174423248404
3002326,26.993555327272
3002314,3467.60710937362
3002324,3.54754961017503
3002325,758.722592239784
3002330,9.92022574513334
3002315,2098.02962237805
3002328,18.1210729824698
3002334,20.2384401405012
3002327,16.4769498638289
3002579,1416.36005166978
3002590,17.1869550018035
3002589,492.602109788908
3002587,31.7742838280039
3002573,6.18663891731077
3002575,0
3002606,7.9674508579459
3002607,5359.27900200578
3002549,178.388472772801
3002548,265.033559762262
3002547,494.600551802263
3002546,1299.99715155244
3002545,2162.64616746498
3002544,17.5932343387286
3002543,806.476216983121
3002541,3945.79461463244
3002542,0
3002540,5.98166247036242
3002539,0
3002538,9.58603442291146
3002550,8620.62108207664
3002551,25.8040596419277
3002558,10.2095736212585
3002559,11.2283177553914
3002560,121.329310246298
3002561,6.14684610449543
3002562,492.32014282845
3002555,2.19815980624295
3002556,470.125492133052
3002557,16.6175147908558
3002563,515.084595737377
3002553,38.5766271786646
3002554,30.5223595792925
3002568,3964.4815846049
3002569,5.3527024943079
3002570,22.4630495963502
3002564,7.86909234406454
3002552,3.06204133507336
3002566,469.305921912547
3002567,134.943503534203
3002565,12.5402969785978
3002578,2222.25317596001
3002580,511.549262009407
3002581,274.115589661359
3002582,184.501394641376
3002583,9151.04357335571
3002584,26.6882995147812
3002588,2.2734851842864
3002585,3.1669697486009
3002586,39.6398789387264
3002576,834.112117591791
3002577,18.1961099912667
3002571,9.91452358224945
3002572,0
3002574,4134.44236589398
3002591,10.5594298921718
3002657,9.14823633785168
3002646,448.9872079244
3002647,240.59147845734
3002650,23.424342430527
3002664,11.3837983124904
3002665,426.025314314939
3002666,123.298034347658
3002667,1952.69560167663
3002668,4.85906240705144
3002669,20.3914489844013
3002659,108.716509231151
3002660,5.5799680367153
3002648,161.937025796483
3002649,9762.50203600711
3002663,7.14338426753984
3002603,23.2328015033991
3002601,4154.02275663653
3002602,5.53612607333648
3002600,139.567676166853
3002592,11.6130838116694
3002593,125.486958901367
3002598,12.9700212452354
3002599,485.387849116244
3002594,6.35748297688342
3002595,509.190709186562
3002596,532.735242331898
3002597,8.13874624001516
3002608,0
3002609,1074.20966307479
3002610,23.4338247469944
3002621,2.92790345843293
3002622,634.396665899105
3002623,22.1341864629334
3002611,2880.60002512283
3002624,13.5989411824886
3002612,1720.34318204673
3002618,4.07857581116875
3002619,51.0501407437099
3002620,40.6551525134506
3002625,14.9558873267656
3002613,658.79771891554
3002614,353.019227275849
3002615,237.609761079548
3002616,11482.4892204686
3002617,34.3704744544217
3002626,162.662715875165
3002627,8.18747204670615
3002628,655.760261264779
3002604,12.768399849632
3002605,0
3002629,686.082042334602
3002630,10.4814684644307
3002631,16.7034165528521
3002636,29.9203180830225
3002635,7.083465706529
3002632,625.10579436868
3002634,5280.60758343947
3002633,179.741959419296
3002654,1.99543981578742
3002638,0
3002639,5.43001806513938
3002640,4106.1485137168
3002641,0
3002642,736.878246806084
3002643,15.9707407024152
3002644,2081.55573443289
3002645,2509.56591084235
3002651,2.7796519526192
3002652,34.7919543413059
3002653,27.8883150445646
3002655,440.876726812459
3002656,15.085004538312
3002658,10.1928132112086
3002662,470.63338740927
3002661,446.917104172297
3002637,8.7019855010815
3001067,1.24059688726605
3001066,10.4546061164899
3001079,3.18819062167286
3001070,0
3001080,5.0807457165393
3001068,15.5281276193789
3001065,4190.37222673061
3001078,207.335371761317
3001081,190.140955718444
3001069,12.4469384747183
3001083,1330.10778194227
3001071,195.493643300634
3001063,107.379285020078
3001064,72.2747212818987
3001062,200.389164567321
3001082,54.6728381892648
3001084,2.16866636542007
3001072,6.73264494750501
3001073,4.13644489699333
3001075,48.8383031712454
3001076,2.49041646054649
3001077,199.465248798386
3001085,9.10098406854692
3001074,4.51969920151769
3001061,863.469221080389
3001053,3.88381578330463
3001060,923.003845541419
3001054,0
3001059,7.12796117660701
3001057,0
3001058,333.185124557266
3001056,1785.5652239451
3001055,2.4234917263878
3001455,8.20631967099179
3001453,0
3001454,376.178792153456
3001452,1852.51621976111
3001451,2.79013133404985
3001450,0
3001449,4.47138151728999
3001456,1008.76083634008
3001481,10.4778326840791
3001467,222.16014222122
3001468,7.75119775509406
3001469,4.76222979967578
3001457,630.512855220746
3001465,14.3299820969742
3001466,1.02532608334816
3001480,2.48056749565562
3001470,5.23742042504244
3001458,230.705176739641
3001459,123.624233786407
3001463,1.42828143805754
3001464,17.8773110542161
3001478,62.9440560049577
3001479,1861.28958947574
3001471,56.2268393558828
3001472,2.86718082250733
3001460,83.2088520512147
3001461,4100.30063237233
3001462,12.0362383717501
3001476,5.84938981623223
3001477,218.906560587665
3001473,229.641485740055
3001474,240.259907237157
3001475,3.67051822607704
3001125,6.69614326359308
3001126,867.087492406167
3001127,780.112920475632
3001128,188.249419598164
3001129,100.874157170831
3001130,67.8962575761706
3001131,4173.83442309906
3001132,9.82125724115917
3001133,1.16544047921644
3001123,0
3001124,313.00048808565
3001119,3.64853094034264
3001120,0
3001121,2.27667454913804
3001122,1634.31561032771
3001143,187.381475427454
3001142,2.33954492633302
3001144,197.325136350501
3001134,14.5874205229906
3001135,11.6928924210999
3001136,0
3001137,183.650473147769
3001138,6.32477562579256
3001139,3.8858555687884
3001140,4.27359875118224
3001141,45.8796374843782
3001145,2.99504733898222
3001146,4.77294984651258
3001147,179.787661673165
3001148,51.6958679309394
3001149,1155.7093902634
3001150,2.0372867239298
3001151,8.54963876103451
3001325,1524.51118983471
3001328,102.288537774486
3001329,6329.08823706046
3001327,151.971116002412
3001332,21.9765561234986
3001333,17.6158290722706
3001331,0
3001326,283.605585270872
3001330,14.7961327791627
3001334,0
3001324,1314.82773210141
3001323,0
3001322,474.625369989204
3001335,278.482549019542
3001320,2662.04054677131
3001321,0
3001317,5.49666370777408
3001318,0
3001319,3.42990495990826
3001336,0
3001342,295.351203523346
3001343,0
3001344,7.23757046097976
3001341,282.297991255219
3001345,269.101561189333
3001346,77.377049335804
3001340,0
3001347,1333.56123748777
3001337,5.85420313760724
3001338,6.438354379148
3001339,69.1195833089275
3001348,3.0692572382854
3001349,12.8803866160838
3002340,6.68710500466786
3002341,0
3002342,4.17273747173189
3002343,2734.69460611052
3002344,0
3002345,562.588335155954
3002346,12.2728336040207
3002347,1518.48123305156
3002359,11.5921831093659
3002360,7.12207862461515
3002348,930.766535732613
3002355,26.7361341809874
3002356,21.4309815941528
3002357,1.53341045868292
3002358,330.094098481196
3002372,15.6699595212003
3002361,7.78196104974518
3002349,345.027534781568
3002350,184.884297896447
3002368,327.382298110766
3002369,94.1350028614763
3002370,2820.07049222697
3002371,3.68572275392606
3002362,84.0891740951825
3002363,4.2879676344632
3002351,124.441703046977
3002354,2.13604406503372
3002364,343.436748269783
3002352,6172.15630883966
3002367,8.74796385929661
3002365,356.987426671938
3002353,18.0006088815895
3002366,5.489386379671
3003172,925.847436196765
3003177,3304.23486554286
3003178,12.1790664448982
3003179,1.44523014573598
3003171,8.30369999780518
3003185,4.34246936443227
3003173,518.111886297997
3003175,124.280225415787
3003176,83.6503861158889
3003190,227.801469756898
3003191,3.71407444601
3003192,5.91880162503333
3003180,17.8556562212586
3003182,1.03749311961896
3003183,212.014791822064
3003184,7.84317737578254
3003186,5.16346759802795
3003174,217.324033108344
3003188,2.90120423576965
3003189,232.366527394273
3003193,221.504216207513
3003181,14.0360486883585
3003195,375.307025465238
3003196,2.30649153161696
3003197,10.6021679295946
3003187,55.0735269207578
3003194,63.6909819096833
3003168,1756.45584177104
3003169,0
3003170,375.723125812946
3003166,0
3003167,2.80493670629726
3003165,4.52444118482893
3004155,10.6224347901575
3004156,0
3004157,6.62837381183314
3004166,196.393484938433
3004167,8172.00151610302
3004168,28.5938823892166
3004169,3.39309593222854
3004170,42.194878702387
3004158,4232.48632649073
3004159,0
3004160,887.875053311341
3004161,19.4953383501772
3004162,2159.60216744384
3004163,1256.62785994432
3004164,516.911844120221
3004165,291.783788595142
3004180,548.92732454258
3004181,8.71986439802141
3004182,13.8960993699318
3004171,32.7400390006418
3004172,2.43581528816055
3004173,504.283651715922
3004174,18.7769722481125
3004175,10.19520328977
3004176,12.0441396500852
3004177,132.709256959568
3004178,6.81141638236526
3004179,545.547656346502
3004183,520.045237917756
3004184,149.533008479652
3004185,869.753570423502
3004186,5.89295866686772
3004187,24.8916568622995
3003465,2372.38245361946
3003466,0
3003467,439.814747473171
3003468,10.041475029732
3003469,1250.50921299966
3003464,3.36995520337785
3003478,16.9734735669049
3003479,1.25461676805836
3003480,268.327773006612
3003481,9.48457552578924
3003482,5.25124916625701
3003470,626.540887826368
3003477,21.592437844893
3003471,259.408389740697
3003472,151.269961006275
3003463,0
3003473,101.156504164668
3003474,5017.23891647824
3003476,1.74768385472255
3003475,14.7278672909928
3003462,5.47130353853815
3003483,6.2035818706289
3003488,4.49134552284316
3003489,7.15747181851688
3003490,267.859996943049
3003491,77.020051860525
3003492,442.194519125128
3003487,273.689151923068
3003493,2.78918760638531
3003494,12.8209598798354
3003484,65.7384033027418
3003485,3.50836011625346
3003486,322.121888322541
3002738,4.74272338846744
3002739,3360.57174498704
3002740,0
3002737,0
3002751,30.5865255478643
3002741,627.080153904008
3002742,14.0402997693289
3002750,2.44366541266755
3002743,1748.50051041669
3002744,870.369142790809
3002745,374.702755699173
3002749,20.5929578190618
3002746,211.510320180469
3002747,141.440140804416
3002748,7107.11349042492
3002736,7.65014518112246
3002758,91.321538374843
3002757,8.67403930690537
3002759,4.90549720883695
3002760,447.480694813239
3002752,23.8877033108941
3002756,7.34245837781612
3002761,392.767597993534
3002762,6.2799376905919
3002763,10.0077976218583
3002755,13.2616257245701
3002764,376.974112612315
3002765,107.69180953686
3002753,1.75424382045555
3002754,377.632439605802
3002768,17.9266611240313
3002766,618.290000870197
3002767,4.00272538686967
3003664,0
3003677,1.81825092934715
3003665,662.767677284194
3003666,14.5525883039825
3003667,1622.58710873833
3003668,925.905256469465
3003669,385.856614633495
3003670,217.806394171289
3003671,146.600868400287
3003672,6139.91989474314
3003675,31.4970013478496
3003676,24.7592941406076
3003678,381.358961206169
3003679,13.7455027728653
3003680,7.61036271781767
3003681,8.99052905136002
3003682,98.4205717274615
3003683,5.08448412636358
3003673,21.3443332425662
3003674,2.53282745293778
3003660,7.92927609207959
3003661,0
3003662,4.94784924867076
3003663,3138.91987360607
3003692,18.5807513578112
3003691,4.04222475464136
3003690,657.741564679779
3003684,407.232247033095
3003685,412.428925041896
3003688,388.195583524967
3003689,111.621161488614
3003686,6.50907382942681
3003687,10.3729522170622
3003758,16.0990162553941
3003757,3.59464267345966
3003730,0
3003743,1.57539653290928
3003731,574.245217788916
3003727,0
3003728,4.25919698026872
3003729,2959.63872201953
3003756,551.654738244605
3003744,339.132353856353
3003732,12.6088741597298
3003733,1539.89565133361
3003735,332.152263593158
3003736,189.946586216454
3003737,127.020146708918
3003738,6382.53464042451
3003726,6.8702035908915
3003740,2.19453075668071
3003741,27.1131811593332
3003742,21.3132424892677
3003745,11.9095868793215
3003746,6.59388583078398
3003734,823.382851897124
3003748,84.1729116156646
3003749,4.40537581200714
3003750,399.25414484996
3003751,350.437668662174
3003739,18.4934807648758
3003753,8.98749050256821
3003754,338.541144099211
3003755,96.7124987922363
3003747,7.78971046731059
3003752,5.63969041776394
3003868,185.348726594348
3003869,124.754300161867
3003870,4107.37235257989
3003866,714.683123096234
3003867,309.686111048654
3003881,0
3003882,346.546200826316
3003883,322.511862822889
3003871,18.1635851489458
3003864,0
3003865,1310.77636003081
3003879,7.65075386064462
3003880,80.0260282050154
3003872,0
3003861,2438.66422320785
3003862,0
3003863,525.058263778443
3003877,0
3003878,0
3003873,0
3003874,0
3003875,0
3003876,0
3003860,4.15609857661615
3003884,0
3003885,0
3003859,0
3003886,330.346394786362
3003858,6.74764959070101
3003887,94.9872946642071
3003888,541.814055359232
3003889,0
3003890,15.8118342505047
3003312,28.2335074443206
3003300,2869.13019085714
3003301,0
3003302,590.244765837215
3003303,13.1298773228124
3003304,1473.51053980898
3003305,840.836924516895
3003306,348.133947618587
3003307,196.51289350435
3003313,22.4845129595441
3003314,1.64049247774601
3003315,339.629010997376
3003316,12.4016952433616
3003317,6.86634753762024
3003318,8.11158407327677
3003319,87.6509662494154
3003308,132.268664330096
3003310,19.2576379650229
3003311,2.28520954776297
3003309,5224.68278499999
3003297,7.154082845814
3003298,0
3003299,4.43518851375542
3003320,4.58740750679187
3003321,367.419824827625
3003322,362.552029143848
3003323,5.87272443089144
3003324,9.35885680543507
3003325,350.24425088323
3003326,100.708693626292
3003327,589.591090203686
3003329,16.7642333307113
3003328,3.64704298857628
3004293,5.93992356993558
3004292,261.865287146688
3004289,1.99345975396061
3004290,1421.73170405621
3004291,0
3004288,0
3004294,697.665162467042
3004287,3.23648913636766
3004301,1.03382306789837
3004302,12.856117192375
3004303,9.97537595128503
3004314,4.23392334593027
3004315,158.449620655717
3004316,45.5603604101382
3004304,0
3004295,349.550203831841
3004296,154.451511364683
3004297,89.4820735144914
3004298,59.8380120013143
3004299,2745.05166580709
3004300,8.71210711550077
3004317,259.879426240224
3004305,159.762103775509
3004306,5.61049582353773
3004307,3.10631840460665
3004308,3.66966029017324
3004309,38.6347134425487
3004310,2.07533165044499
3004311,177.390671326133
3004312,162.95426374178
3004313,2.65680580321801
3004318,0
3004319,7.58409711261963
3003901,128.967938047151
3003902,86.2428050843096
3003903,4113.81769453896
3003899,551.826409224651
3003900,225.521255246399
3003914,2.99111579794286
3003915,271.081385792325
3003916,236.393889215826
3003904,12.5565093275368
3003898,1025.33824146309
3003912,5.28897579558777
3003913,57.1508394371814
3003917,3.82917776460824
3003905,1.49001944340102
3003906,18.4090229662424
3003897,8.56104094244306
3003911,4.4770473439594
3003918,6.10223190330842
3003919,228.368879460663
3003907,14.3772223547549
3003908,0
3003910,8.08624620960117
3003920,65.6648366315403
3003921,374.556739989382
3003909,222.892515947587
3003923,10.930740964619
3003922,0
3003896,382.360701691934
3003895,0
3003891,4.66465867447453
3003892,0
3003893,2.89186483012625
3003894,1945.20314427522
3003032,9.2030933866345
3003031,2.05489774596299
3003030,317.414413016535
3003003,1554.71499368702
3003002,2.4347939612988
3003016,12.1048445297075
3003004,0
3003005,317.766328218389
3003006,7.20793398499962
3003001,0
3003015,15.4994028367713
3003029,55.286245067397
3003017,0.900584307968909
3003018,184.037070667389
3003019,6.80818246952874
3003007,852.122006079318
3003008,438.191051878939
3003000,3.92739060754607
3003014,1.25451587681995
3003028,192.274259456007
3003020,3.76943200247893
3003021,4.4530318963734
3003009,183.800930232947
3003010,108.58403666974
3003011,72.6117828320418
3003012,3245.49739798384
3003013,10.5719025201962
3003027,5.1377496049743
3003022,46.8821628333323
3003023,2.51835791441842
3003024,219.500301817877
3003025,199.030884139043
3003026,3.22396081617714
3003200,5.80987788957526
3003207,432.915258414069
3003208,259.102003633946
3003209,174.396068037923
3003210,5741.76270740331
3003211,25.3911715054165
3003212,3.0130459227893
3003213,37.2258441570169
3003214,29.0729301479125
3003205,1832.35562196923
3003206,999.067177639011
3003220,111.869688191418
3003221,6.04849104452716
3003222,484.442578245197
3003223,450.844585709039
3003224,7.74317979700561
3003225,12.3396409607991
3003226,461.796605539813
3003227,132.784286245075
3003215,2.16298727452709
3003216,433.471451448941
3003217,16.3516196251084
3003218,9.05327061710094
3003219,10.695113427683
3003198,9.43264926009865
3003199,0
3003228,757.410692374788
3003229,4.80862160659363
3003230,22.1036206221152
3003201,3409.04843552801
3003203,733.987498426674
3003204,17.3117267836337
3003202,0
3003277,7.35093191374137
3003278,0.872299075553698
3003269,225.30536164363
3003271,551.592342026393
3003276,1905.57351372088
3003270,5.0118729208157
3003272,304.686179372093
3003273,126.150028997092
3003274,75.0119460624652
3003275,50.4889513230023
3003268,0
3003267,1074.02709298481
3003266,1.68200261198301
3003279,10.8474839557568
3003265,0
3003264,2.73082171346039
3003296,6.39916162220705
3003295,1.3921315139585
3003282,127.136356703927
3003289,137.494372135119
3003291,3.57241730746839
3003281,0.626200810858447
3003283,4.73391479861133
3003284,2.62098879087906
3003288,140.249708763462
3003290,2.24170781058699
3003292,133.693532202557
3003280,8.41682826665458
3003294,222.14712326556
3003285,3.09631442566043
3003286,33.2407864326647
3003287,1.75108288484086
3003293,38.4420327826965
3003343,15.9207263521778
3003340,163.521819344366
3003341,109.349506600562
3003342,5423.60181922599
3003356,4.85511456679108
3003344,1.88923459530178
3003334,0
3003335,487.968743350939
3003337,1351.79212221859
3003338,713.461982100582
3003339,287.810235294988
3003353,3.79251389574416
3003354,348.211613718599
3003355,301.685891217521
3003357,7.73717931758676
3003345,23.4935958727095
3003346,18.3482117651809
3003347,1.35623236185234
3003348,286.311664067438
3003336,10.8547675615166
3003350,5.67656533911124
3003351,6.70603064341955
3003352,71.0627756981578
3003358,291.444373435286
3003349,10.2527629105541
3003333,2598.10871312886
3003332,3.66667099963515
3003330,5.91444264846416
3003331,0
3003359,83.2581625753708
3003362,13.8593721538993
3003360,481.12859715421
3003361,3.01509320723606
3003372,253.905164717137
3003373,145.199730807254
3003374,97.0972496879502
3003385,63.9266385120146
3003386,0
3003387,301.25492207308
3003375,5007.56621048159
3003370,1200.32820721102
3003371,629.413620050705
3003388,269.6310489711
3003376,14.1368606945593
3003377,0
3003367,0
3003368,438.966831155826
3003369,0
3003383,0
3003384,5.95464169927772
3003389,0
3003390,0
3003378,20.8612147913298
3003380,0
3003381,255.890369959339
3003382,0
3003391,257.111188443748
3003379,16.2923542545001
3003393,427.2197011418
3003394,0
3003395,12.3064745363786
3003392,73.9293559839359
3003365,3.25583242799294
3003366,2262.41889514272
3003363,5.25174856710357
3003364,0
3003429,2.8270078011798
3003430,0
3003431,1.74124677647131
3003432,1156.10611466729
3003433,0
3003434,233.24115663599
3003435,5.18840310073331
3003436,601.520302194713
3003437,321.633158367691
3003438,131.44552778085
3003439,78.1607814000321
3003440,52.2672932326473
3003461,6.62455543612407
3003441,2366.75757424592
3003442,7.60984935913496
3003448,4.90065462707799
3003446,0.648257104693488
3003447,135.083598904351
3003449,2.7133062997477
3003444,11.2295583468312
3003445,8.77014807326517
3003459,226.999422643445
3003460,0
3003450,3.20537404294905
3003457,138.402538928469
3003458,39.7960533396311
3003452,1.81276022215477
3003454,142.337253555728
3003443,0.903023540276239
3003451,33.9668559174125
3003453,163.223254508633
3003455,2.32066613402773
3003456,3.69824640968066
3003509,0.641967339113529
3003507,1693.52821864078
3003508,5.40990851982024
3003510,7.93143441292521
3003511,6.19435351652755
3003512,0
3003506,37.1572762643207
3003520,99.233439007307
3003521,1.64978186789785
3003513,95.4095140593032
3003514,3.48391827072112
3003502,422.099221332624
3003504,92.8399452824735
3003505,55.5651836529793
3003519,116.036840353357
3003515,1.92891319855977
3003503,215.650998993788
3003517,23.9907823265605
3003518,1.28870710935349
3003516,2.27872846436107
3003500,159.466787818324
3003501,3.68848117935801
3003498,816.557476229948
3003499,0
3003497,1.23786757484677
3003496,0
3003495,2.009744591178
3003527,4.70945444549286
3003522,2.62911574407306
3003523,98.3915763871298
3003524,28.2913626613187
3003525,161.375876524926
3003526,0
3003562,0
3003561,5.46683788400552
3003564,2355.07796449545
3003563,3.38917749658035
3003570,257.51622869723
3003567,10.0332792207872
3003568,1241.38782405885
3003569,626.02950783513
3003583,65.6847478993066
3003571,151.146495111491
3003572,101.073940658889
3003580,9.47683425583622
3003581,5.24696311916127
3003582,6.19851853365555
3003584,3.50549660774129
3003585,323.959278142463
3003573,4821.26903378011
3003565,0
3003566,456.945048248574
3003593,12.8104954672513
3003586,271.692825004705
3003574,14.7158464687407
3003575,1.74625740263989
3003576,21.7156015506881
3003577,16.9596198904209
3003578,1.25359275522165
3003579,261.223239529061
3003587,4.48767970584902
3003588,7.15162992065043
3003589,267.641370759905
3003590,76.957188423819
3003591,438.969090512122
3003592,2.78691108339786
3004211,7.1716615420989
3004193,940.933670964261
3004220,26.208137664385
3004197,540.721998890452
3004200,8437.93923375582
3004196,1314.51104481268
3004198,307.215776838039
3004199,206.780429206803
3004201,30.1061681093169
3004205,2.56464174925267
3004195,2288.65805797424
3004209,12.6811353597195
3004202,3.57255146944425
3004203,44.1384723805796
3004204,34.922968227399
3004206,527.512122744456
3004208,10.7344116469552
3004207,19.3880226908044
3004194,20.5264163057407
3004210,137.027953773033
3004192,0
3004191,4485.41591706875
3004188,11.1842387532286
3004189,0
3004190,6.93369203607174
3004212,574.400818680209
3004213,570.489433477472
3004214,9.18104438858162
3004215,14.7265178174222
3004216,547.549617225331
3004217,157.441575435663
3004218,933.798080702936
3004219,5.7015553784637
3002872,0
3002871,1665.28551426367
3002868,3.8908493078984
3002869,0
3002870,2.41214010671423
3002873,316.864065315484
3002874,7.14086979355394
3002875,855.247267927455
3002900,9.11746579652918
3002886,189.58083315159
3002887,6.74483765345748
3002876,436.946856080373
3002884,11.9922184134514
3002885,0.892205074950363
3002899,2.03577852870554
3002888,3.73436038417862
3002889,4.41159991541552
3002877,189.337579441128
3002878,107.5737470863
3002883,15.4553939693901
3002897,55.12926579195
3002898,312.422394489677
3002890,46.445960954932
3002891,2.49492656257019
3002879,72.4056095778445
3002882,1.25095381553074
3002896,190.485297768362
3002892,220.305346065099
3002880,3685.89012845261
3002881,10.4735392310714
3002895,5.08994686096679
3002893,195.900699055143
3002894,3.19396438088244
3002778,181.548165786497
3002779,105.180623833268
3002780,70.3358693428306
3002775,6.98201150319319
3002776,809.463256379239
3002777,435.644730786263
3002791,45.7090503837608
3002792,2.43942355246584
3002781,3268.8863875386
3002788,6.59478963278691
3002789,3.6512844951942
3002790,4.39845310875604
3002782,10.2405412092091
3002773,0
3002774,303.828167823208
3002783,1.2151948534939
3002786,0.872356768377718
3002787,185.363351540762
3002784,15.0135960074235
3002785,11.8019501460075
3002772,1576.13766886817
3002771,2.3431882194162
3002769,3.80429211151009
3002770,0
3002793,222.524832800792
3002794,189.067042566475
3002795,3.12291033064921
3002796,4.97671412045525
3002797,186.247695120901
3002798,53.5533760204026
3002799,307.465507810263
3002800,1.96476392171701
3002801,8.91463545922676
3002814,2570.90074915249
3002813,58.2721103080026
3002827,157.661087467029
3002815,8.48411987414362
3002808,5.78448163486428
3002809,670.626987435026
3002811,146.546871295699
3002812,87.1404160002962
3002826,179.623505923517
3002828,2.58727981853176
3002816,1.00676893895152
3002817,12.5196852988738
3002818,9.7143302117776
3002820,150.602908421505
3002821,5.46367468733081
3002822,3.02502911896608
3002810,340.402820124213
3002824,37.6236811375489
3002825,2.0210222702212
3002829,4.12312575231037
3002830,154.3031505276
3002831,44.3680907619995
3002819,0.722733227154186
3002823,3.57362890360019
3002832,254.730113588224
3002807,256.676626175205
3002833,1.61722133101901
3002806,0
3002834,7.38562877930284
3002802,3.15179341120032
3002803,0
3002804,1.94129288043201
3002805,1264.02025616892
3003634,1068.32388412103
3003635,563.850360837603
3003636,230.435222058145
3003637,134.374709661672
3003631,0
3003632,406.240701409903
3003633,8.91994869780651
3003638,89.8583948002284
3003639,4456.86650687402
3003640,13.0829206142302
3003641,1.55248609172969
3003643,15.0777164701477
3003630,2093.74962665354
3003642,19.1807913943657
3003629,3.01310157247722
3003628,0
3003627,4.86021692324918
3003659,11.38899454972
3003644,0
3003646,8.42524896591505
3003647,4.66474029201085
3003652,246.304319586443
3003653,3.98970983140046
3003655,237.942874313992
3003657,395.369350779866
3003645,232.236923143381
3003648,5.51070752701251
3003649,58.7771867605517
3003651,286.144287544408
3003654,6.35805807793464
3003656,68.4177283978782
3003658,0
3003650,3.11651347613285
3003695,4.66756487680523
3003696,2961.10722392878
3003697,0
3003698,621.169929800156
3003708,29.7127680790609
3003709,23.2053093872106
3003710,1.71525116237509
3003711,362.103448056998
3003699,13.7282173769791
3003721,366.205189351479
3003722,105.298077343893
3003712,12.966851399907
3003700,1550.71335071418
3003701,851.022911672371
3003702,361.638828264763
3003707,2.38934855614618
3003713,7.22610155106964
3003714,8.48123609168139
3003715,92.2433331108624
3003703,205.468158847124
3003706,20.1352254595455
3003720,9.78534813892024
3003716,4.7964597003969
3003704,138.296263662066
3003705,5754.55584319446
3003719,6.14034964685448
3003717,384.163469302302
3003718,386.543362322081
3003693,7.48010069139131
3003694,0
3003723,612.462623869723
3003725,17.5281941836991
3003724,3.81324194426202
3003792,5.1081698685771
3003793,0
3003804,4475.74877821043
3003805,13.7503699793546
3003794,3.16682051573963
3003795,2075.4449666633
3003796,0
3003797,421.447527644887
3003798,9.37501635974874
3003799,1086.89756063853
3003800,581.164582433579
3003801,243.771730188697
3003802,141.230083725083
3003803,94.4426868194951
3003824,11.9700251472265
3003806,1.63168903783352
3003823,2.60406756605445
3003810,245.677705268843
3003807,20.1593349028258
3003808,15.7441946242004
3003809,1.17134710696743
3003811,8.85507860710379
3003812,4.90272063586363
3003813,5.79184645223769
3003815,3.27550816870816
3003817,257.191674351219
3003820,250.081969633734
3003821,71.9081852101553
3003822,412.845805891522
3003816,294.930954977956
3003818,4.19325224922286
3003819,6.6824261569495
3003814,60.9773958054525
3003827,3.66749706382394
3003828,2341.84607201367
3003829,0
3003830,491.263655837979
3003831,10.8572130317432
3003832,1234.41314616548
3003833,690.787810849342
3003826,0
3003840,23.4988887441502
3003841,18.2333628538597
3003842,1.35653790739649
3003843,280.842267867352
3003844,10.2550727551727
3003845,5.67784421232961
3003834,286.008714110594
3003839,1.88966022090156
3003835,162.498269847046
3003836,109.374141947305
3003838,15.9243131320936
3003825,5.91577511305372
3003837,4521.59042574937
3003846,6.70754144484243
3003847,71.5426130447132
3003848,3.79336831107488
3003849,303.822740469049
3003850,307.699812988408
3003851,4.88789776823606
3003852,7.7389224264605
3003853,289.620104703918
3003854,83.2769198040764
3003855,490.719598355309
3003856,3.01577247748545
3003857,13.8624945313956
3004233,9045.46202499713
3004234,0
3004232,0
3004246,588.156856662302
3004247,0
3004235,0
3004231,0
3004245,0
3004248,0
3004236,0
3004226,963.784126111394
3004229,1355.21998970632
3004230,557.467557737198
3004244,0
3004249,0
3004237,35.7710680921505
3004239,547.397493339488
3004227,0
3004228,2374.93249923513
3004242,0
3004243,141.271557081691
3004238,0
3004225,0
3004240,0
3004241,0
3004250,0
3004221,0
3004222,0
3004223,0
3004224,4564.5574625992
3004251,937.992433820943
3004252,0
3004253,0
3004263,238.55249165303
3004264,135.535615695716
3004265,91.2261508013094
3004266,3603.48161106338
3004267,13.2820588608187
3004262,579.928106659154
3004276,60.0612394672344
3004277,3.16395066905074
3004278,253.410711576143
3004279,246.821576646941
3004280,4.05043815374142
3004268,1.57611685180813
3004261,1003.1503492075
3004275,5.59458731706474
3004281,6.45483559227428
3004269,19.4727467825456
3004273,0
3004274,4.73574341355633
3004282,241.564659401306
3004270,15.3072179789437
3004271,0
3004286,11.5623491447613
3004283,69.4591309157461
3004284,398.785072876323
3004272,237.310395798151
3004285,0
3004259,409.7503445766
3004260,9.05572135864563
3004254,4.93419544109504
3004255,0
3004258,0
3004256,3.03913271930153
3004257,1915.52858196324
3003602,264.579330596043
3003600,4.46686071099737
3003601,534.98670746546
3003599,195.647672258123
3003598,0
3003597,1062.21982113406
3003596,1.49909455047377
3003595,0
3003603,114.647374910953
3003604,67.2910945426179
3003594,2.43386063719458
3003615,2.75960812961434
3003616,29.2431430688479
3003605,44.9985697098386
3003613,4.21912892789078
3003614,2.33597141007253
3003617,1.56066274296566
3003618,142.364049730442
3003606,2118.70883409944
3003610,7.50154684476964
3003611,0
3003612,117.056658583026
3003626,5.70328978511025
3003619,119.395533513211
3003607,6.55156055899436
3003608,0.77744159327088
3003609,9.66788277769383
3003623,34.2616839255279
3003624,196.706292476946
3003625,0
3003620,1.99793504401489
3003621,3.18393757506135
3003622,119.155133369357
3003142,90.4151968488206
3003143,60.4620056470276
3003141,156.062139098443
3003155,0
3003144,2773.67719562217
3003139,709.540566752058
3003140,364.870670018727
3003154,39.2923395736051
3003138,0
3003152,0
3003153,3.70792768286243
3003145,8.80295738440219
3003137,261.176275637025
3003151,0
3003146,0
3003136,0
3003150,157.282340258953
3003147,13.0749493734963
3003149,0
3003148,0
3003135,1346.09291414652
3003134,0
3003132,3.27023939958611
3003133,0
3003156,183.965070600473
3003157,163.586070769758
3003158,0
3003159,0
3003160,160.101940864027
3003161,46.0354660234683
3003162,264.30299992283
3003163,1.71106168000124
3003164,7.66318443936176
3003536,558.42643327723
3003537,237.301109326883
3003540,4082.57458333373
3003541,13.2123847459181
3003542,1.56784896594944
3003535,1030.87460587677
3003549,5.56523961399887
3003550,58.5916462899121
3003538,135.704436075225
3003539,90.7476029060263
3003553,245.526816920948
3003554,4.02919064262294
3003555,6.42097525771069
3003543,19.3705979808444
3003533,410.260721191046
3003534,9.00821747562103
3003548,4.71090097503128
3003551,3.14735343327839
3003552,279.729059098397
3003556,240.29747605184
3003544,15.1282007103721
3003545,1.12551798035315
3003546,236.065529173389
3003547,8.50862236347587
3003557,69.0947669629107
3003558,396.693153447311
3003559,0
3003560,11.5016961653343
3003532,0
3003531,2007.25639539192
3003529,0
3003530,3.04291820060413
3003528,4.90831197651267
3002702,13.9379789446059
3002701,3.0321940396598
3002670,5.94798784446955
3002671,0
3002700,496.611325612722
3002672,3.68746741354609
3002680,163.383109622407
3002681,109.969708849537
3002677,1209.26018324426
3002678,685.572646425155
3002679,285.701737393323
3002693,3.81402405816309
3002694,305.477123901434
3002682,4487.45427401252
3002674,0
3002676,10.9163330085226
3002690,5.70876135626044
3002691,6.74406552273486
3002692,72.8740347356453
3002695,297.534168472865
3002683,16.0110246131933
3002684,1.8999498475354
3002685,23.4736670940035
3002673,2385.42827462562
3002687,1.36392456264137
3002675,484.393884137267
3002689,10.3109139421683
3002696,4.88265152664543
3002697,7.78106260670863
3002698,293.097370887902
3002686,18.5726892185131
3002688,286.068796103545
3002699,83.7303814383543
3002703,2.93277911648927
3002704,0
3002705,1.81818250237987
3002706,1168.55953972623
3002707,0
3002708,234.225153977306
3002709,5.38252503421056
3002710,632.196720759516
3002711,316.748641743668
3002712,136.363507264008
3002735,6.87241040897803
3002734,0
3002721,140.137695298032
3002720,0.672511373321089
3002722,5.08401057168032
3002719,9.03929320828551
3002733,237.029227492411
3002718,11.5741797799276
3002732,41.2850060422384
3002723,2.81482352090359
3002714,54.2228521633923
3002715,2503.68982718764
3002716,7.89456869230649
3002717,0.936809788609396
3002731,143.580812075974
3002724,3.32530177305296
3002727,169.330184355542
3002728,148.626321868223
3002729,2.40749288749046
3002730,3.83661475338569
3002725,35.009257248124
3002713,81.0851343681588
3002726,1.88058388820832
3002937,2301.62997052832
3002938,0
3002939,458.345943098402
3002940,10.3967192454549
3002941,1205.34923384726
3002942,661.488994144749
3002949,22.3563284710255
3002950,17.5739558951999
3002951,1.29900221426842
3002952,270.685647434697
3002953,9.82011792211527
3002943,272.102431219171
3002944,156.621543169354
3002945,104.735187862119
3002947,15.2489052510105
3002948,1.80951287670033
3002946,4867.60785211897
3002934,5.66486563263042
3002935,0
3002936,3.51194521049072
3002954,5.43702624443619
3002966,13.274535855859
3002965,2.92567533988572
3002964,454.870067009772
3002955,6.42305028236915
3002963,79.7448435706194
3002962,279.146035058059
3002960,4.6502389636055
3002961,7.41068665550046
3002958,329.207286789051
3002959,287.082016549352
3002956,67.6228008763991
3002957,3.63247780158175
3002969,3.1513362445631
3002981,1.62371084159157
3002982,20.0607651838214
3002970,2133.5681427918
3002983,15.7694499354557
3002971,0
3002972,419.386846348838
3002980,13.6831371013056
3002984,1.16561976746209
3002985,252.557949632606
3002973,9.32917691451424
3002974,1088.64105637469
3002986,8.81178141430099
3002987,4.87874862499306
3002975,613.187985378323
3002976,247.359751156179
3002977,140.539534670025
3002978,93.9809062524927
3002979,4601.09285561136
3002988,5.87709533033762
3002989,61.4737586956608
3002990,3.25949246574264
3002991,295.404054634342
3002992,255.934127354095
3002967,5.08319330704869
3002968,0
3002999,11.9114973227261
3002998,2.80169688098454
3002997,410.827182991758
3002993,4.17274920693934
3002994,6.64975221846229
3002995,248.859185767417
3002996,71.5565878164691
3003033,8.35532976566472
3003064,4.25942045903762
3003065,19.5791271593393
3003034,0
3003063,693.08315282064
3003035,5.21370571832343
3003036,3264.83084116115
3003040,1720.92869744869
3003044,154.477985782428
3003062,117.618758917409
3003038,702.936630913243
3003039,15.3345239605397
3003053,8.01928062603382
3003041,975.65574205347
3003042,401.334416438681
3003043,229.509507203222
3003057,429.113537687621
3003045,6427.88295352202
3003047,2.6689206382866
3003048,32.9742148955792
3003049,25.9205083251835
3003037,0
3003051,396.656349392159
3003052,14.4840723325132
3003054,9.47360567592502
3003055,103.708878712095
3003056,5.35768222353746
3003058,420.683201121985
3003046,22.4912010628587
3003060,10.9303088214585
3003061,409.054001432188
3003050,1.91594868623592
3003059,6.85881758717466
3003066,5.8054756229078
3003067,0
3003068,3.5991166659013
3003069,2484.74656641512
3003070,0
3003071,482.104056338231
3003072,0
3003073,1292.80996488582
3003074,682.331805953274
3003075,280.676088251629
3003077,107.334863600615
3003078,5323.67798985272
3003079,15.6274046820887
3003080,0
3003081,22.9112442153358
3003082,18.1276924784193
3003083,0
3003084,286.574420569234
3003085,0
3003076,160.509111752696
3003090,350.805532514758
3003091,294.207798902123
3003092,0
3003093,0
3003094,284.220144550876
3003095,81.7242235605962
3003096,469.202537070402
3003097,3.13796377615174
3003098,13.6040286415091
3003086,0
3003087,6.62543373766035
3003088,69.3012945937063
3003089,0
3003396,19.0483003573286
3003397,0
3003398,11.8860937009881
3003399,7589.75436403559
3003427,9.71053477569645
3003428,44.6360712653158
3003400,0
3003426,1569.83199890897
3003409,51.274954461156
3003401,1602.53975047493
3003405,932.982376973573
3003406,523.230818014473
3003407,352.175575866659
3003408,14654.1487403159
3003422,15.6365842116151
3003410,6.0845476329218
3003412,59.8667593697555
3003403,4000.64405389221
3003404,2268.10753337931
3003418,234.900409439542
3003419,12.2143282282459
3003420,978.283776046672
3003421,990.76762481451
3003423,24.9186819992538
3003411,75.1739030049069
3003425,268.144706474883
3003413,4.36793843788491
3003402,34.959316559515
3003416,18.2821827861447
3003417,21.8805150057001
3003424,932.55247849904
3003414,922.107271490631
3003415,33.0204753043682
3003759,7.0466788116935
3003760,0
3003761,4.39711066422429
3003762,2735.6262703526
3003763,0
3003764,577.61419281987
3003791,16.5125523916641
3003790,3.59229004008154
3003765,12.9327588629944
3003770,130.282918785495
3003773,2.25090176442719
3003774,27.8096386323085
3003767,833.618006585295
3003768,345.145079832474
3003769,193.562651247733
3003783,361.903761867099
3003771,5351.05285839096
3003772,18.9685236159648
3003786,9.218352565084
3003787,344.986044306215
3003775,21.7189885066285
3003776,1.61586381270932
3003777,338.910397415127
3003778,12.2155089595601
3003766,1441.97907431858
3003780,7.98980510155474
3003781,85.2192326180452
3003782,4.51853689360456
3003784,354.793824172403
3003785,5.78455739274695
3003788,99.1967569882089
3003789,580.7395766087
3003779,6.76326326516941
3003928,0
3003926,14.2389127586153
3003925,0
3003927,9331.7823567036
3003924,22.9677636460143
3003933,1124.95699449538
3003934,630.893126159868
3003932,2752.64953685315
3003946,285.082825101765
3003947,14.7276029135723
3003935,424.640794016691
3003936,18135.1969473562
3003931,4792.56037304406
3003945,27.0781644140321
3003948,1179.57981160906
3003949,1210.27451174925
3003937,61.8255179166622
3003930,42.1527015483151
3003944,22.0440063044182
3003950,18.8540375606373
3003938,7.33653130748211
3003939,91.23350910157
3003929,1932.28548121302
3003943,41.3994529032612
3003951,30.0460612124304
3003952,1124.43863819221
3003940,72.1852109460435
3003941,5.26670494373448
3003942,1119.09956492046
3003956,53.8205884869931
3003953,323.319357932927
3003954,1905.19949391279
3003955,12.6591116810368
3003966,917.544498153593
3003963,34.3808515145205
3003964,3934.44617102736
3003965,2201.74863321185
3003962,1555.65362459635
3003961,0
3003960,7561.90150117602
3003957,18.7331118179727
3003958,0
3003959,11.6136315657266
3003967,514.573018936222
3003968,346.348194773757
3003977,17.9796710459629
3003978,21.5184623587118
3003979,229.515842504453
3003976,33.76648211783
3003980,12.0122201030455
3003974,4.29566300593524
3003975,900.970023000856
3003989,43.8974868330682
3003981,968.374503805916
3003969,14888.0662185655
3003973,58.8761556892302
3003987,1553.93079209115
3003988,10.3251042762372
3003982,987.131708096253
3003970,50.4265177135734
3003971,5.98386780085879
3003972,73.9300149812347
3003986,263.707767914257
3003983,15.3778486790101
3003984,24.5063573910378
3003985,917.121713125914
3003998,1675.01766418993
3003995,1191.21282741134
3003996,26.1558166668211
3003997,2973.79114214858
3003999,689.015815524516
3003994,0
3004000,388.93216965823
3004001,261.782001569081
3004002,11474.6526610619
3004007,3.24681137863169
3004003,38.1141144617226
3004005,57.3517733398402
3004006,43.9254986183697
3004004,4.5228152295029
3003993,5641.67768859465
3003992,8.83526744359018
3003991,0
3003990,14.1591369070935
3004008,685.428245835017
3004017,18.643627567539
3004021,7.75347697859158
3004009,25.3564162398978
3004016,11.6231124277906
3004018,693.192461711532
3004019,199.319495108105
3004020,1174.51489336959
3004022,33.1792460316403
3004010,13.58966018876
3004011,16.4773623013392
3004012,175.747487334377
3004015,731.690736990409
3004013,9.079253390992
3004014,727.185820214346
3004028,1467.91439662557
3004029,32.2314358586632
3004038,69.760344859452
3004039,55.1953471804103
3004040,4.02710754815826
3004041,855.702826184184
3004042,32.0699617533195
3004030,3688.47319989364
3004031,2091.12676325387
3004032,854.604862407672
3004033,482.40303901248
3004034,324.695262998341
3004035,13957.2968744115
3004036,47.2739620941135
3004037,5.60976947091154
3004043,16.8556213284323
3004044,20.7049154009939
3004045,217.984339180304
3004046,11.2612423694025
3004047,901.948146656119
3004023,17.5619586309299
3004024,0
3004025,10.9586200314087
3004026,7089.14795498144
3004027,0
3004048,907.535716193451
3004055,41.1531119471834
3004053,1447.33777319626
3004054,9.6796013348592
3004049,14.4164592064396
3004050,22.9742735151604
3004051,859.785269097267
3004052,247.221334915741
3004060,0
3004061,988.445938430265
3004062,21.7036033828053
3004063,2483.6982059886
3004072,36.6863968922767
3004073,2.71172359147743
3004074,572.466869103778
3004075,20.7683422242011
3004076,11.3500286393453
3004064,1380.88703100112
3004085,166.470827558145
3004086,980.950037890451
3004077,13.672604481767
3004065,575.463192643578
3004066,326.954279893304
3004067,218.639257627039
3004071,47.280886466473
3004078,142.086718144205
3004079,7.58295531899062
3004080,607.342624533409
3004068,9337.45898500337
3004070,3.77743679181792
3004084,578.951510466142
3004081,611.105112610077
3004069,31.8327525997772
3004083,15.4701305448392
3004082,9.70757598801975
3004056,11.8256532666536
3004057,0
3004058,7.37917925305934
3004059,4651.00740118842
3004087,6.47567227871569
3004088,27.7111706591808
3004121,36.0042420823929
3004120,8.46853842228514
3004089,15.364694917859
3004119,1274.51716382971
3004118,216.290248029417
3004092,6283.39891284385
3004090,0
3004091,9.52537451490623
3004105,48.2895836469355
3004093,0
3004099,422.047203141732
3004101,12131.8632787206
3004102,41.3592823214629
3004103,4.90790340026619
3004104,61.0322822559431
3004106,3.52325615719677
3004094,1275.93021234478
3004095,28.1988011212322
3004096,3185.28299574836
3004112,9.8522925055299
3004100,284.071028869024
3004114,793.989423355946
3004115,12.6127445211375
3004116,20.099848253725
3004117,752.213271433341
3004107,743.787983295949
3004108,27.6949020125981
3004109,14.746730977159
3004097,1841.43397682838
3004098,742.833618955812
3004113,789.100942345506
3004110,17.5347852079437
3004111,188.246402048003
3004358,766.200743311058
3004414,620.82509927188
3004404,582.745636604975
3004392,23.2733510166316
3004395,581.997907860445
3004396,348.328734334362
3004330,261.512114058255
3004331,176.018262292084
3004328,1133.60600244512
3004329,463.283823232532
3004327,1986.56879103321
3004326,17.4727566969452
3004325,795.760735471171
3004324,0
3004321,0
3004322,5.90218536705531
3004323,3868.12604360931
3004332,7136.08295432082
3004333,25.6273546544171
3004334,3.04107261994173
3004335,37.817289250444
3004320,9.52038970977396
3004336,29.7275724063842
3004337,2.18310691121408
3004338,454.915088819886
3004339,16.5037188306726
3004340,9.13748216924005
3004341,11.1514267631885
3004342,115.13513343979
3004343,6.10475279130374
3004346,7.8152051695783
3004347,12.4544216143438
3004348,466.092137018969
3004349,134.019416765007
3004350,779.519300939506
3004351,4.85335035781156
3004352,22.3092236885878
3004344,488.94875763182
3004345,495.188217484834
3004370,2.25791646460935
3004371,452.495647427544
3004364,182.049963041068
3004366,26.5055392941849
3004367,3.14528248862558
3004368,38.859612084166
3004369,30.348882967775
3004372,17.0692595418223
3004361,1042.91424004569
3004365,5993.75720125788
3004360,1912.77404938427
3004362,451.915044191581
3004363,270.473472917804
3004359,18.0715038853529
3004434,34.1071134814268
3004373,9.4506005771049
3004426,2001.15065031901
3004440,9.92739738793081
3004447,423.107912987788
3004435,26.8110619689637
3004436,1.98177513772436
3004438,14.9817031363028
3004450,4.70185268289936
3004357,0
3004356,3558.66476048148
3004354,0
3004355,6.06486182268914
3004353,9.84662939078941
3004385,23.0737043707594
3004383,790.65193444474
3004384,5.01966240184093
3004381,482.063935941105
3004382,138.611923280828
3004380,12.8812031494026
3004378,470.631253840819
3004379,8.0830124883245
3004374,11.1645005884327
3004375,116.779425303528
3004376,6.31394723229059
3004377,505.703795144512
3004390,0
3004401,50.0452755975642
3004402,39.0847497116264
3004403,2.9078533131754
3004391,986.750132219787
3004400,4.05064591572693
3004405,21.9826125944505
3004393,2463.36232718879
3004394,1343.11506905077
3004397,234.452689676461
3004398,7719.04851628868
3004399,34.1351070609386
3004413,16.5890323414406
3004406,12.1709375126889
3004407,14.3781802980206
3004408,150.39415501066
3004409,8.13140462298162
3004410,651.269645819584
3004411,606.10154193711
3004412,10.4096918610667
3004387,0
3004388,7.81062046425566
3004389,4583.01946792214
3004386,12.6809624476391
3004415,178.511094929946
3004416,1018.23955101078
3004417,6.46456242956733
3004418,29.7154251511915
3004442,5.54175667788572
3004420,0
3004431,8028.92998799442
3004430,159.785402265024
3004444,440.834192896359
3004432,23.2639336346217
3004433,2.76061702670492
3004427,1022.39027003154
3004428,417.832008752868
3004429,238.943919321843
3004443,508.819239346192
3004445,7.0944667078498
3004446,11.3058425967408
3004424,703.821738197834
3004425,15.8613738207882
3004441,104.517073239743
3004437,421.098906829007
3004439,8.29479989797155
3004448,121.65979904736
3004449,698.484291259999
3004451,20.2518093002542
3004423,0
3004422,3747.38221539362
3004419,8.64239471340606
3004421,5.35787054614097
3002839,0
3002840,314.125319457947
3002841,7.07914923351872
3002842,847.855123570933
3002843,430.361856185024
3002844,180.516943840831
3002845,106.643956723613
3002846,71.7797873878265
3002847,3292.87719210832
3002848,10.3830134652219
3002852,0
3002853,186.723758546082
3002854,6.68654011137181
3002855,3.70208324974706
3002856,4.37346920791032
3002857,45.7459979187605
3002858,2.47336220568645
3002859,214.180825782823
3002860,194.207473830971
3002861,3.16635804215623
3002849,1.23210133809618
3002851,11.9661456146162
3002865,311.743143498548
3002866,2.00509836426006
3002867,9.03866095743637
3002862,5.04595300869239
3002850,15.2224737269057
3002864,54.2984411632361
3002863,188.838879391241
3002835,3.85721959537894
3002836,0
3002838,1587.70515892623
3002837,2.39129129661491
3003236,368.774131726525
3003237,8.15012317962209
3003235,0
3003233,2.73521070719338
3003234,1757.94044925
3003232,0
3003238,896.979153996522
3003239,508.529414028825
3003231,4.44076170683644
3003242,82.1032733658063
3003243,3201.20754071038
3003244,11.9538147771426
3003245,1.41850063390595
3003246,17.5254161030273
3003247,13.7764521593425
3003248,1.01830469852475
3003249,209.451504591615
3003241,121.981664342112
3003255,228.068911639983
3003256,225.047319475745
3003257,3.64538268979721
3003258,5.84724252062075
3003259,217.407498750442
3003260,62.5130180681149
3003261,358.905418731071
3003262,2.26383300220409
3003250,7.69811791721146
3003240,211.921723921208
3003254,2.84754650300635
3003263,10.406080978368
3003251,4.26215545277562
3003252,5.03511249600204
3003253,53.7044918619263
3002907,6.65028838927555
3002906,293.182169460947
3002908,781.100038566141
3002909,401.669062739963
3002903,2.23186074705606
3002904,1472.24357107695
3002905,0
3002910,170.687683265815
3002911,100.183375684105
3002912,66.9941341440505
3002902,0
3002901,3.62354597196201
3002913,2974.9943372493
3002914,9.75400173321894
3002933,8.49109123667387
3002932,0
3002919,175.411875424426
3002920,6.28146385960259
3002921,3.47780791727807
3002917,11.168346879623
3002918,0
3002922,4.10852074660438
3002924,2.32352383264757
3002925,202.518545766341
3002926,180.084257580993
3002916,14.3002834016786
3002930,51.0089957016127
3002931,290.958816319533
3002923,42.9746666978711
3002927,2.97453739558677
3002915,1.15745959759619
3002929,177.398860460971
3002928,4.7402649103157
3003114,0
3003115,17.0458879196023
3003113,0
3003104,447.474496854617
3003105,0
3003106,1297.35788989399
3003108,269.126782622816
3003109,150.930424943415
3003110,100.929451279031
3003112,14.6948095573817
3003107,641.612356459917
3003111,5104.61841638782
3003103,0
3003102,2351.71128310965
3003101,3.36239110199145
3003100,0
3003099,5.45902281307338
3003121,66.8832937297417
3003120,6.18965749496325
3003122,0
3003123,317.244963139034
3003119,0
3003124,282.101688228188
3003116,0
3003118,0
3003125,0
3003126,7.18800791866426
3003127,267.258766347401
3003117,265.989765009683
3003131,12.7921823339781
3003128,76.847174939053
3003130,0
3003129,438.341566035969
3004122,6.6413120239226
3004123,0
3004124,4.14416276166458
3004125,2595.08133486002
3004126,0
3004154,15.562652374964
3004153,3.38564019648816
3004127,544.386396269001
3004129,1359.02787971903
3004128,12.1887898163837
3004152,543.783507191346
3004136,2.12141653568091
3004137,26.5530463908454
3004138,20.603158514897
3004133,122.78827205889
3004134,4978.0476401701
3004135,17.8773415580852
3004149,8.68805821398533
3004150,325.140399521876
3004151,93.4903707866875
3004142,6.37420022172529
3004130,775.509093313847
3004131,319.004415177158
3004132,182.427778740346
3004146,341.084909560842
3004147,343.197930866304
3004148,5.45179531977108
3004139,1.52290973593967
3004141,11.5128003843223
3004143,7.53018409207177
3004144,80.8410280069722
3004145,4.2586038336579
3004140,317.343421996857
3004955,527.772864725986
3004956,289.033425401287
3004957,138.666878070679
3004953,8.24130430777986
3004954,907.014287134129
3004968,5.12466825270147
3004969,55.3753890731153
3004970,2.87940399729245
3004958,83.0218201074871
3004951,0
3004952,365.693992743353
3004966,7.78424214636887
3004967,4.30983916675182
3004971,301.102721084109
3004959,3279.40617297259
3004960,12.0875504634809
3004963,14.021483546177
3004964,1.02969718538335
3004965,213.176860877185
3004972,227.565081235468
3004973,3.68616613550679
3004961,1.4343703925883
3004962,17.721485190143
3004976,63.2123949224733
3004977,372.486892171472
3004978,2.28916008531099
3004974,5.87432654625946
3004975,272.473774140223
3004950,1709.57097321292
3004949,2.78385984160886
3004948,0
3004947,4.49044361389296
3004979,10.7998613590768
3005938,0
3005939,6.57856686338312
3005940,4173.44854895631
3005941,0
3005949,8110.59543524509
3005937,10.5426156554759
3005942,875.49033051905
3005943,19.3488464141778
3005944,2171.43910970901
3005945,1247.18530271718
3005946,738.464462533237
3005947,342.949573483386
3005948,194.917744363454
3005969,25.3557993889299
3005950,28.3790221434648
3005951,3.36759951953667
3005952,41.8778178050923
3005968,5.84867777733569
3005961,754.434968395779
3005964,13.7916812540225
3005954,2.41751207685485
3005957,10.1185944594435
3005959,132.571545183316
3005960,6.76023401482551
3005962,541.270489583405
3005963,8.65434156408165
3005965,687.158048007124
3005953,32.9194896222667
3005967,874.520755302844
3005955,500.494361830013
3005956,18.7574874716912
3005958,11.9536375360364
3005966,148.409387052082
3005244,5.43019105136793
3005245,0
3005246,3.34463267482735
3005247,2324.12457587868
3005248,0
3005249,442.225405256207
3005250,9.96602134480626
3005256,4605.65580885515
3005257,14.6171991018162
3005258,1.73455140291307
3005259,21.5700314729689
3005260,16.7367152931316
3005261,1.24518932258453
3005251,1241.11263252966
3005252,634.085934164562
3005255,100.396393626044
3005253,347.255499097157
3005254,150.133287764276
3005262,266.311503565986
3005263,9.41330649696049
3005264,5.21179021237981
3005267,3.48199758504823
3005268,278.884084497505
3005269,276.985021951095
3005270,4.4575966394401
3005266,65.6701868686049
3005271,7.10368912007267
3005272,295.004720019454
3005273,76.9401285123603
3005274,438.871779604971
3005265,6.15696689519038
3005275,2.76822908363563
3005276,12.8076556296365
3004518,7.59266043486523
3004519,0
3004520,4.70708560067394
3004521,3445.57314184225
3004522,0
3004530,7099.73847194312
3004531,20.438218147214
3004523,622.368146134655
3004524,13.9347981023008
3004529,140.377330829934
3004525,1724.11116188964
3004526,909.968142812278
3004527,518.174458940703
3004528,209.920988632048
3004532,2.42530321393028
3004533,30.3566921762901
3004534,23.5545003646613
3004535,1.74106207572983
3004550,17.7919565476401
3004537,13.161975172628
3004538,7.28728565275535
3004539,8.60886081201704
3004540,91.2267744409042
3004548,617.648404223445
3004536,372.364949473658
3004541,4.86863630546332
3004544,6.23274896199813
3004545,9.93259699582231
3004546,420.612556297905
3004547,108.282076462471
3004549,3.94689248093864
3004542,389.944319499477
3004543,389.816262407847
3005452,251.052952040376
3005454,5976.02773737916
3005456,2.5137952725022
3005457,31.0576584143741
3005459,1.80458822219181
3005461,13.6422162704044
3005449,1642.12692674711
3005450,943.170158020033
3005451,493.534437098907
3005465,5.04627827890147
3005453,145.499279669412
3005455,21.1839475830226
3005458,24.4139336156998
3005460,383.449218418425
3005462,7.55317690507795
3005463,8.9229723881857
3005464,97.047730477606
3005466,500.939030418995
3005448,14.4432371967506
3005446,0
3005444,4.91067010345914
3005445,3035.32590834428
3005447,657.787506208461
3005443,0
3005442,7.86969389940676
3005474,19.0507278796306
3005472,652.799160836026
3005473,4.0118506560022
3005469,10.2950077451575
3005470,471.350204375663
3005471,110.782417387267
3005467,401.420008404026
3005468,6.46016332529971
3005519,126.065691501827
3005517,441.75098873331
3005518,188.519288949204
3005532,350.189022645446
3005520,6212.16639627769
3005521,18.354516990462
3005516,833.298344871879
3005530,82.9988070239294
3005531,4.37227292248997
3005533,345.549510845181
3005534,5.59731263734815
3005522,2.17804060640059
3005513,562.564194153369
3005514,12.5141285157583
3005515,1538.29770880688
3005529,7.88351715667269
3005535,8.91995667166728
3005523,26.909447203667
3005524,21.2911258370604
3005526,334.401890739112
3005527,11.8200958221484
3005528,6.54433803203538
3005536,368.029780028106
3005537,97.2425872880629
3005525,1.56355868306398
3005539,3.52152215851362
3005540,15.9780449741279
3005538,551.082288698722
3005508,6.81857948431474
3005511,2956.56751873795
3005512,0
3005509,0
3005510,4.1997866232352
3005643,2651.08413932276
3005644,0
3005645,552.528903139746
3005642,4.15178581253041
3005656,20.7757514376288
3005657,0
3005658,317.927164766372
3005646,0
3005647,1379.35515814477
3005641,0
3005655,26.6018898448604
3005659,0
3005660,0
3005648,782.005542920025
3005654,0
3005661,7.5932645406457
3005649,406.548573457083
3005650,212.255774164281
3005651,123.816870986404
3005652,5085.4757291682
3005653,18.0271002772619
3005667,0
3005662,82.5856069622538
3005663,0
3005664,437.52518128636
3005665,341.600106233183
3005666,0
3005640,6.69694637979838
3005668,395.925141417699
3005669,94.2735408200439
3005670,551.916996517768
3005671,0
3005672,16.2117745285663
3005086,1471.98148480249
3005084,601.250770719156
3005085,13.0312167551472
3005087,862.104827283139
3005088,475.210348637263
3005089,230.972437967806
3005082,2847.57096327445
3005083,0
3005097,339.276579558587
3005090,131.274770694513
3005091,5322.10488438403
3005081,4.40186160553604
3005095,22.1708827262302
3005096,1.62816548373642
3005092,19.1129321580449
3005094,28.2042096654841
3005093,2.26803801861056
3005080,0
3005098,12.3085063838896
3005099,6.81475240621175
3005100,8.05063198136783
3005101,87.5600112510313
3005079,7.10032561279969
3005111,17.3004260729619
3005109,581.367047658797
3005110,3.61963836607253
3005108,99.9519480270987
3005105,5.82859558552239
3005106,9.28853245263118
3005107,445.079638787985
3005103,498.284411104676
3005104,362.17581059617
3005102,4.55293679411087
3006072,1330.81824363955
3006071,1.97848049207507
3006069,3.21216949897993
3006070,0
3006073,0
3006074,261.593550761015
3006080,59.3883770133507
3006079,88.8096870213246
3006093,164.970797804279
3006081,2778.10863371083
3006078,194.999758614158
3006092,2.05973718648373
3006094,158.604544805029
3006082,8.64664257135901
3006083,1.02605471117755
3006091,38.3444043508407
3006095,2.63684202425214
3006096,4.20210878510155
3006084,12.7595137139887
3006085,9.90041894827349
3006075,5.89528977657337
3006076,696.94119858575
3006077,353.759621823038
3006097,162.457402696676
3006098,45.2180105990487
3006086,0
3006087,153.487873656348
3006088,5.56833741723857
3006089,3.08297689656264
3006090,3.64208571666692
3006099,261.303844964508
3006100,0
3006101,7.52710866497749
3005683,127.998846739935
3005686,12.4621571635607
3005687,1.47882313436448
3005689,14.2691889829195
3005690,0
3005691,227.048683457496
3005681,530.154900177859
3005682,322.181498527668
3005696,2.9686399457074
3005684,85.5947591127094
3005685,4163.3578693867
3005699,3.8004045443672
3005700,6.05637849213002
3005688,18.2706938248989
3005702,66.024750550769
3005703,371.742244493224
3005704,0
3005692,8.02548451155138
3005694,5.2492333561475
3005695,55.9883041899093
3005697,237.7676644626
3005698,233.096496438756
3005701,248.260957163135
3005705,10.8486051546601
3005693,4.44340589997946
3005680,1037.68575891084
3005679,8.49671154023923
3005678,381.96392777725
3005677,0
3005673,4.62960748081346
3005674,0
3005675,2.85152700991122
3005676,1943.18461605568
3004814,9.13393947182805
3004813,1.98707982951925
3004786,0
3004787,315.378567422449
3004785,1543.03254913225
3004799,0.893817134379238
3004800,183.846096258532
3004788,7.15377210357689
3004789,845.718988079012
3004790,440.592810064033
3004782,3.89787939603535
3004783,0
3004784,2.40083169582624
3004798,12.0138862668512
3004812,315.029296582971
3004801,6.75702440226754
3004802,3.74110772404156
3004803,4.41957090934925
3004791,244.448861441326
3004792,107.768114141766
3004793,72.0661631329953
3004794,3371.158466802
3004795,10.4924630952649
3004796,1.24508918946339
3004797,15.3829371726413
3004811,54.8708129816038
3004804,46.5298807300966
3004805,2.49943446103711
3004806,200.187528682101
3004807,200.121787417459
3004808,3.19973531913448
3004809,5.0991435098764
3004810,204.98319166593
3005146,0
3005147,3.23136744117922
3004990,308.524374205518
3004991,174.215098052475
3004980,9.36177041578752
3004986,17.1816429488997
3004987,1966.21800608131
3004988,1144.10161390533
3004989,668.672732563328
3005003,6.0030414530878
3005004,661.274569967688
3004992,7155.45987992059
3004993,25.200377080395
3004994,2.99040528313708
3004995,37.1872150723641
3004996,29.6150388283451
3004998,438.691481379968
3004999,16.228750230765
3005000,8.98524250104553
3005001,10.6147481709426
3005002,115.447765023372
3005005,483.780949362167
3005006,7.68499596972957
3005007,12.2469183898226
3005008,594.520793203131
3005009,131.786518121591
3004997,2.14673414838504
3005011,4.77248864619123
3005012,22.8105900803205
3005010,776.568434488451
3004981,0
3004982,5.76622128589512
3004984,0
3004985,787.608812580889
3004983,3730.17731427077
3005057,50.1095670777518
3005058,1903.59610898391
3005055,152.179328692312
3005056,79.9700810730459
3005049,1045.35821450525
3005054,304.370007946514
3005050,0
3005051,226.540277313754
3005052,4.9742126887148
3005053,554.615661230692
3005059,7.29569551680888
3005048,1.6802572057268
3005047,0
3005046,2.71030176389664
3005060,0.865744442951122
3005061,10.6961754115142
3005062,8.35358250781679
3005078,6.43423590941118
3005065,4.6983432003529
3005066,2.60129414822593
3005063,0.62149541065152
3005064,128.667381607869
3005067,3.07304808954815
3005068,32.991008405159
3005076,221.91660223308
3005077,1.38167075472558
3005069,1.73792489202801
3005075,38.1531715326409
3005070,175.921564719117
3005071,137.351694867195
3005074,154.100875026475
3005072,2.22486316233215
3005073,3.54557343750478
3005117,487.462380464571
3005115,2496.07492942461
3005116,0
3005130,284.160260013039
3005118,10.7732026311549
3005114,3.61552562311888
3005128,18.3291719115105
3005129,1.34604135614707
3005131,10.1757215655345
3005119,1324.2946085418
3005120,703.510098850569
3005121,413.851136199157
3005127,23.3170602167921
3005141,83.7145068402386
3005132,5.63391047303933
3005133,6.65564016574843
3005134,70.5287955536471
3005122,162.293083147865
3005126,1.87503850244863
3005140,316.830643823855
3005135,3.76401617526797
3005123,108.527832175899
3005124,5313.27748551346
3005125,15.8010947774929
3005139,7.67904057913305
3005136,301.471836046339
3005137,297.477758418723
3005138,4.81863224883318
3005113,0
3005112,5.87000032392647
3005144,13.7552300137583
3005143,2.99243718387227
3005142,471.341707614693
3005177,12.2140011846583
3005176,0
3005150,435.668345139298
3005148,2202.02841449436
3005149,0
3005163,250.685169520556
3005151,0
3005145,5.21228586062687
3005161,16.0650967250501
3005162,0
3005164,0
3005152,1175.9117005959
3005153,628.760480476273
3005158,14.030633449107
3005159,0
3005160,20.7044593820525
3005174,73.85263983645
3005175,426.776377252859
3005165,0
3005166,5.90989731089926
3005154,360.379311913273
3005155,144.108670509121
3005157,4810.90741594267
3005171,0
3005172,0
3005173,277.694756918817
3005167,63.8603021377409
3005168,0
3005156,96.3676412127593
3005170,265.870040273708
3005169,267.692896369462
3005211,2.80576508979713
3005212,0
3005213,1.72816269417655
3005214,1147.41889827144
3005215,0
3005216,232.999123376886
3005217,5.14941638496981
3005218,593.129862381326
3005219,317.146786673457
3005220,158.56747982006
3005243,6.57477717972545
3005221,77.5734653975678
3005242,0
3005241,225.293702829997
3005222,51.8745461647295
3005226,11.0729203529078
3005227,8.70424739756635
3005228,0.643385969010376
3005224,7.55266740387676
3005225,0.896238037799085
3005239,147.550661458753
3005240,39.4970177038221
3005230,4.86383011184826
3005232,3.18128821069933
3005235,144.098655274019
3005223,2364.30160096288
3005237,2.30322817687738
3005238,3.67045703426046
3005229,134.943423284551
3005231,2.69291796456368
3005233,33.7116220561798
3005234,1.7991387732896
3005236,140.351830695012
3005290,5.36925736730302
3005287,55.1476555659425
3005288,36.8780689359506
3005289,1669.90566336055
3005303,1.63738507152202
3005291,0.637143466007769
3005292,7.87183600219074
3005285,215.427218959131
3005286,105.62822513598
3005300,1.27902350212419
3005301,102.440995356336
3005302,97.8492592972818
3005284,427.182302494843
3005298,2.26160563538703
3005299,23.965887203767
3005293,6.14780788481799
3005282,160.340837302565
3005283,3.66076518186384
3005297,1.9144189526146
3005295,93.4687390136286
3005296,3.45773940051255
3005294,0
3005281,0
3005279,1.22856598621605
3005280,810.421697337625
3005278,0
3005277,1.99464296171471
3005304,2.60936003384133
3005309,4.67406664730084
3005307,161.208417531413
3005308,0
3005305,102.868077039455
3005306,28.0787756103082
3005343,5.42575895267138
3005351,621.325394833948
3005352,358.441692527808
3005353,150.010749617328
3005354,100.314450519233
3005364,6.15194160516049
3005365,66.0447709536948
3005366,3.47915559352121
3005367,278.656460501278
3005355,4975.47408529386
3005356,14.6052686064665
3005348,450.571248542453
3005349,9.95788712083619
3005350,1232.05978355983
3005368,280.382737511603
3005369,4.45395836814015
3005357,1.73313566948137
3005358,21.4126966492945
3005359,16.8321818584702
3005360,1.24417300438847
3005361,262.655023795274
3005362,9.40562339648378
3005363,5.20753637151335
3005370,7.09789111941451
3005371,287.193859123731
3005372,76.877330308749
3005373,435.670587518331
3005374,2.76596966690476
3005375,12.714234799783
3005347,0
3005344,0
3005345,3.3637105278106
3005346,2322.2276353464
3006002,27.0463873431105
3005970,11.100198109347
3005971,0
3005972,6.88159086440993
3005973,4451.71158992904
3005974,0
3005975,927.808848234573
3005976,20.3721766403527
3005977,2301.20236530332
3005978,1330.34089237393
3005979,747.761592224161
3005982,8484.18821472682
3005983,29.8799442411984
3005984,3.54570659136028
3005985,43.806806925231
3005986,34.8867288263449
3005987,2.54537050972636
3005988,533.864626607172
3005989,19.2423371464881
3005990,10.6537510954054
3005980,373.023870815688
3005981,206.565854120992
3005991,12.5858467303996
3005992,136.885760505265
3006001,5.65871273215532
3005999,156.258527428079
3006000,920.772790342148
3005998,686.816295541063
3005995,569.897439256296
3005996,9.11205615442936
3005997,14.5211017060174
3005994,784.069508790352
3005993,7.11777221918675
3004657,865.546484455067
3004656,7.08721184610069
3004655,314.483084306438
3004654,0
3004653,1696.33727712651
3004652,2.37849383357433
3004651,0
3004650,3.86161267514252
3004659,240.604381811092
3004660,106.765416079661
3004661,71.3956438175902
3004658,433.663548567247
3004672,46.0969565612956
3004673,2.47617917713055
3004674,198.324940209937
3004662,3495.36942970451
3004671,4.37845025671991
3004675,200.855758589116
3004663,10.3948389278929
3004664,1.23350460781449
3004670,3.70629964101164
3004676,3.16996428315322
3004677,5.05169996540624
3004665,15.3392589968371
3004666,11.9021064461309
3004678,205.734992633224
3004679,54.7150132803483
3004667,0.885500864621192
3004668,188.156284227231
3004669,6.73783856692002
3004680,318.247981768038
3004681,2.02048127494265
3004682,9.0489553048439
3004555,0
3004556,301.545141198273
3004553,2.3407567039426
3004554,1504.42190098625
3004568,0.865801702259533
3004569,181.59277823264
3004557,6.92954724923151
3004558,803.380784897216
3004559,421.267120995382
3004560,233.726619540205
3004561,104.390275241302
3004562,69.8073513204626
3004563,3181.63038885852
3004566,14.9007807945796
3004567,11.637328017678
3004570,6.54523504268631
3004571,3.62384800114737
3004572,4.30898186349073
3004573,45.6616183156195
3004564,10.1635917005382
3004565,1.20606363230106
3004551,3.77570588712598
3004552,0
3004574,2.42109322792854
3004575,193.912934131058
3004576,190.103333278183
3004577,3.09944414749959
3004578,4.93931807872847
3004579,199.853984317901
3004580,53.1509650649416
3004581,305.155149473151
3004582,1.98842436450853
3004583,8.8476490759338
3004601,0.717302462745015
3004602,147.539415547107
3004593,185.019908680905
3004595,57.8342418237292
3004596,2535.03996785674
3004597,8.42036847248596
3004599,12.3450516820208
3004600,9.70424969667864
3004614,252.816019725034
3004603,5.42261952489961
3004592,346.75014468676
3004606,37.584639219319
3004594,86.485625197778
3004608,160.653674908836
3004609,158.525239771535
3004610,2.56783847195029
3004598,0.999203872456032
3004612,160.277550269641
3004613,44.0346999074488
3004605,3.54677592945692
3004607,2.00583589798469
3004611,4.09214374712659
3004615,1.61554314799555
3004604,3.00229843514146
3004591,678.702935540177
3004590,5.7410158638054
3004589,251.455432085701
3004588,0
3004585,0
3004586,1.92670561104031
3004587,1262.70858825153
3004584,3.12811019471116
3004616,7.33013166306823
3005424,19.1608875767019
3005425,15.0620703941731
3005416,1088.24439602502
3005417,559.613474588728
3005419,133.364990773283
3005421,4452.24163731151
3005422,12.9846128888201
3005423,1.54082039559739
3005418,308.470740384893
3005420,89.1831805524099
3005415,8.85292238975862
3005413,0
3005414,390.286682376726
3005412,2011.52319961556
3005411,2.97107265457828
3005410,0
3005409,4.82369626514748
3005435,3.95973034057145
3005436,6.31028233686756
3005437,260.356849908165
3005426,0
3005427,231.995931972683
3005428,8.36193993223098
3005429,4.62968848505903
3005430,5.4692989502616
3005431,58.7161939483148
3005432,3.09309536024862
3005433,247.735688132152
3005434,246.048730744145
3005438,68.3467316406015
3005439,392.398465094775
3005440,0
3005441,11.3034153291542
3005479,0
3005480,604.589114149492
3005481,13.6250607604973
3005492,1.70236241640987
3005493,354.737711601146
3005494,12.8694158421716
3005482,1529.08288040502
3005478,3055.81624945803
3005505,611.827074264874
3005506,3.784588469015
3005495,7.12530666529696
3005483,883.973315125454
3005491,23.0309399745573
3005496,8.41750635935146
3005484,468.614978505172
3005485,238.376828201927
3005486,137.25707741962
3005490,29.4895002987527
3005504,104.506846182369
3005497,92.1476126348305
3005498,4.76041812703033
3005499,485.01813365522
3005487,5528.56102502097
3005489,2.37139450531207
3005503,436.056940088734
3005500,381.151576201157
3005488,20.1143312301091
3005502,9.71181904352573
3005501,6.09420981120128
3005476,0
3005477,4.63249184534899
3005475,7.423893694002
3005507,17.9715476077664
3005584,140.168852162203
3005582,580.561510660179
3005583,330.596350041889
3005585,93.7330252694022
3005579,418.280685236826
3005580,9.3045705807683
3005581,1099.98639908344
3005575,0
3005574,5.0697860416324
3005576,3.14302438253176
3005577,2127.94071281889
3005587,13.6470469037146
3005578,0
3005586,4649.04344040333
3005606,11.8800799446205
3005605,2.58450007292494
3005604,409.743598569548
3005591,1.16254536665676
3005592,248.636250683087
3005594,4.86588059622384
3005596,61.3116175081859
3005599,260.288875409413
3005589,20.0078535617314
3005590,15.8304897416937
3005595,5.74832534044372
3005597,3.25089533437838
3005598,260.374381940523
3005600,4.16174329928372
3005588,1.61942819466128
3005602,271.865366669662
3005603,71.3678524866896
3005593,8.78853974610631
3005601,6.63221304818879
3005607,5.87132277610619
3005608,0
3005609,3.66369131924647
3005610,2339.41594928017
3005611,0
3005612,490.753873836308
3005613,10.775629725621
3005614,1201.46310169067
3005615,694.574070910466
3005619,4458.52001534159
3005620,15.8046546056151
3005621,1.87546092981111
3005622,23.1711092644388
3005623,18.0963536583144
3005624,1.34634460575989
3005625,276.924876987945
3005616,377.915564592372
3005617,184.881666823337
3005618,108.552282407637
3005626,10.178014053511
3005627,5.63517973654433
3005628,6.65713961470225
3005639,14.029432022044
3005636,82.6511600974718
3005637,487.032231524087
3005638,2.99311134994691
3005635,340.406476516894
3005633,4.81971783833389
3005634,7.68077058993231
3005629,72.404156706214
3005630,3.76486417034818
3005631,391.143924597851
3005632,303.407793663292
3006006,4530.25844979594
3006007,0
3006019,35.5022770138189
3006020,0
3006008,956.542056238918
3006005,7.09470607891143
3006021,543.284237282058
3006009,0
3006010,2341.80522468931
3006018,45.4581710413031
3006022,0
3006023,0
3006011,1389.49855922146
3006012,817.394886612759
3006017,0
3006024,0
3006025,141.124960246585
3006013,372.270122634089
3006016,0
3006026,0
3006014,211.582279752443
3006015,8977.49258429036
3006029,0
3006027,813.626199683907
3006028,587.546529038586
3006003,0
3006004,0
3006030,0
3006031,726.750520372351
3006032,0
3006035,27.1678719567842
3006033,930.944167968099
3006034,0
3006040,0
3006041,404.034850698604
3006042,8.98767482721998
3006043,1015.23067152326
3006044,583.106736325283
3006045,325.629297292556
3006046,156.224139132756
3006053,0
3006054,234.000218925033
3006055,0
3006056,4.70015807471343
3006057,5.55254845051761
3006058,60.3904396480205
3006059,3.14017610045437
3006047,90.5406589568176
3006048,3576.40431760681
3006052,15.0937018420916
3006066,395.788520760941
3006067,0
3006068,11.5503509490451
3006060,332.671565221856
3006061,248.174424313336
3006049,13.1822547701366
3006050,1.56427358934018
3006051,19.3264246041786
3006065,68.9372008841707
3006062,4.02000233795154
3006063,6.40633264528843
3006064,287.641872029865
3006039,1888.80940520537
3006036,4.89711889336953
3006037,0
3006038,3.01629605815656
3005386,66.785455577138
3005383,520.706370400699
3005381,191.667900179765
3005382,4.43329581144857
3005384,260.888786916748
3005385,127.918930825185
3005380,0
3005379,994.295557092571
3005378,1.4878300492376
3005387,44.6604413082899
3005377,0
3005376,2.41557211353363
3005389,6.50233080094323
3005390,0.771599739075841
3005391,9.53302816302305
3005392,7.44517869662359
3005393,0
3005394,114.675547598991
3005395,4.18742553532709
3005396,2.31841844596623
3005397,2.73887187306698
3005398,29.0234041463468
3005388,2089.15555237355
3005402,1.98292215389
3005403,3.16001282078963
3005404,125.389237130114
3005405,34.0042346667002
3005406,195.228201402525
3005407,0
3005408,5.6604341061177
3005399,1.54893560581356
3005400,124.059100508227
3005401,120.049949432134
3004916,0
3004917,1327.31663753846
3004918,0
3004915,0
3004929,0
3004930,10.0689403019642
3004931,0
3004919,260.905254235378
3004928,0
3004932,155.088452530083
3004920,0
3004921,704.208934675375
3004922,369.264582955982
3004923,195.755812583642
3004924,89.7357986772044
3004925,60.0076818439448
3004926,2899.870597857
3004927,8.73681017286896
3004933,0
3004934,0
3004935,3.68006556038722
3004936,39.2515660963081
3004914,3.24566615585873
3004937,0
3004938,166.691121159204
3004939,163.416318267997
3004940,0
3004946,7.60560171346708
3004945,1.69820441465834
3004943,45.6895461722054
3004944,262.31697344544
3004941,0
3004942,169.577762283195
3005318,557.846956775032
3005319,297.657534054313
3005320,134.684725352216
3005315,404.538108211251
3005316,8.94052789803054
3005317,1023.12840449904
3005331,5.52342127205932
3005332,58.1513767473052
3005333,3.12370357968603
3005321,90.0657069677142
3005314,0
3005328,231.26359623535
3005329,8.44468684513172
3005330,4.67550230732222
3005334,250.187196224104
3005322,4268.31861200496
3005323,13.113104200701
3005313,1966.4257386083
3005327,1.11706060941747
3005341,0
3005335,246.872567911689
3005336,3.99891448495148
3005324,1.55606783005679
3005326,15.0145243344897
3005340,396.281506814367
3005337,6.37272674416296
3005325,19.3504972017722
3005339,68.5755748361565
3005338,264.649034768437
3005342,11.4152700819152
3005310,4.87142992240246
3005311,0
3005312,3.00047337883158
3004452,5.90329345450893
3004460,702.913336347572
3004473,6.69338924324761
3004461,379.973400184061
3004458,10.8343054628751
3004459,1192.39254843756
3004474,72.798413690091
3004462,190.788180119217
3004457,490.227141587444
3004471,10.2334356384744
3004472,5.66586456276983
3004475,3.78536470595321
3004463,109.143374099081
3004464,4396.17260929096
3004456,0
3004470,280.249720445336
3004484,14.4776377754626
3004476,414.279465895961
3004477,299.164975677646
3004465,15.8907145190164
3004453,0
3004454,3.65975903369435
3004455,2291.74694736429
3004469,1.35367575617546
3004483,3.00940951716438
3004478,4.84596229037259
3004466,1.88567323809842
3004467,23.2972811869811
3004468,18.3136239292916
3004482,489.684232008405
3004479,7.77298823437591
3004480,377.335994538844
3004481,83.1012143288356
3004491,5.3420796467716
3004492,619.336875159162
3004489,0
3004490,232.465138549537
3004486,0
3004487,1.79282117907904
3004488,1167.34693094854
3004493,329.012701142679
3004485,2.91074161793879
3004494,169.937988564863
3004517,6.8207697199215
3004516,1.51309074129584
3004515,235.248141686147
3004500,11.4872090398917
3004501,9.02991317593294
3004499,0.929770409393118
3004513,151.092848320024
3004514,40.9747821131001
3004502,0.667457986132326
3004495,80.475844182936
3004498,7.83524729809199
3004512,3.80778565009895
3004503,140.90580056919
3004506,3.3003147794565
3004497,2374.27611199246
3004511,2.38940249646168
3004504,5.04580828260439
3004507,34.972928305356
3004508,1.86645279852706
3004496,53.8154106280803
3004510,147.509513468191
3004505,2.79367236468014
3004509,149.490046233853
3004724,648.033299023751
3004725,388.727745184957
3004722,10.3185961832669
3004723,1196.29199464217
3004726,155.444657050941
3004727,103.948186366602
3004720,0
3004721,466.892495273589
3004735,9.74632755950072
3004728,4799.71094062761
3004733,1.28924124752767
3004734,272.169295871894
3004729,15.1343218766691
3004730,1.79591582904913
3004718,3.48555574015851
3004719,2225.66913533233
3004731,22.3331294133657
3004732,17.3288216600232
3004716,5.6222986805317
3004717,0
3004737,6.37478617666426
3004736,5.39617132382284
3004748,13.1747882945657
3004747,2.94171118695373
3004746,451.452080845719
3004744,305.441306286669
3004745,79.1456246029465
3004742,4.61529612258361
3004743,7.35500124928954
3004738,67.5526290116995
3004739,3.60518262485435
3004740,288.750359878521
3004741,288.655534721584
3004752,2090.16811240067
3004765,15.5494862532809
3004753,0
3004751,3.12765646331699
3004766,1.1568610635449
3004754,413.53693558111
3004764,20.0399482214654
3004767,245.816450079794
3004755,9.25907558244501
3004756,1087.51137863398
3004750,0
3004768,8.74556789721307
3004769,4.84208871591674
3004757,620.572230929725
3004758,342.072491513685
3004763,1.61150994820796
3004770,5.75754624688793
3004771,61.8107010008101
3004759,139.483492033141
3004760,93.2747146154659
3004761,4536.91348786608
3004762,13.5803192271805
3004776,6.59978462831837
3004772,3.23499997666113
3004773,259.101272991863
3004774,259.016184547698
3004775,4.14139432102843
3004749,5.04499715906535
3004781,11.8219919100928
3004780,2.65687942065789
3004779,407.740144012663
3004777,279.479000778969
3004778,71.948794868048
3004815,8.29254611906674
3004816,0
3004847,20.33720327023
3004817,5.17452887354703
3004818,3198.4192019515
3004846,4.22741430771714
3004819,0
3004824,584.647264732021
3004828,22.3221976053414
3004845,687.875185098227
3004822,1707.99728933061
3004823,1006.86143559782
3004837,101.599281930225
3004825,276.865594184642
3004826,153.317206790031
3004827,6421.21276939663
3004841,6.80727903734474
3004829,2.64886582598694
3004831,25.8936107347322
3004832,1.90155185827219
3004820,702.20719685376
3004821,15.2192972298075
3004835,7.95902212099385
3004836,9.58769047901364
3004838,5.31742351002873
3004839,581.951685715475
3004840,422.988997457383
3004842,10.8481762587111
3004830,33.1549490529358
3004844,116.734947649599
3004833,396.244740950611
3004834,14.3752360682211
3004843,536.996380580467
3004848,5.76185209875444
3004849,0
3004850,3.57207217153013
3004851,2450.08752591232
3004852,0
3004853,472.297324471027
3004854,0
3004855,1299.89595375214
3004856,699.59052292942
3004857,395.793749692433
3004880,13.5018052044346
3004879,3.07413280655681
3004878,465.676853812351
3004858,159.303013653559
3004860,5114.6047490823
3004861,15.5099771860687
3004862,0
3004863,22.8874693241993
3004864,17.8748343252684
3004865,0
3004866,278.924923370966
3004873,293.902500843027
3004874,0
3004875,0
3004876,319.190797620673
3004877,81.6394187154248
3004867,0
3004869,6.53301740057149
3004870,69.229380963914
3004871,0
3004859,106.528327613055
3004868,0
3004872,295.917552876222
3005178,18.9051675556956
3005179,0
3005180,11.7202978775545
3005181,7483.88698606435
3005210,46.3643168114462
3005209,9.63756784312366
3005182,0
3005183,1590.4979409743
3005208,1568.20299157416
3005192,6.0388271049465
3005188,635.311073782233
3005189,349.529256988078
3005190,14927.3974701845
3005191,50.8896640285216
3005205,24.7314379564445
3005193,75.5859368336978
3005186,2310.39982300213
3005187,1367.9989331281
3005201,12.1225472826194
3005202,1370.57740331764
3005203,983.322795446711
3005204,15.5190877387439
3005206,1240.26244760819
3005194,59.0316945523558
3005195,4.33511686040837
3005185,3919.26485158756
3005199,21.8578096974515
3005200,233.135320004942
3005207,266.129812633396
3005196,921.150405080854
3005184,34.6966251472384
3005198,18.1448067477025
3005197,32.7723527394724
3005542,0
3005543,4.33577658747515
3005544,2697.46777846203
3005545,0
3005541,6.99372863442811
3005546,588.384681596736
3005550,459.030983631008
3005547,12.8355794835128
3005549,843.656755229234
3005563,86.8082738845088
3005551,233.501605675121
3005548,1421.86530826432
3005562,7.92976808159844
3005564,4.48458368871326
3005552,129.30394644566
3005553,5345.50009582695
3005554,18.8259902729861
3005560,12.1237191416785
3005561,6.71244272994238
3005565,484.460319798908
3005566,356.738475866163
3005567,5.74109105242794
3005555,2.23398803093395
3005557,21.6964508136737
3005558,1.60372188349613
3005559,334.183030306706
3005573,16.8204538636546
3005568,9.1490839897083
3005556,27.780780700159
3005570,98.4513723883089
3005571,580.13694586186
3005572,3.56529684236472
3005569,447.036145186221
3005780,1717.38510997521
3005783,259.81491838587
3005785,37.8277172566005
3005787,55.8208892204295
3005779,2951.44547089907
3005708,14.2241371053354
3005709,9261.66144681205
3005707,0
3005706,22.7951792003563
3005717,421.449956755882
3005716,771.034312645123
3005730,1641.87937313223
3005718,17998.9253903907
3005715,1692.96289506043
3005729,14.6169367109813
3005731,1185.65568212856
3005719,61.360948405167
3005720,7.28140311963287
3005714,2785.79800124215
3005728,284.786995985373
3005732,18.7123644891547
3005733,29.8202889997555
3005721,91.1388365151971
3005710,0
3005711,1917.76589525037
3005712,41.8359575787312
3005713,4850.27422827012
3005727,26.8746935813094
3005734,1505.22309976124
3005722,71.1783194651582
3005723,5.22712985200297
3005724,1103.48955556518
3005725,41.3564928843014
3005726,21.8783631592359
3005735,320.889870542715
3005736,1890.88343756562
3005737,12.6459753799581
3005738,55.904445549365
3005750,343.745664021485
3005747,2257.43907030078
3005748,1362.97865383461
3005749,628.875854736572
3005746,3930.36341460788
3005745,34.1225068062008
3005744,1564.18027937405
3005743,0
3005751,14776.1942620767
3005742,7505.0798358709
3005741,11.6015801544816
3005740,0
3005739,18.5923474071061
3005752,50.0476026071577
3005753,5.93890380161103
3005754,73.8532981499104
3005755,58.4337482851526
3005756,4.26338452074882
3005762,11.9219578389628
3005763,1356.69449434066
3005764,960.782317873622
3005765,15.2622963975349
3005766,24.3222116391651
3005767,1203.97560902974
3005768,261.726214131197
3005769,1542.25424018661
3005757,905.908307609792
3005761,230.77383613755
3005770,10.247519343488
3005758,33.7314427970115
3005759,17.8445681422407
3005760,21.7775959584142
3005771,45.5971354346359
3005786,4.48882987632583
3005784,11024.0163109416
3005777,1189.9767114228
3005778,25.7909764366373
3005781,1071.1855650245
3005782,451.225228809318
3005776,0
3005775,5562.98349170725
3005789,3.22241417781695
3005788,43.8799173335669
3005774,8.76887744770319
3005773,0
3005790,680.277798640028
3005791,25.0027266244887
3005772,14.0527422736512
3005794,174.426884982974
3005795,9.01103003509097
3005792,13.4875447191607
3005793,16.3535480509615
3005796,1005.62142446969
3005797,721.484585895706
3005804,34.2404619288757
3005798,11.53577399789
3005799,18.62428116227
3005800,880.88769391959
3005803,7.74543123173635
3005801,197.821767897818
3005802,1165.68934966784
3005813,2130.11897919073
3005814,1320.00653130473
3005815,589.559911465344
3005816,322.25543677773
3005817,13762.6104125331
3005811,31.9892422965836
3005812,3660.75726235879
3005826,20.5493344571132
3005827,217.758137849431
3005828,11.1766231046932
3005829,1231.17867750943
3005830,900.716308309076
3005818,46.9187359315747
3005809,0
3005810,1466.39114871072
3005824,31.8289815404971
3005825,16.7289647628205
3005819,5.56761652257369
3005822,3.99684704328213
3005823,843.766864862435
3005820,68.7872771628693
3005808,7081.79157925189
3005821,54.7805981198204
3005807,10.8762747324738
3005806,0
3005805,17.4299945032203
3005837,42.4693665895406
3005834,245.363663542121
3005835,1445.83587754747
3005836,9.66955685775365
3005832,22.8016401530221
3005833,1143.48458328519
3005831,14.3081310009233
3005843,987.42023269558
3005844,21.540518094384
3005845,2481.12088395806
3005846,1425.05377512143
3005856,564.481687568179
3005857,21.2936510803674
3005858,11.2647422165523
3005859,13.4818891150904
3005847,871.673555112056
3005842,0
3005869,6.42701276063157
3005870,28.5974938386311
3005860,145.680621334889
3005848,386.7950745396
3005841,4526.85860935332
3005855,2.69134714908513
3005861,7.52597545101795
3005849,216.996357793246
3005850,9207.2133601462
3005851,31.593554824762
3005854,36.6483275895315
3005868,967.267037960391
3005862,823.660950103541
3005863,614.454625795868
3005864,9.63463128837913
3005852,3.74905236376599
3005853,46.6213784984575
3005867,165.219931914357
3005865,15.5549234964552
3005866,740.51473264718
3005839,0
3005840,7.32373059987619
3005838,11.7367929037108
3005871,15.2492414764194
3005903,37.3982754114204
3005902,8.35041312928957
3005872,0
3005901,1264.94018273607
3005874,6236.18417592237
3005875,0
3005876,1274.60618552149
3005873,9.45379891417832
3005887,47.6160056417962
3005888,3.49678169411135
3005889,743.016157978856
3005877,27.9869095964527
3005883,12119.274100847
3005885,4.87102441628095
3005886,60.1809598831592
3005900,214.664999131322
3005890,26.4347575445872
3005878,3161.34813171206
3005879,1863.60923299099
3005880,1125.19519887523
3005896,788.023225401275
3005884,41.0485002652612
3005898,19.9488139074062
3005899,1013.51669242833
3005891,14.6359210424094
3005892,17.403025266859
3005893,189.278194767171
3005881,515.797148019207
3005882,283.776249688858
3005897,12.5179697944834
3005894,9.7782603765541
3005895,1098.36447504892
3006192,900.637348442673
3006168,12.5856751176158
3006113,174.695625282597
3006111,661.851035946058
3006112,315.471492782693
3006110,1154.7437980161
3006108,17.3414628507034
3006109,1997.45732431946
3006107,784.660889742829
3006106,0
3006105,3789.44245976573
3006104,5.85783514622217
3006103,0
3006114,7269.14599592491
3006102,9.44885156588529
3006125,6.05888043766041
3006115,25.4347855011952
3006116,3.01822138198895
3006117,37.5331224503076
3006118,29.6967242433133
3006119,2.1667026020314
3006120,454.443025556478
3006123,10.995878605049
3006124,116.521634997527
3006126,667.42560204022
3006127,481.970216817708
3006128,7.75648012900913
3006129,12.3608365582003
3006130,603.966553643035
3006131,133.012367619679
3006132,773.661834426622
3006133,4.81688129647862
3006121,16.379706531975
3006122,9.06882127046065
3006134,23.1730052756422
3006147,7325.15900428841
3006148,26.3063712830343
3006141,17.9357109310048
3006143,1194.31394795782
3006144,654.062901778789
3006145,322.064892593621
3006146,181.861050644517
3006149,3.12164819653239
3006142,2012.84889767286
3006150,39.0726045471398
3006151,30.5152274829443
3006139,0
3006140,811.549234251688
3006152,2.24095002123278
3006138,3919.29707044738
3006137,6.09810378749343
3006136,0
3006135,9.77263981560915
3006153,473.082745787607
3006154,16.9409976552398
3006155,9.37958684294807
3006217,26.7832402551548
3006220,14.8691275729767
3006167,23.6573244363224
3006156,11.0806082611343
3006157,122.092514012387
3006166,4.98194363799592
3006158,6.26650294908595
3006159,655.295710996308
3006164,137.570365107829
3006165,794.985557294799
3006160,501.739009594795
3006161,8.02227508911383
3006162,12.8678363850442
3006163,632.842089069898
3006174,23.0984703253412
3006175,2626.18549922074
3006176,1538.0948874659
3006187,21.817430774087
3006188,12.0794826137209
3006189,14.3632601274654
3006177,864.536517396677
3006170,7.80251541987219
3006171,5113.54883391755
3006172,0
3006173,1058.83697149823
3006190,153.198481114112
3006178,417.477246846811
3006183,49.6692252219193
3006184,39.0441916493598
3006185,2.88600311217874
3006186,605.308723418846
3006191,8.07030359543244
3006179,232.690964499188
3006180,9682.35232073484
3006182,4.02020853877125
3006181,33.8786089264059
3006169,0
3006193,650.38017237595
3006194,10.3314713200074
3006200,30.6658530642756
3006199,6.41598639314848
3006197,177.169726269196
3006195,16.4643789796777
3006196,820.32279552757
3006198,1043.9946280444
3006203,5.31761041753791
3006202,0
3006204,3623.7071301172
3006205,0
3006206,716.945557221682
3006207,15.7421882330912
3006208,1922.56080087104
3006209,1014.70782167832
3006228,11.2208881968555
3006218,1.96688367642084
3006219,423.406981678719
3006221,8.23247108510587
3006222,9.78892287595991
3006210,604.734052591322
3006216,34.2940571413275
3006230,122.32662557635
3006231,693.235738285236
3006232,4.54667715019655
3006233,20.0996330877363
3006223,105.089939196406
3006211,237.148446131893
3006215,2.73987318909971
3006229,459.962739711819
3006224,5.50011479150248
3006212,158.584742266116
3006213,7814.6147070763
3006214,23.0891237074543
3006225,443.396048890782
3006226,434.685119041853
3006227,7.04115744261684
3006201,8.57745400242702
3004624,846.975308268327
3004625,432.720701958375
3004626,236.978357714571
3004627,105.842612350796
3004628,70.7785510476766
3004629,3268.13384340538
3004630,10.3049933910531
3004636,6.63629608952115
3004637,3.67426504353052
3004638,4.34060607110333
3004639,45.9967351815722
3004640,2.45477685920871
3004641,196.61076158288
3004642,194.005945642243
3004643,3.1425653840689
3004631,1.22284307814075
3004632,15.1080889644102
3004649,8.970742621334
3004644,5.0080366918823
3004645,202.634467051892
3004633,11.876229563607
3004635,184.119200641563
3004646,53.8904316368111
3004634,0
3004648,0
3004647,309.400642137179
3004622,309.743672525738
3004623,7.0259550669021
3004619,2.37332264763394
3004617,3.82823566312025
3004618,0
3004620,1535.30602810968
3004621,0
3005019,8.08888149703261
3005017,0
3005018,370.795410539791
3005016,1733.41942563512
3005015,2.75020260325285
3005014,0
3005013,4.40739292051115
3005020,896.048362916932
3005021,524.794385748332
3005022,291.165418855417
3005023,143.371775246109
3005024,81.4863326771552
3005025,3303.59601359225
3005026,11.8639913825532
3005027,1.40784173174458
3005035,53.6487629614984
3005036,2.8261494596424
3005037,295.533830365202
3005038,223.356268162385
3005039,3.61799054311605
3005040,5.765680956922
3005028,17.3937265633019
3005034,4.99727763700831
3005041,267.434375404496
3005029,13.7621563992669
3005030,1.01065294998647
3005033,4.23012875015614
3005042,62.0432825407046
3005043,356.208530444948
3005031,209.23415774335
3005032,7.64027269406182
3005044,2.24682210076113
3005045,10.4631174925948
3004691,398.650839738396
3004692,208.602780862281
3004693,99.4305774307321
3004690,795.664828184476
3004688,290.979139032165
3004689,6.60031677023514
3004687,0
3004694,66.4907265993811
3004686,1423.65502613146
3004685,2.21509009163862
3004684,0
3004695,2858.15937680505
3004696,9.68070818108997
3004697,1.14876221085443
3004683,3.59631791081833
3004698,14.2854440643689
3004704,4.07764848640284
3004705,43.49218416226
3004700,0
3004701,174.093794929148
3004702,6.23426366306458
3004703,3.45167496150757
3004706,2.30606440216879
3004699,11.0844256505107
3004713,288.77249261829
3004714,0
3004715,8.4272874507808
3004707,184.699915460229
3004708,176.421069096301
3004709,2.9521861168372
3004712,50.62570373717
3004710,4.70464559602687
3004711,187.898420382732
3004881,5.41800260577112
3004882,0
3004883,3.33712541163664
3004884,2288.93733128398
3004885,0
3004893,5000.78269163966
3004894,14.5843897707365
3004895,0
3004896,21.5216160207974
3004886,438.372183048349
3004887,0
3004888,1222.32218806569
3004892,100.171046861952
3004889,632.662683704467
3004890,369.761112441295
3004891,149.796303044425
3004897,16.9178016521409
3004898,0
3004912,0
3004913,12.6960592751165
3004899,262.279547572054
3004900,0
3004901,0
3004907,0
3004908,7.18054895641201
3004910,77.2683800974419
3004911,437.886701039763
3004902,6.14314715011448
3004904,0
3004905,278.258109562266
3004906,272.79146889563
3004909,298.196584713527
3004903,66.3807190624804
3005905,0
3005906,4.08635698503201
3005907,2660.72062339628
3005908,0
3005904,6.59140785511645
3005909,543.821489047646
3005910,12.0972007715762
3005936,15.95628991376
3005912,784.848072075542
3005911,1375.39381612734
3005935,3.36019980771049
3005920,20.5817787135141
3005921,1.511466282558
3005917,17.7430075789398
3005918,2.10547578052237
3005919,26.3535214017117
3005933,92.7878651328825
3005934,539.6974073606
3005922,319.082805213375
3005913,458.706201113041
3005914,213.02730734835
3005915,122.660855242344
3005916,4972.88194337927
3005930,5.41082942132294
3005931,8.62277437817899
3005932,379.67783359845
3005926,81.8145467576096
3005927,4.22660381862655
3005928,416.850585134172
3005929,336.216761467008
3005923,11.4262908615441
3005925,7.47360075782719
3005924,6.32630318530788
3006731,2.78324129829649
3006732,1720.34452404819
3006733,0
3006734,360.887400023715
3006735,8.18605473390921
3006736,906.8127584461
3006730,0
3006744,17.6026806334193
3006745,13.9274837420163
3006746,1.02279411172127
3006747,213.129495302354
3006748,7.73205671000696
3006749,4.28094607307133
3006737,517.459244657554
3006738,212.856025987554
3006743,1.42475439613876
3006757,218.365986023777
3006758,62.788620025639
3006759,369.989745931471
3006760,2.27381359226671
3006750,5.0573108620886
3006751,55.0041533396741
3006739,122.519446495552
3006742,12.0065157161513
3006756,5.83494515390492
3006752,2.86010051838783
3006740,82.465243137192
3006741,3343.28272653163
3006755,3.66145413597404
3006753,229.07440202328
3006754,227.514518754906
3006729,4.46033975085231
3006761,10.4519584032056
3007728,509.588334079089
3007729,287.649850613409
3007730,193.61101888485
3007731,8108.79334934589
3007726,2142.89824323876
3007727,1246.9081917374
3007724,875.295806110566
3007725,19.2191320535198
3007723,0
3007719,10.4719381266899
3007720,0
3007721,6.53446425506925
3007722,4199.74921784054
3007732,28.1887696273901
3007750,5.77180418197484
3007751,24.538996537246
3007733,3.34502318556418
3007737,497.139055535879
3007738,18.9988694896737
3007739,10.0507595620564
3007740,11.8735005388566
3007741,131.682787638975
3007735,32.6987978839514
3007736,2.40130511408716
3007742,6.71491351279862
3007743,537.818439489478
3007746,13.6992220407975
3007734,41.3273859736416
3007748,147.414452866083
3007749,874.326446323404
3007744,537.641820773056
3007745,8.59632299497055
3007747,512.677334541087
3007026,5.39378713635401
3007027,0
3007028,3.32221031021892
3007029,2400.41813026798
3007030,0
3007031,442.127147591473
3007032,9.8992092951691
3007033,1224.79975055144
3007034,646.436714152875
3007035,262.473953525991
3007036,149.126796575139
3007037,107.818779091866
3007038,5043.61789519752
3007039,14.5192056299824
3007040,1.72292299771304
3007041,21.4254263227704
3007042,16.7329965774258
3007043,1.23684159303933
3007058,12.8048099081607
3007044,262.811170064214
3007057,2.74967091959565
3007056,435.929590128466
3007045,9.35019983893066
3007050,277.01445000127
3007052,4.42771298199721
3007048,66.5152681862153
3007047,6.11569068640219
3007049,3.45865432825198
3007054,264.065006753632
3007051,278.730554755148
3007053,7.05606610044663
3007055,75.9288462137882
3007046,5.17685045313984
3006300,7.54175935927034
3006301,0
3006302,4.67552937317675
3006303,3270.14164857205
3006304,0
3006305,614.187890895285
3006306,13.8413794359862
3006307,1723.7280831825
3006308,903.867730759931
3006309,369.394037346098
3006310,208.513681640911
3006311,154.729270725394
3006312,6960.99696005641
3006313,20.3012006556693
3006332,18.0209135645012
3006314,2.40904401950273
3006331,3.99768333836275
3006315,29.9576912123633
3006330,609.530184121537
3006328,369.223828414959
3006329,106.166052181013
3006323,4.83599704459365
3006324,387.330138942488
3006326,6.19096471143138
3006321,8.55114714514921
3006327,9.86600902249266
3006316,23.3965913663666
3006325,389.729649483387
3006317,1.7293900230821
3006318,367.470675324494
3006319,13.0737374990237
3006322,91.206504846007
3006320,7.23843180487494
3007235,144.523854797328
3007233,380.389870499367
3007234,214.720554036496
3007230,14.4400280668786
3007231,1641.76206404338
3007232,918.743635936614
3007246,97.0261675297267
3007247,5.01244810904853
3007236,6052.93066144857
3007243,13.5507590680682
3007244,7.50254052644293
3007245,8.86315292227405
3007237,21.0419307331224
3007228,0
3007229,653.377709159572
3007238,2.49694282871212
3007239,31.2533807722023
3007241,1.79249029126188
3007242,380.878580916464
3007240,24.2502629904687
3007227,3054.45423848533
3007225,0
3007226,4.87774904867182
3007224,7.81693559584258
3007248,401.462656948938
3007249,403.949718450933
3007256,18.3175027580963
3007255,3.98495527258971
3007252,382.695701318346
3007253,110.039733811413
3007254,652.654115978082
3007250,6.41685449243443
3007251,10.2259901758903
3007322,16.1836595451142
3007294,0
3007295,551.570689654775
3007296,12.4302339959059
3007297,1558.09339870246
3007291,0
3007292,4.19885347642573
3007293,2955.91060166225
3007307,1.55307661035621
3007308,332.160065746988
3007309,11.7408540865086
3007310,6.50046489326606
3007298,833.113195062707
3007304,2.16343905658729
3007305,26.7290466947702
3007306,21.0112804677844
3007320,547.387841742125
3007321,3.56683910867954
3007311,7.88176552509182
3007299,329.583157894317
3007300,187.255458614604
3007302,6012.04984109505
3007303,18.2314685985507
3007317,8.86015742307152
3007318,331.581010786382
3007319,95.3422942514342
3007312,82.9803655937064
3007313,4.34296127389744
3007301,140.77385680461
3007315,343.232952383993
3007316,5.55978834186226
3007314,347.841360970452
3007290,6.77286783518223
3007422,6.6520501570768
3007423,0
3007424,4.15086333097787
3007425,2616.23893547453
3007426,0
3007427,548.824758102792
3007428,0
3007429,1379.04868046378
3007430,786.933666175582
3007431,325.816238240342
3007432,182.722740605122
3007433,122.98680463956
3007434,5051.38278022796
3007435,17.9062468818228
3007436,0
3007437,0
3007438,20.7711352921177
3007439,0
3007440,315.795786076877
3007441,0
3007442,0
3007443,7.59157740003233
3007444,82.0319543579924
3007445,0
3007446,341.636399260853
3007447,343.752837045476
3007448,0
3007449,0
3007450,325.666109033987
3007451,93.6415324918636
3007454,15.587815148951
3007452,548.216953693141
3007453,0
3006870,343.201651154413
3006868,1471.65442656136
3006866,593.348077115864
3006867,12.9438556839078
3006881,6.76906641375037
3006869,850.773531531471
3006882,7.99666067176092
3006871,193.728735692604
3006872,130.394706705856
3006873,5252.15243480037
3006865,0
3006879,343.642583563744
3006880,12.2259903515606
3006874,18.9847993628327
3006875,2.25283312756773
3006864,2865.51607992101
3006878,1.6172502880577
3006876,27.8335004071114
3006877,22.022249478723
3006883,86.9730103190111
3006863,4.40088355986815
3006862,0
3006861,7.05272514207327
3006884,4.5224139777774
3006885,362.214289672949
3006893,16.5267208176476
3006892,3.59537236765496
3006889,345.28205603827
3006890,99.2818717467185
3006891,577.469572156618
3006887,5.78952077280611
3006888,9.28646864196641
3006886,364.458207506215
3007853,1.96521679011525
3007851,3.19063516540953
3007852,0
3007854,1356.74003506563
3007857,5.85576784705401
3007863,2636.66112236352
3007864,8.58867561617349
3007862,62.1410450597889
3007876,160.645558301321
3007877,2.61916467698242
3007865,1.01917605660499
3007875,163.86483618226
3007878,4.17393791419756
3007866,12.5918057752728
3007867,9.8340466960662
3007855,0
3007856,259.839831729768
3007858,705.909834347
3007859,351.388022907571
3007860,152.263271324889
3007861,88.2143082826847
3007879,156.204736153485
3007880,44.9148697704158
3007868,0
3007869,155.463042917953
3007870,5.5310073711705
3007871,3.06230866815766
3007872,3.61766923156562
3007873,38.5860470764104
3007874,2.04592874092841
3007881,256.197503279466
3007882,0
3007883,7.52543622347858
3007487,10.7758762771061
3007464,220.884719839254
3007465,127.140744493712
3007463,554.727729522128
3007477,55.975864198998
3007478,2.94873823041448
3007466,93.7341557234806
3007461,8.43974972031749
3007462,1044.22515414498
3007476,5.2140425786633
3007479,236.173673796659
3007467,4162.43281664926
3007468,12.3786110588324
3007460,379.403247640281
3007474,7.9716817901848
3007475,4.41361737702971
3007480,234.565448002192
3007481,3.77492669234636
3007469,1.4689091274364
3007470,18.2666342758839
3007473,222.611748528237
3007482,6.0157766264067
3007483,225.133392015683
3007471,14.2660185246634
3007472,0
3007486,0
3007484,64.7345095440678
3007485,369.250090359493
3007459,0
3007458,1930.15753709104
3007456,0
3007457,2.85089343169162
3007455,4.5985706654077
3006596,9.13191001003852
3006570,7.10581332842073
3006569,315.308493742435
3006583,6.71172541743253
3006571,851.048627300308
3006565,0
3006566,2.4002982571928
3006567,1604.08501901597
3006568,0
3006582,183.80524765989
3006584,3.71602739696732
3006572,440.494915144156
3006573,185.973001367534
3006574,107.045638407245
3006575,77.8991103455481
3006576,3527.412613787
3006577,10.4221217884502
3006578,1.23674213120905
3006579,15.3795192516775
3006580,12.0112169122756
3006581,0.887824998432247
3006595,2.03900368143795
3006585,4.3899421758001
3006586,46.51954229778
3006587,2.4826782919002
3006588,198.845474652684
3006589,200.077322537648
3006590,3.1782843441093
3006591,5.06495893235025
3006592,189.550153816342
3006593,54.502959918308
3006594,312.917345155993
3006564,3.87174807414898
3006769,1927.79461063645
3006770,1121.74383434873
3006771,455.46382592262
3006772,255.431095050838
3006773,171.925257260539
3006774,6924.95639843378
3006775,25.0314341506021
3006776,2.97035765336592
3006777,36.9379125700594
3006779,2.13234247657165
3006782,8.92500557728111
3006783,10.5435870669126
3006784,114.673805030675
3006785,5.96279715803152
3006786,477.579086672143
3006787,471.251835773651
3006788,7.63347587816781
3006789,12.1648152424327
3006790,455.25395785994
3006778,29.22578597528
3006792,771.362331973055
3006780,444.33681288863
3006781,16.1199529456245
3006791,130.903023386269
3006793,4.74049395771023
3006794,21.7904606715109
3006762,9.29900925483163
3006767,782.328695545193
3006768,17.0664574860321
3006763,0
3006764,5.76494009437795
3006766,0
3006765,3778.17935766332
3006837,125.991123625407
3006838,73.9491908819792
3006839,49.7736333317701
3006840,1966.08506279617
3006841,7.24678528933274
3006842,0.85994050588393
3006835,550.897526600466
3006836,304.30238024842
3006834,4.94086564543987
3006833,226.489942533453
3006832,0
3006831,1058.8104786058
3006830,1.66899278796687
3006843,10.6244684205499
3006844,8.29758022266704
3006829,0
3006828,2.69213194369296
3006845,0.617328915237846
3006849,3.05244642370853
3006847,4.66684558176934
3006848,2.58385511335544
3006850,33.1989145475357
3006846,126.976208900733
3006860,6.30849950074836
3006851,1.72627387101024
3006852,138.262677198837
3006859,1.37240805581565
3006853,135.546377662977
3006858,220.428876837887
3006854,2.20994771484366
3006855,3.56791729819713
3006856,131.799387317588
3006857,37.8973932734882
3006901,1332.64018501072
3006898,0
3006899,490.534321213745
3006900,10.7009792509271
3006914,5.5961408262412
3006902,712.563266956796
3006897,2528.19584137561
3006911,1.33701751616228
3006912,284.097122700647
3006913,10.1075036889308
3006915,6.61102085923322
3006903,283.732593871021
3006904,161.205072882595
3006905,118.847985869231
3006896,3.61472229273511
3006910,18.206293432608
3006916,72.371764659331
3006917,3.73878227029865
3006918,299.450773620597
3006906,5381.6517623717
3006909,23.0105864597566
3006923,82.0785765462197
3006919,295.483472226292
3006907,15.6951644877544
3006908,1.86246827395293
3006922,285.452511802689
3006920,4.78632821436912
3006921,7.62756041241575
3006924,471.236980624947
3006895,0
3006894,5.83064793449809
3006926,13.9322401375047
3006925,2.97237593227068
3007142,1.2358320882244
3007156,2.74742664995884
3007157,12.7943586771144
3007134,255.524412042022
3007138,14.5073551164851
3007141,16.7193391772315
3007155,432.749858782998
3007147,65.6020078526973
3007135,149.005079921992
3007136,107.032333851002
3007151,4.42409910161058
3007152,7.05030696949328
3007140,21.4079389815001
3007154,75.8668734144611
3006959,12.2909726381556
3006932,432.747631436838
3006933,0
3006934,1183.3221823382
3006929,3.18889513502858
3006930,2230.36536863856
3006931,0
3006945,252.26496319967
3006946,0
3006947,0
3006935,628.62077675108
3006928,0
3006942,20.5656570134759
3006943,16.1663374099663
3006944,0
3006958,0
3006948,5.87027745270058
3006936,248.685078987383
3006937,143.142568258877
3006941,0
3006955,253.468485356803
3006956,72.8819387366018
3006957,421.166932557232
3006949,63.8461130746914
3006950,0
3006938,104.847269929433
3006939,4968.8340737516
3006940,13.9365723041415
3006954,0
3006951,265.898287421622
3006952,260.674467014394
3006953,0
3006927,5.17734277856888
3006993,2.7869552849649
3006994,0
3006995,1.71657711877894
3006996,1162.18453730247
3006997,0
3006998,229.93663968197
3006999,5.11489477888332
3007000,604.68289650504
3007001,317.076320114399
3007002,130.428833055197
3007003,77.0534141111666
3007004,54.2789460293533
3007024,0
3007025,6.57331633590203
3007005,2303.07016273649
3007006,7.50203444092974
3007023,223.783337405759
3007010,0.639072719639324
3007012,4.83122307162464
3007015,33.2685247115206
3007017,143.132620165753
3007019,2.28778737156951
3007007,0.890229672153818
3007008,10.9986876698088
3007009,8.58984089103008
3007014,3.15996090479766
3007011,134.038764706894
3007016,1.78707737537901
3007013,2.67486468507608
3007018,140.320646048085
3007020,3.64585034829426
3007021,136.44167771956
3007022,39.2322303211699
3007059,1.98127090681379
3007060,0
3007061,1.22032969925522
3007062,815.528896448445
3007063,0
3007064,158.233356412716
3007065,3.63622346992299
3007066,418.834400845566
3007067,216.784820445775
3007068,90.9312307667207
3007069,54.7779465543353
3007070,38.3372067839165
3007071,1735.97806428192
3007072,5.33326195074435
3007073,0.632872066278219
3007074,7.81906333800334
3007075,6.10659307789063
3007076,0
3007077,93.447971278641
3007078,3.43455877020216
3007079,1.90158471820319
3007080,2.2464438669397
3007081,23.9605622448616
3007082,1.27044894877392
3007083,101.754232541986
3007084,99.1084392222544
3007085,1.62640806787245
3007091,4.64273177834538
3007090,0
3007089,160.127678847299
3007088,27.8905359422481
3007087,96.9975829899377
3007086,2.59186692540111
3007125,5.3893847503771
3007126,0
3007127,3.31949873638178
3007130,450.471136522311
3007131,9.89112960290801
3007129,0
3007143,262.596664711961
3007144,9.34256824583816
3007132,1239.82410508743
3007133,625.24092734554
3007128,2321.7116616784
3007145,5.17262512995534
3007146,6.11069908583726
3007139,1.72151675533589
3007137,4722.14762476671
3007148,3.45583138939126
3007149,276.788351992717
3007150,274.903560347117
3007153,263.849478025238
3007758,20.2356018900265
3007759,2270.95592222532
3007760,1330.04530512853
3007761,543.564935880142
3007757,933.655809810602
3007771,19.1133368222779
3007762,302.863201341734
3007772,10.582328516386
3007763,203.85080287529
3007756,0
3007770,530.285606585206
3007764,8427.31035098144
3007765,29.6796295670944
3007766,3.52193623039229
3007767,43.7970735302321
3007768,34.4281861646765
3007769,2.5283063860448
3007752,11.0257825565998
3007753,0
3007754,6.88006184993008
3007755,4450.72246813798
3007773,12.5014714127694
3007775,7.07005478668676
3007774,135.086567428751
3007784,25.8368256862832
3007783,5.62077681140394
3007781,155.210972729011
3007782,920.568204664677
3007777,569.770814257249
3007780,539.792036962118
3007778,9.05096907393625
3007776,566.262815631742
3007779,14.5178752755002
3006436,0
3006435,1538.30940461245
3006432,3.83572448478002
3006433,1.21920545878219
3006434,2.36254844849312
3006437,308.337525740881
3006438,7.03969928985902
3006441,181.861434862304
3006440,433.567193253745
3006454,46.0867143200105
3006442,106.049662417106
3006439,854.169952400276
3006453,4.37747741279853
3006455,2.45957891104952
3006443,77.1743200158177
3006444,3471.93652827295
3006452,3.68145266677608
3006456,196.99537294421
3006457,195.653931982284
3006445,10.3251520919539
3006446,1.22523521241249
3006451,6.64927805883265
3006458,3.1487128926829
3006459,5.01783344865262
3006447,15.2364248468753
3006450,186.894887470552
3006464,9.04694472560994
3006460,187.786537802301
3006448,11.8994619278131
3006449,0.879564480815267
3006463,1.99392456146358
3006461,53.9958524800428
3006462,312.028850412725
3006333,3.75039361451306
3006334,0
3006335,2.30999036827706
3006336,1494.33628033119
3006337,0
3006338,307.418663216061
3006339,6.88309167395623
3006340,803.202282443765
3006341,429.472597962126
3006342,180.143941042428
3006343,103.690444485402
3006344,76.4454881016703
3006345,3264.76872216398
3006346,10.0954551423577
3006347,1.19797820076535
3006348,14.8974700035074
3006349,11.6347423302409
3006350,0.859997381326843
3006351,181.552430296701
3006352,6.50135589037176
3006353,3.59955378140276
3006356,2.40486225718064
3006363,303.10939417239
3006354,4.33613665020739
3006355,45.3555035478635
3006364,1.93692751503989
3006365,8.84568322474965
3006357,192.612944884376
3006358,188.828883535429
3006359,3.0786655229045
3006360,4.90620496836756
3006361,183.608972714226
3006362,52.7946418349063
3006375,145.41337186348
3006374,348.93533054301
3006388,37.3326723918123
3006376,85.9058269328841
3006372,5.70252818415979
3006373,678.55213514585
3006387,3.52299839966322
3006389,1.99238880581586
3006377,60.9097676394706
3006378,2669.84904668659
3006379,8.36391845528426
3006383,0.712493678367812
3006371,253.040079884962
3006385,5.38626636927951
3006386,2.98217107386717
3006390,159.576655210499
3006391,156.441622653166
3006392,2.55062372340497
3006380,0.992505225482035
3006381,12.2622906505905
3006382,9.63919256003466
3006396,251.121145123171
3006384,151.39472858045
3006393,4.06471008009979
3006394,152.117012436316
3006395,43.7394919749967
3006370,0
3006368,1.92627751805488
3006369,1238.03301755288
3006366,3.10713939338848
3006367,0
3006398,7.32850298771207
3006397,1.61518419191769
3007201,132.470913982243
3007202,100.892214845688
3007203,4422.39387971828
3007204,12.8975642491642
3007198,1095.10240689762
3007199,566.814899086029
3007200,230.144953439885
3007205,1.53049076000954
3007206,19.0324332891207
3007197,8.79357253792966
3007207,14.8640982115945
3007196,403.098542179066
3007208,0
3007194,2064.08577470503
3007195,0
3007193,2.95115463044353
3007192,0
3007191,4.79135828159806
3007209,230.440634910164
3007213,58.3225615117734
3007211,4.59865112660208
3007212,5.43263285651138
3007214,3.07235929782296
3007215,246.074871993021
3007210,8.30588161904
3007216,247.599306034766
3007223,11.2276374113761
3007217,3.93318437093012
3007218,6.26797830378068
3007219,234.571744305895
3007220,67.4483988562692
3007222,0
3007221,389.767831984489
3007262,612.369310758657
3007275,356.973234331121
3007263,13.5337185684284
3007264,1548.75998864736
3007261,0
3007288,3.75921664771343
3007276,12.7831394816964
3007277,7.07753872198928
3007265,872.354585299017
3007260,2976.67574393467
3007274,1.69094980566678
3007278,8.36107552971099
3007266,358.841652160749
3007259,4.60143569320895
3007273,22.8765409168458
3007287,611.691132957966
3007279,90.9364468710729
3007267,202.5571245159
3007268,136.336908141195
3007269,5636.24680890758
3007272,29.4829480532256
3007286,103.806233936721
3007280,4.72850435911907
3007281,378.720713333613
3007282,383.55355654973
3007270,19.8499533623576
3007271,2.35549671401537
3007285,361.016862924378
3007283,6.05335432491262
3007284,9.64671116210009
3007258,0
3007257,7.37412402797143
3007289,17.2798580165801
3007356,5.03579827610952
3007357,0
3007358,3.12195359672957
3007359,2127.46790758733
3007360,0
3007361,415.476538131635
3007362,9.30250320660627
3007363,1128.72984967365
3007364,572.930751649053
3007365,240.31801804399
3007366,139.229162391909
3007367,100.662782597325
3007388,11.9549470587772
3007368,4383.73098742177
3007387,2.56717362526993
3007386,406.996683958493
3007369,13.555557316889
3007370,1.60857157363047
3007385,70.8894035311971
3007371,19.8737212275681
3007373,1.15475168088636
3007375,8.72962151450319
3007378,60.9005853931056
3007384,248.147654911887
3007377,5.70978865818221
3007374,243.777456311163
3007379,3.22910138341932
3007376,4.83325980958536
3007381,255.202368033923
3007383,6.58775079669956
3007372,15.7243623885797
3007382,4.1338430379589
3007380,258.628836197785
3007389,5.8319615209793
3007390,0
3007391,3.61553665340144
3007392,2323.73254171786
3007393,0
3007394,487.463867619789
3007395,10.7033900741903
3007396,1224.86530261255
3007397,694.419744122856
3007398,283.796515977753
3007399,160.196024842548
3007400,107.824549621451
3007401,4515.89478689044
3007402,15.6987004508452
3007403,1.86288786936906
3007404,23.317131352718
3007405,17.9750359893029
3007406,1.33731873279448
3007421,13.6660933093098
3007408,10.1097808081041
3007407,280.48850381898
3007409,5.59740158062371
3007420,2.97304557874661
3007419,480.630798564494
3007410,6.61251025590495
3007411,72.3880692918086
3007412,3.73962458043324
3007413,299.518236875527
3007415,4.78740652609496
3007417,287.37997346578
3007418,82.0970680260276
3007416,7.62927882524995
3007414,301.373752608273
3007785,0
3007786,0
3007787,7.04714328145141
3007788,4558.8077001462
3007789,0
3007790,943.969500564558
3007791,0
3007792,2356.56305459507
3007793,1371.235328785
3007794,549.569461953298
3007795,0
3007796,0
3007797,8802.05641871636
3007798,0
3007799,0
3007800,44.860679919461
3007801,35.0356437367857
3007802,0
3007803,543.163525446402
3007804,0
3007805,0
3007806,0
3007807,139.27004816178
3007808,0
3007809,0
3007810,583.607626390869
3007811,0
3007812,0
3007813,0
3007814,0
3007815,942.924087039477
3007817,0
3007816,0
3007850,11.3985359510341
3007849,0
3007823,406.581039228608
3007836,232.431485154453
3007824,8.92742159717931
3007822,0
3007837,0
3007825,1001.88672699223
3007826,586.781418549435
3007835,0
3007838,4.66864828924082
3007839,5.51532425343298
3007827,236.707354247827
3007828,133.615372517369
3007820,3.01562587005045
3007821,1925.59979613919
3007848,395.700580865774
3007840,60.771014354603
3007841,3.11912440949022
3007829,89.9336758096707
3007830,3598.94247152201
3007831,13.093881142431
3007832,1.55378672391203
3007833,19.1968605589805
3007834,15.1888208904588
3007842,249.820436151294
3007843,249.738395519123
3007844,3.99305230579205
3007845,6.36338469245144
3007846,238.142216621495
3007847,68.4750469786183
3007819,0
3007818,4.86428868568055
3007159,0
3007164,4.40357506637259
3007162,0
3007163,192.87577273869
3007161,1026.93509068358
3007160,1.47785566009453
3007165,534.312809391301
3007166,264.246052219472
3007167,112.290317202445
3007158,2.3993781562494
3007168,66.3377269381275
3007169,47.0354070008407
3007170,1982.78611450678
3007171,6.45873927798746
3007172,0.766426946615988
3007180,29.3968938193183
3007181,1.53855156598464
3007182,123.227410258495
3007183,121.594820465441
3007184,1.96962867509956
3007185,3.13882814476577
3007173,9.46911889283549
3007177,4.1593531006976
3007178,2.30287580533439
3007179,2.72051051930282
3007186,117.466965791831
3007174,7.39526633627173
3007175,0
3007176,115.398221802624
3007190,5.65917641935878
3007187,33.7762708147454
3007188,192.662169501126
3007189,0
3006696,3.22390726122984
3006697,0
3006698,0
3006699,1309.87071112664
3006700,0
3006701,262.549453899352
3006702,0
3006703,708.646791234274
3006704,364.411059268756
3006705,154.855041707043
3006706,89.1342113006556
3006707,65.2879071953312
3006708,2861.75540542798
3006709,8.67823873550752
3006710,0
3006711,12.8897059434738
3006712,10.0014382852643
3006713,0
3006714,158.109278655884
3006715,0
3006716,0
3006717,3.65539445901368
3006718,38.9884242173546
3006719,0
3006720,165.573626516594
3006721,162.320777852229
3006728,7.65353147945911
3006727,1.70890633454157
3006725,45.3832441765402
3006726,260.558404599946
3006724,157.833646599039
3006722,0
3006723,0
3007093,0
3007094,2.98035825270595
3007095,2004.72794711401
3007096,0
3007097,394.061251039953
3007098,8.88059074025825
3007099,1056.71442797903
3007100,561.362454312887
3007105,13.0251941573203
3007106,1.54563597590923
3007107,19.09615898234
3007108,15.0111882708428
3007109,1.10957185274096
3007110,234.239627733675
3007111,8.38807379794402
3007112,4.64415781372466
3007113,5.48639234311888
3007101,233.939071724737
3007102,133.78180108141
3007118,3.97210582542532
3007119,6.33000408475616
3007120,236.892986488016
3007121,68.1158452659165
3007122,391.072879264071
3007123,0
3007124,11.4127337333309
3007114,57.7615308363555
3007115,3.10276232024085
3007103,96.0972498657771
3007104,4239.70387146749
3007116,248.509945213457
3007117,243.627735042818
3007092,4.83877193316896
3006266,13.7405082735137
3006265,2.98923448330856
3006234,5.86371786845915
3006235,0
3006264,489.575429509674
3006263,82.5441051009349
3006242,707.343028171188
3006243,279.827939733498
3006239,483.78371550859
3006240,10.7616724502289
3006241,1223.55063941824
3006255,6.64851686751326
3006256,72.7822386760811
3006244,161.068328373957
3006236,3.63522406695493
3006238,0
3006252,282.01582706337
3006253,10.1648308476375
3006254,5.62788069625901
3006246,4395.19582765601
3006247,15.7841834199467
3006257,3.75998768077147
3006245,108.411678643534
3006237,2261.62478399535
3006251,1.34460073529349
3006249,23.2921047850447
3006258,301.149181313784
3006259,297.159378407368
3006260,4.81347503574185
3006248,1.87303171450295
3006262,287.071524958754
3006250,18.072914119463
3006261,7.7208782440622
3006267,2.89122805212047
3006268,0
3006269,1.78080213422022
3006270,1190.08461418255
3006271,0
3006272,230.90669593354
3006299,6.77504338748408
3006273,5.30626642922198
3006298,1.50294700487231
3006274,631.400371716326
3006297,233.671041861093
3006275,320.491825093062
3006276,135.30877333013
3006296,40.700087821196
3006295,141.546586064492
3006278,57.0470714967358
3006279,2452.2159804339
3006281,0.923537243258479
3006284,0.662983358338815
3006277,79.9363353950139
3006291,148.487867325773
3006292,147.476738462171
3006280,7.78271992399878
3006294,3.7822583152619
3006282,11.4846567072551
3006285,140.874492836195
3006286,5.01198126359919
3006283,8.96937678066984
3006289,34.5132526587426
3006290,1.8539401284548
3006287,2.77494362928602
3006293,2.37338397987683
3006288,3.27818952131844
3006507,269.997794330199
3006515,1.28059819457365
3006505,1203.83091102532
3006506,664.966883954275
3006517,9.6809883335292
3006510,4861.47635107131
3006511,15.032861621923
3006508,154.402558526023
3006513,22.1834084666314
3006514,17.3249713847367
3006516,272.108822821031
3006509,119.135506739813
3006512,1.7838760377058
3006503,460.755774099144
3006504,10.2494204774832
3006501,2225.17461591054
3006502,0
3006500,3.46218862954662
3006499,0
3006498,5.58460687900708
3006518,5.35999547652489
3006519,6.45682055114288
3006520,67.0997572541046
3006521,3.58101353749751
3006522,286.814582028014
3006523,286.720392577432
3006524,4.5843552502973
3006525,7.30569343711984
3006526,275.191146397751
3006527,78.6150335860717
3006528,448.42555322846
3006529,2.96024956617982
3006530,13.1718610002135
3006537,9.19700288602931
3006549,248.979755979005
3006541,138.548396906324
3006542,104.836817343313
3006544,13.4892769816441
3006557,4.11363047893232
3006545,1.60070641097627
3006546,19.7765480258522
3006543,4535.90543514201
3006548,1.14910548525275
3006550,8.68693774820599
3006538,1130.54044871393
3006539,608.445146263954
3006540,243.855204603474
3006554,3.21331258792906
3006555,257.364262151403
3006556,258.958633974802
3006547,15.5460313269268
3006551,4.80962742966795
3006552,5.79382974616887
3006553,60.6028100141887
3006558,6.5555397764436
3006536,416.143005330512
3006533,3.1269615321427
3006534,2158.7816265906
3006559,246.934328939866
3006532,0
3006560,70.5427875034293
3006535,0
3006531,5.01117557781955
3006563,12.0522616783342
3006562,2.72630562666868
3006561,405.006660529304
3006599,5.10651612708499
3006600,3239.57827949248
3006598,0
3006597,8.23695302090283
3006604,1707.61779095031
3006605,987.185573115384
3006606,395.648385712024
3006607,226.257859558353
3006608,152.28937065805
3006603,15.1172673016366
3006617,7.9056649624435
3006618,9.40032996174716
3006619,101.576707677225
3006620,5.28177558683028
3006621,423.033937582133
3006609,6461.67863087835
3006602,688.484819820547
3006616,14.2788647127416
3006622,428.432260471408
3006610,22.1725499452754
3006615,396.156699688291
3006629,19.3017337585515
3006623,6.76164314623017
3006611,2.63110787134035
3006612,32.719168482568
3006628,4.19907378898935
3006624,10.7754502564688
3006625,403.258601073443
3006613,25.5532714256038
3006614,1.88880388465796
3006626,115.952358404913
3006627,687.722346730026
3006601,0
3006639,278.505136501806
3006637,1299.60713104025
3006638,694.900479116901
3006635,475.273696504877
3006636,0
3006630,5.72322473331893
3006631,0
3006632,3.54812505612924
3006633,2449.54314317033
3006634,0
3006662,13.7647945195102
3006661,3.0535238687915
3006649,0
3006650,0
3006640,158.235048766937
3006651,6.48922015513665
3006647,0
3006648,286.213435992552
3006652,69.6656578233108
3006645,22.7340320914611
3006646,17.6398918590604
3006660,462.554963541867
3006653,0
3006641,118.95705610608
3006642,5421.74108481481
3006643,15.4059985440636
3006644,0
3006658,282.021780507856
3006659,80.5663700916581
3006654,293.933726277097
3006655,291.932183120896
3006656,0
3006657,0
3006963,7482.22414795137
3006964,0
3006962,11.6417251857586
3006961,0
3006960,18.778427611095
3006992,44.0036757808118
3006991,9.57295774057238
3006965,1579.83526790713
3006966,34.4640195204416
3006990,1547.59091362979
3006972,14446.5315099028
3006968,2294.91093909194
3006969,919.764057672736
3006970,515.81778193657
3006971,347.186018371627
3006985,976.730614962071
3006973,50.548500524907
3006975,74.5924537005286
3006976,59.0185783532794
3006979,32.5526474044947
3006967,3943.96367940874
3006981,21.7112752865828
3006982,234.604516230736
3006983,12.0412779171672
3006984,964.423635021758
3006989,264.345682574227
3006986,15.4150480197376
3006974,5.99834290344555
3006988,919.340249919146
3006980,18.0231642499453
3006977,4.30605430546899
3006978,909.043028644239
3006987,24.5656387871295
3007329,12.7495299614515
3007330,1459.01969059858
3007325,4.30670960973594
3007326,2732.18032814603
3007327,0
3007328,565.738910138631
3007324,0
3007323,6.94684278816051
3007355,16.2786056469326
3007354,3.54139514866351
3007566,11021.5668946805
3007333,192.065497788582
3007336,18.6997811316377
3007337,2.21901141047053
3007340,1.59297055732722
3007341,329.790609997997
3007343,6.66744261993426
3007331,832.567936440779
3007332,338.049174918781
3007346,4.45451911051843
3007334,128.43709483163
3007335,5414.28903156284
3007349,5.70260286871899
3007350,9.0877486751925
3007338,27.5945387852683
3007339,21.5509981502125
3007353,580.008045756057
3007345,85.1118858822455
3007342,12.0424419201017
3007347,356.776377257701
3007344,7.87660704166599
3007351,340.098346745663
3007348,356.659212465321
3007352,97.7913559433028
3007554,13.9585329114753
3007488,22.6423606791502
3007489,0
3007490,14.0371785136978
3007491,9199.57141480248
3007520,53.0580684853959
3007492,0
3007494,41.5554899801117
3007495,4817.75806647583
3007496,2767.12205545612
3007497,1109.0188148256
3007504,71.1625044184259
3007493,1904.90922298841
3007507,42.9928265039229
3007508,21.7316909582842
3007509,26.6945260601478
3007510,281.043825113787
3007498,621.954750696298
3007502,7.23258870816158
3007503,89.9409298589135
3007517,318.738629920504
3007505,5.19208725606133
3007506,1103.24437221411
3007511,14.5189449982116
3007499,418.624562904501
3007500,17647.1943891901
3007501,60.9495855765327
3007515,29.6203742534476
3007516,1108.50780249729
3007518,1878.20698487524
3007519,12.5611969608113
3007512,1162.86774611298
3007513,1208.74998478197
3007514,18.5869170932659
3007527,33.8937500596915
3007528,3828.57360719464
3007526,1553.69403949443
3007529,2242.30523443996
3007525,0
3007530,904.544899823919
3007531,507.282644931562
3007521,18.4677046038392
3007522,0
3007523,11.5238033444254
3007524,7454.76589922792
3007532,341.441198520903
3007533,14772.9111527741
3007544,11.8420332219716
3007534,49.7120842700078
3007535,5.89908948435691
3007536,73.3581868059606
3007542,21.6315992991847
3007543,230.722560706625
3007545,954.65475549125
3007546,960.568842515241
3007547,15.1599782036229
3007548,24.3168075088541
3007549,904.128104735203
3007537,58.0420093598745
3007541,17.7249384393509
3007550,259.971605726812
3007538,4.23480285828118
3007539,888.205248725978
3007540,33.9440150852726
3007551,1551.97337716186
3007552,10.1788201357152
3007553,43.275555474251
3007563,683.686469160575
3007564,383.421851637448
3007565,258.073123277964
3007567,37.5741208377723
3007573,26.1616100645528
3007561,2950.78969188657
3007562,1705.87178733181
3007568,4.45873683175633
3007569,55.4466668610394
3007570,43.8701676942321
3007571,3.20081116408149
3007572,680.126648328285
3007560,25.6180741380913
3007574,13.3971244324603
3007558,0
3007559,1174.33594752959
3007557,5561.74745741263
3007556,8.71009103183791
3007555,0
3007575,16.1386010008
3007576,172.134260515236
3007577,8.95062023210573
3007578,716.883187924748
3007579,730.769059925059
3007580,11.4584383512679
3007581,18.499424275613
3007582,683.371440948462
3007583,196.495573891322
3007584,1165.43034620051
3007585,7.74371028134285
3007586,32.7091686978863
3007598,320.095041421055
3007602,69.220767926895
3007597,475.568443248683
3007606,33.3042638237206
3007596,842.496981030538
3007610,11.1016951999847
3007611,889.169514508776
3007599,13849.3410515231
3007600,46.6041934671833
3007601,5.53029130937207
3007603,54.4133498555328
3007604,3.97005224385226
3007605,838.110265131515
3007607,16.6168140473603
3007595,2115.83869520911
3007609,216.298290733764
3007608,20.4115720435825
3007612,900.516178963293
3007594,3683.82700036884
3007593,31.7747869216422
3007592,1456.56048561805
3007589,10.8033603585073
3007590,6853.66122263256
3007591,0
3007588,0
3007587,17.3131440954564
3007613,14.2122095167549
3007614,22.6487783176914
3007615,847.603992689936
3007616,243.718749418364
3007617,1436.14301666791
3007618,9.54246255892218
3007619,40.570062376938
3007631,215.54161763904
3007628,1415.5002371282
3007630,320.23236317824
3007644,598.737908159095
3007632,9205.16761769736
3007634,3.72391877595256
3007635,46.0085984612765
3007636,36.4026377803975
3007629,567.310138080086
3007638,560.697411253266
3007639,21.7084106349821
3007640,11.1892235627102
3007641,13.5668506756297
3007642,143.76583075097
3007643,7.47552143050118
3007645,602.44709001049
3007633,31.38175213238
3007647,15.4506435350954
3007648,570.749034070106
3007649,164.112300101199
3007637,2.67330440031968
3007651,6.42558474845142
3007652,27.3185639915595
3007627,2416.86402261837
3007646,9.57004087244445
3007650,967.052121767892
3007626,21.3961108014092
3007625,980.80058305636
3007624,0
3007623,4705.97077330013
3007622,7.22746926969171
3007621,0
3007620,11.6581096295201
3007653,15.1470108024923
3007685,35.4941407345266
3007684,8.24065733414481
3007658,1266.06124579192
3007657,0
3007671,733.250134674174
3007659,27.799285796698
3007660,3160.64571461629
3007654,0
3007656,6194.37689573575
3007670,3.47333932488153
3007672,26.6013468284994
3007673,14.5378020589817
3007661,1851.11562613716
3007667,4.83836914555409
3007655,9.45169838310721
3007669,46.9901524678375
3007683,1264.65912681547
3007674,17.5126974479722
3007662,737.08800679859
3007663,416.067717538532
3007664,280.046363820271
3007680,19.8150773741528
3007668,60.1675883298533
3007682,213.225888368751
3007675,186.790368302949
3007676,9.71270707348157
3007677,777.921108220076
3007665,12038.0266787537
3007666,40.7733117680298
3007681,741.556054909717
3007678,792.989271509487
3007679,12.4340495227592
3007895,173.524468570811
3007894,257.807059482764
3007892,1147.00241383861
3007893,456.720104931374
3007891,1971.20323203635
3007890,17.2252059577392
3007889,774.347498232816
3007888,0
3007884,9.38550661427498
3007885,0
3007886,5.81856431195293
3007887,3715.39001710841
3007896,7314.95545054436
3007897,25.2642711010527
3007905,10.9221624086104
3007906,115.740475797491
3007907,6.01826179893378
3007908,482.021423354521
3007898,2.99798727353056
3007899,37.2815009904064
3007900,29.3063977370609
3007903,16.2698972381762
3007904,9.00802403594657
3007909,488.172483710784
3007910,7.70448080877297
3007911,12.2779697052095
3007912,459.48863105489
3007913,132.120654808689
3007901,2.15217706202026
3007902,454.342053269687
3007916,21.9931507923064
3007914,773.489935200026
3007915,4.78458900037148
3007927,266.641455491032
3007928,179.470713315057
3007924,2025.53367663939
3007925,1155.84073622687
3007926,475.453223278669
3007929,7182.01237443977
3007936,16.8274254746188
3007930,26.130013785581
3007931,3.1007207163434
3007934,2.22592672769638
3007935,460.830697693206
3007932,38.5590437551107
3007933,30.5084473320175
3007923,17.8154702082991
3007922,811.368916857828
3007920,3943.9961013087
3007921,0
3007919,6.01795179744111
3007937,9.31670624094598
3007918,0
3007917,9.7071241926884
3008012,119.936145836353
3007938,11.0781462707587
3007939,122.065386386598
3007940,6.22449241232306
3007941,498.539078638774
3007949,22.7468004555802
3007942,488.744812425
3007943,7.96849388366457
3007948,4.94854476655915
3007944,12.7815706132246
3007945,475.234144526011
3007946,136.648095553693
3007947,794.808920169412
3007958,1527.7835236415
3007959,612.311505868752
3007960,343.393678168538
3007971,14.2669690585036
3007972,156.182494215233
3007973,8.01620040763564
3007961,231.131007949593
3007954,0
3007955,1044.91987638735
3007956,22.943618545225
3007957,2608.57959312645
3007974,642.042579647862
3007967,2.86665539291218
3007968,605.174230418446
3007969,21.6711670628826
3007970,11.9985019531287
3007962,9870.94600628988
3007966,39.2902443667653
3007963,33.6514872674293
3007964,3.99325712424472
3007965,49.6581892614759
3007952,7.75020747977342
3007953,5013.62099867011
3007951,0
3007950,12.501300950475
3007975,650.235664990876
3007976,10.2622092995105
3007977,16.3540020431274
3007978,612.029365724619
3007997,2.72150512252869
3007998,33.8433044118507
3007982,29.2944225819011
3007979,175.981983223485
3007980,1043.76266381772
3007981,6.37297372173836
3007983,8.51995088631447
3007999,26.6036858356468
3008009,6.99395363436849
3007988,698.377872125657
3007989,15.6366528518957
3007990,1947.30140680287
3007991,1027.76565909013
3007987,0
3008001,426.075251503489
3008002,14.7694451766526
3008003,8.17728072902047
3008004,9.72329809165983
3007992,417.305685047827
3007993,235.558606695858
3007986,3646.54338177926
3008000,1.95369771932995
3008014,4.51619629841698
3008015,20.2262990303816
3008005,105.06658935741
3008006,5.46324210883946
3007994,172.539008632116
3007985,5.28196124131447
3008013,688.588296848569
3008007,440.423528784466
3007995,8123.81202720088
3008008,437.424462596882
3007996,22.9343345869168
3008010,11.1456635396685
3008011,417.113399446466
3007984,0
3006429,307.326425120676
3006430,1.96387515649393
3006431,9.02727537322055
3006406,846.787119586969
3006404,307.66715583893
3006405,6.97885317514036
3006419,3.64963282873035
3006407,427.033126507473
3006408,179.120695312696
3006403,0
3006417,185.279502026496
3006418,6.59180646538734
3006420,4.31150671658217
3006421,45.0978772016392
3006409,105.133045149859
3006416,0
3006422,2.43832007392889
3006410,76.5072805109086
3006411,3225.17828862399
3006412,10.2359088781735
3006413,1.21464515746523
3006414,15.0068045746935
3006415,11.7201312965041
3006423,195.292686143586
3006424,195.228552337415
3006425,3.12149767538515
3006426,4.97446289302453
3006427,186.163445571898
3006428,53.5291510345613
3006402,1596.0527862362
3006400,0
3006399,3.80257123171901
3006401,2.35741193010158
3006801,8.034653763277
3006800,361.192432533156
3006798,1721.79860919287
3006799,0
3006795,4.37784582800677
3006796,0
3006797,2.71405461047026
3006804,210.28256812337
3006805,120.253451003986
3006806,80.9400495903332
3006807,3135.39329144191
3006803,528.101589182126
3006817,53.9868522740052
3006818,2.80720299831679
3006819,224.837674082816
3006820,223.306640834211
3006808,11.78445537177
3006802,895.849270737735
3006816,4.96377596668443
3006821,3.59373559167754
3006809,1.3984035830182
3006810,17.2771192952342
3006814,7.58905242663353
3006815,4.20177003384912
3006822,5.72702792288183
3006823,214.327310091143
3006811,13.5812699694434
3006812,1.0038775485776
3006813,206.484034965111
3006827,10.2586495751204
3006824,61.6273453548063
3006825,356.129384792202
3006826,2.23175944089635
3006475,98.7639964105927
3006474,169.367461343929
3006476,70.0265894328052
3006477,2990.63587109265
3006471,6.55606835088936
3006472,800.679030933938
3006473,395.978290807285
3006478,9.61580886639456
3006470,290.914486639182
3006479,1.14106092714276
3006469,0
3006480,14.0976796690025
3006467,2.20024016266165
3006468,1479.98413964017
3006466,0
3006465,3.57220825236433
3006481,11.0101158360783
3006482,0
3006483,172.926672878543
3006484,6.19246925796582
3006485,3.42853498710046
3006486,4.05031199537491
3006487,42.9205334928377
3006488,2.29060458285138
3006489,183.461690145155
3006490,177.532857601197
3006491,2.93239470775307
3006492,4.67310572628228
3006493,174.885506683824
3006494,50.2863098191782
3006495,286.836566390246
3006496,0
3006497,8.37079104885792
3006668,444.013405644463
3006669,0
3006670,1238.05172523454
3006671,628.421323068684
3006672,261.88481228347
3006673,148.792070995526
3006674,111.132865116507
3006679,16.8043849771582
3006675,4967.25752348491
3006676,14.48661625214
3006677,0
3006678,21.3773354470253
3006663,5.38168040190391
3006664,0
3006665,3.33638393874527
3006666,2303.36199284161
3006667,0
3006680,0
3006695,12.7760686120504
3006693,434.951115514395
3006694,0
3006681,267.388251003183
3006692,75.7584185801101
3006688,276.301904680264
3006689,0
3006690,0
3006691,263.472294280278
3006683,0
3006682,0
3006687,276.392671592107
3006685,65.9357037706696
3006686,0
3006684,6.10196358867893
3007688,4.08544904105176
3007689,2642.88319437515
3007690,0
3007691,540.175718377193
3007692,12.0161013287336
3007693,1366.1731977146
3007694,769.510745418873
3007687,0
3007686,6.54721916099688
3007695,316.537004441729
3007696,179.843176192381
3007697,121.048630853943
3007708,80.2157450614157
3007709,4.19826873340482
3007710,336.252482545557
3007698,4971.7770232165
3007699,17.6240587364617
3007706,6.28389174870618
3007707,7.42349785642608
3007711,340.543389992548
3007712,5.37455530637093
3007700,2.09136070415527
3007701,26.0071371388585
3007713,8.56496743498344
3007714,320.533871333827
3007702,20.443798794201
3007705,11.3496891881383
3007715,92.165816751036
3007703,1.50133343648019
3007718,15.3421636354795
3007716,539.577492479456
3007704,312.847359923764
3007717,3.33767308128916
3008511,4.43043770363385
3008512,0
3008513,2.7466590529579
3008514,1742.48289590992
3008515,0
3008516,356.1439839874
3008517,8.13117555230888
3008522,81.9123974501122
3008523,3235.58338630854
3008524,11.9260242244875
3008525,1.41520286517749
3008526,17.5987695096541
3008527,13.9243892069401
3008528,1.01593731615595
3008529,211.700678533192
3008530,7.68022112398591
3008518,906.611274535549
3008519,510.657886452511
3008520,212.808731698738
3008521,121.698078061995
3008535,227.538690851383
3008536,227.463967508776
3008537,3.63690780529571
3008538,5.79582777378252
3008539,216.902063903553
3008540,62.3676861090176
3008541,367.509340520409
3008542,2.25856998186934
3008543,10.3818886392065
3008531,4.25224667823439
3008532,5.08918154573743
3008533,54.2811921528934
3008534,2.84092644970079
3009502,0
3009503,6.49065730994471
3009504,4171.5941654382
3009505,0
3009501,10.4017344189402
3009506,863.791131347881
3009507,19.0902872958862
3009513,8106.99166385057
3009508,2142.42211460697
3009509,1238.54893892055
3009510,509.475109105835
3009511,285.721450559628
3009512,192.313053673209
3009533,24.3744874921648
3009532,5.73311009793065
3009514,27.9997925611773
3009515,3.32259820297794
3009531,857.240553156381
3009523,128.272424733705
3009526,541.029987499109
3009519,500.271977754925
3009521,9.98337942874962
3009522,11.7939007788398
3009524,6.66989683870128
3009525,534.212913168417
3009527,8.53869338143011
3009516,41.3182034789521
3009517,32.4795856595629
3009518,2.3852068025418
3009520,18.6275978030402
3009530,146.426188703147
3009528,13.6073826726773
3009529,509.240353790383
3008816,621.55663391165
3008815,1224.52761339734
3008817,262.415634674518
3008818,148.127052887032
3008814,9.83284515245711
3008819,99.0547941084325
3008820,4912.99666757515
3008813,648.804560211084
3008821,14.8986031116079
3008825,1.22854982654111
3008826,264.467380625302
3008822,1.71137254915774
3008823,21.2817906032142
3008824,16.6208188327442
3008808,5.35762727261118
3008809,0
3008810,3.32147215130051
3008811,2353.50969246147
3008812,0
3008827,9.2875162469392
3008828,5.14214492949378
3008840,12.5545811577496
3008839,2.73123716919418
3008836,262.294719120458
3008837,75.4198204284109
3008838,433.007125043726
3008833,276.861949519881
3008834,4.39802966412167
3008835,7.05449831947114
3008829,6.07469119266557
3008830,63.9552260761252
3008831,3.43546756428049
3008832,275.157349505159
3008082,7.49119952368202
3008083,0
3008084,4.61407535453955
3008085,3355.5928459478
3008086,0
3008092,207.115809213608
3008093,138.501465049071
3008094,7189.50416043963
3008095,20.9676239500427
3008087,878.15010976091
3008088,13.7485870469346
3008089,1701.07182133607
3008090,874.750851867438
3008091,366.917625555981
3008096,2.39289382645774
3008114,17.5542021875523
3008099,1.7177962196909
3008113,4.04912780142986
3008112,605.443903397475
3008097,29.756855323793
3008098,23.2397409875016
3008107,387.116908070795
3008108,6.14946058182026
3008110,366.748557702827
3008105,4.80357659681316
3008109,9.79986745388415
3008111,105.454316644565
3008101,12.9860913693892
3008102,7.18990547241886
3008103,8.49382038979222
3008104,90.595057878539
3008106,384.733483810651
3008100,367.389027345914
3009015,377.839742817519
3009013,1609.67911453422
3009014,918.539501115134
3009028,95.7508792293525
3009016,213.281070834718
3009017,143.554969158175
3009011,644.789871780946
3009012,14.2502318570559
3009026,7.45224361329026
3009027,8.80373448511675
3009029,4.97884473611978
3009030,398.771257639672
3009018,5707.50091829762
3009019,20.9008659619401
3009023,1.78047346466976
3009024,371.014465741969
3009025,13.4599149933714
3009020,2.48020336343895
3009021,30.6426341486412
3009022,24.0876896105233
3009009,3073.70311351184
3009010,0
3009008,4.84504869611565
3009031,398.640301795657
3009007,0
3009032,6.37383600130041
3009006,7.76453098311194
3009036,644.075789331893
3009037,3.95824019540267
3009038,18.1947025090139
3009034,380.13011538312
3009035,109.302029174517
3009033,10.1574352993169
3009072,6.72746263622328
3009078,12.3469019035892
3009079,1557.74720733269
3009075,2898.1468533922
3009076,0
3009077,875.115738988949
3009091,11.6621435862126
3009092,6.45688587932588
3009080,827.528017365802
3009081,327.373637611052
3009074,4.17070442905967
3009088,20.8704211754966
3009089,1.54266480929826
3009090,336.434490404568
3009104,15.7645299597389
3009093,7.67764104339794
3009094,82.4240665338167
3009082,186.0001009786
3009086,2.14893539533324
3009087,26.7231077919447
3009101,94.7031210171356
3009102,543.718162299556
3009103,3.56604659590859
3009095,4.31384613013397
3009083,124.381072515052
3009084,6249.92589372229
3009099,8.80075906769355
3009100,331.507337100061
3009096,345.509437982236
3009097,352.201880923476
3009085,18.8299492288734
3009098,5.52251560866045
3009073,0
3009204,6.60745491792301
3009205,0
3009206,4.12303600878867
3009216,5017.51838987878
3009217,17.7862036856373
3009218,0
3009219,0
3009207,2649.90618620427
3009208,0
3009209,555.887347259767
3009210,0
3009211,1378.74227087878
3009212,781.65807531072
3009213,323.631971326921
3009214,181.497770239038
3009215,122.162303044389
3009229,339.234633529191
3009220,20.6318859292935
3009221,0
3009222,313.678696116442
3009223,0
3009224,0
3009225,7.54068358508585
3009226,81.4820134320426
3009227,0
3009228,339.346074237902
3009236,15.4833146824726
3009235,0
3009233,93.0137611375302
3009234,544.541715897151
3009230,0
3009231,0
3009232,323.482848584393
3008650,1442.89568271146
3008663,6.72368669946064
3008651,861.721769252389
3008652,340.900832707498
3008653,192.429981309343
3008648,589.370280981499
3008649,12.8570802799097
3008664,7.94305118496089
3008665,86.3899446319649
3008666,4.49209578592238
3008654,129.520542652275
3008655,5389.39502627945
3008647,0
3008661,339.125829192353
3008662,12.1440275054086
3008656,18.8575255678551
3008659,21.8746126661588
3008660,1.60640826767835
3008657,2.23773016987421
3008658,27.6469050601383
3008646,2846.30570539502
3008645,4.37138010601467
3008667,359.786010797796
3008644,0
3008668,364.377228865148
3008643,7.00544378415054
3008669,5.75070791701691
3008670,9.16440956128322
3008671,342.967290589883
3008672,98.6162876471352
3008673,577.341264712177
3008674,3.57126904810738
3008675,16.4159259424005
3009634,0
3009633,3.16924519767115
3009635,1.96478014036561
3009636,1374.1993375461
3009665,7.42652372373388
3009663,254.47995926528
3009664,0
3009640,705.752988876316
3009638,317.817662615998
3009639,5.81651087192573
3009653,3.04177899922936
3009641,351.309948319056
3009642,150.261959993719
3009637,0
3009651,154.420821134474
3009652,5.49392758514147
3009654,3.59341643419467
3009655,38.0788814772008
3009643,87.6229209537019
3009644,58.9771312842187
3009645,2850.06925283043
3009649,9.76811940238906
3009650,0
3009656,2.03221286697394
3009657,162.766288909481
3009658,162.712836720205
3009646,8.64280061876675
3009648,12.5890080132818
3009662,44.6137611931087
3009659,2.60160583836949
3009647,1.01234351642401
3009661,155.157542070273
3009660,4.14595590036702
3009268,0
3009267,366.7746435877
3009266,64.300530414859
3009269,10.7036349727981
3009239,2.83178108716833
3009240,1967.75331046961
3009241,0
3009237,4.56774192032205
3009238,0
3009252,18.1441750483026
3009253,14.1703793618705
3009254,0
3009242,586.497489946008
3009244,1037.22468520986
3009250,12.4566198678271
3009251,1.45906158385414
3009265,223.624101312611
3009255,225.476443129124
3009243,8.38316977153653
3009257,4.38402855586717
3009245,540.361213554424
3009246,222.276713968314
3009247,126.28839495139
3009248,84.4509542070924
3009249,4081.09147930411
3009263,3.74961964344293
3009264,5.97544695494969
3009256,7.91823976141221
3009258,5.17908771959535
3009259,55.2401310814919
3009260,2.92896993590645
3009261,234.590369218959
3009262,236.043656756229
3008378,9.01188241034689
3008352,7.05817606813549
3008353,812.988247012951
3008347,0
3008348,2.36874932186183
3008349,1542.34693528234
3008350,0
3008351,368.497351497415
3008365,6.66673011627615
3008366,3.69111520800953
3008354,429.086837099162
3008355,184.726241304652
3008356,106.328006138633
3008357,71.1031411936267
3008358,3261.83624170861
3008359,10.5562395796924
3008360,1.22845103150137
3008361,15.1773745986793
3008362,11.8533444043587
3008363,0.881873033669973
3008364,186.170558134595
3008367,4.36051207281255
3008368,45.9081007708029
3008369,2.46603445585644
3008370,197.512417732277
3008371,193.632101659407
3008372,3.15697717608179
3008373,5.03100352769173
3008374,188.27941257996
3008375,54.1375729361367
3008376,310.819552218013
3008377,1.98619691266001
3008346,3.84579193623167
3008544,9.23666884370719
3008576,21.6443777674481
3008552,1114.22368140627
3008551,1914.87070602498
3008565,10.4729030257997
3008553,452.410403629747
3008549,772.04595782735
3008550,16.9520442246877
3008564,8.86517248090188
3008566,112.432875009572
3008554,253.718689025308
3008555,170.772673052202
3008562,444.238086092135
3008563,16.0118850357647
3008567,5.92282266009345
3008568,474.377404020617
3008556,6878.53160014973
3008557,24.8636238115413
3008561,2.11804728629872
3008575,4.70871376111531
3008569,474.221619238903
3008570,7.58230117648588
3008558,2.950444422588
3008559,36.9297053685143
3008560,29.2192923242011
3008574,771.190943670839
3008571,12.0832625132458
3008572,452.201942519244
3008573,130.025451585693
3008548,0
3008546,5.68916712671471
3008547,3704.34701604499
3008545,0
3008613,1058.57522245862
3008614,0
3008615,222.063926395196
3008616,4.90774216021618
3008617,543.656663766599
3008618,306.220064400918
3008619,125.146481123222
3008620,73.4534366746687
3008621,49.4399516803138
3008622,1991.38576368691
3008610,2.67408393367686
3008611,0
3008612,1.64705595350156
3008623,7.19820295524883
3008624,0.854175478319138
3008625,10.5532421521201
3008629,4.63555912272311
3008630,2.5665329894992
3008631,3.0319828711112
3008632,32.5501487351717
3008627,0.613190351943597
3008628,126.124962402426
3008642,6.26620741976666
3008633,1.7147009582533
3008626,8.24195337595213
3008640,220.379899944157
3008641,1.36320745389286
3008634,137.335766395381
3008635,135.516260735334
3008639,37.6433297477436
3008636,2.19513226027948
3008637,3.49819385103147
3008638,130.91580630738
3008691,23.0054737582636
3008692,17.966994348671
3008693,1.32805417185817
3008694,284.033999416679
3008682,10.6292400550993
3008685,283.669551581385
3008686,160.124356620954
3008688,5522.27826616698
3008689,15.8971387917405
3008690,1.84998231607047
3008704,283.538842673579
3008705,81.5283230658565
3008695,10.0397431438939
3008683,1332.34408688756
3008684,707.78625407328
3008698,70.4974575763141
3008699,3.71371753302956
3008687,107.077572041686
3008701,297.345580473854
3008702,4.75424074564171
3008703,7.57642536792276
3008696,5.55862438655846
3008697,6.56670067984392
3008700,297.443260365425
3008706,468.077815352159
3008680,0
3008679,2494.96585136726
3008681,758.288575318157
3008678,3.56721126384062
3008677,0
3008676,5.7915593628667
3008707,2.95244917098287
3008708,13.5714185312479
3008723,0
3008718,251.885300035043
3008719,142.182942742855
3008720,95.079878014352
3008721,4840.14962142952
3008722,14.2080300499224
3008736,0
3008724,20.5610875486558
3008725,15.953851010846
3008715,0
3008716,1175.38920912373
3008717,636.710226463733
3008731,62.5984465175249
3008732,0
3008733,264.115709503815
3008734,265.751906549317
3008735,0
3008737,251.769236635653
3008738,72.3933393708117
3008726,0
3008728,0
3008729,0
3008730,5.83092320540528
3008739,418.343436095608
3008727,253.854712585671
3008741,12.050785181517
3008740,0
3008714,664.622459039542
3008713,0
3008712,2186.78006411959
3008711,3.16751683242638
3008710,0
3008709,5.14263395438093
3008778,1139.47338527428
3008777,1.70506921289576
3008779,0
3008780,270.477834962699
3008776,0
3008781,5.08060460509861
3008782,596.73509187684
3008783,312.908746235489
3008784,130.399853190183
3008785,76.5368492403729
3008786,51.1813453076333
3008787,2302.55844565009
3008775,2.76827158076707
3008788,7.59857488724801
3008789,0.884261586496906
3008795,2.65693243448893
3008796,3.13877657681778
3008797,33.0454930474815
3008798,1.77509683688944
3008799,142.17306134159
3008792,0.634788386223909
3008793,133.140170946048
3008794,4.79883462848351
3008800,136.686577126048
3008790,10.9962438812957
3008791,8.53225473341204
3008805,222.283097447461
3008806,0
3008807,6.48691826792449
3008801,2.27245008117647
3008803,135.526974867842
3008804,38.9692180689474
3008802,3.62140862516201
3008846,189.799883909043
3008857,6.06565457437773
3008858,0
3008859,92.2197139177714
3008847,3.61184628523124
3008855,0.628629301944969
3008856,7.81732602735843
3008860,3.41153354247113
3008848,429.778850628051
3008849,215.331498434604
3008850,90.9110268384064
3008851,54.4107160661007
3008852,36.3852663789263
3008853,1647.59067223879
3008854,5.40189339906829
3008861,1.88883652429649
3008862,2.23138374274849
3008863,23.4923302607337
3008864,1.26193187909383
3008865,101.072073774693
3008866,98.4440178115749
3008841,1.96798849795765
3008842,0
3008843,1.21214862823204
3008844,799.592011938166
3008845,0
3008867,1.61550465388191
3008873,4.61160697785632
3008872,0
3008871,159.054185418249
3008868,2.57449109048349
3008870,27.7035582299485
3008869,96.3473127260891
3008938,2.72900794510556
3008907,5.35325440016031
3008908,0
3008939,12.5443341623385
3008909,3.29724486929959
3008913,9.82481962632529
3008914,1255.77886687955
3008917,148.006152220405
3008918,98.9739460094058
3008919,5038.38159359545
3008911,0
3008912,674.074784378698
3008926,9.27993581592622
3008927,5.13794793280915
3008915,605.09963483049
3008916,255.467637302915
3008930,3.43266355035728
3008931,274.932767254083
3008932,276.635975981568
3008920,14.6940440138596
3008921,1.70997573420727
3008922,21.1265582487214
3008910,2276.34128819504
3008924,1.22754708943051
3008925,260.836220820635
3008928,6.06973305571197
3008929,63.903026094311
3008933,4.39444001113205
3008934,7.00304182296132
3008935,262.080635293254
3008923,16.607252991545
3008937,429.84871056696
3008936,75.3582630937513
3009534,10.9518658845425
3009535,0
3009536,6.78963199367117
3009537,4420.8848950309
3009538,0
3009539,921.384065381833
3009540,20.0999427346688
3009541,2285.26726668315
3009542,1321.12870241704
3009543,532.942710665702
3009544,300.832811225035
3009545,202.48419031356
3009546,8480.41844528905
3009547,29.4806577994007
3009548,3.49832522554866
3009549,43.2214154692598
3009550,34.1973801485776
3009551,2.5113566599788
3009552,530.167782903604
3009566,25.663616015092
3009565,5.5830952124659
3009555,12.4176617459356
3009553,18.985201314203
3009554,10.5113847532079
3009564,914.396729965147
3009556,135.056552665929
3009563,154.170440820096
3009559,565.951079720577
3009562,536.173279674783
3009558,562.466598662432
3009560,8.99029152026561
3009561,14.4205476690288
3009557,7.02265725110033
3008214,3.83487222860939
3008215,0
3008216,2.34670996102158
3008217,1568.27272659554
3008218,0
3008219,362.701944829233
3008246,8.92803388891047
3008220,6.99250525704373
3008221,859.552848780911
3008245,2.00649008109465
3008228,1.21702125490662
3008229,15.0361609918612
3008231,0.873667894432584
3008232,185.6419470978
3008226,3360.09277948556
3008227,10.3902202012559
3008241,4.98419397249225
3008242,186.527619819812
3008230,11.8968179970784
3008244,309.937013929466
3008233,6.60470140378168
3008225,70.4415820445942
3008239,194.342271113514
3008240,3.12760397119853
3008243,53.6338651381256
3008224,105.338707155796
3008238,195.674719076426
3008234,3.65677226626323
3008222,439.146582508119
3008223,181.821027233791
3008237,2.44308993289003
3008235,4.31994091649218
3008236,45.1860979877446
3008125,102.995305383832
3008126,68.8745139398079
3008115,3.72525103497581
3008116,0
3008117,2.29450422934489
3008118,1533.3843822665
3008119,0
3008120,366.356019366853
3008121,6.83694753612362
3008122,792.645187386697
3008123,434.999295635296
3008124,178.936258907869
3008127,3159.59860461224
3008128,10.2253692013911
3008129,1.18994697383491
3008130,14.70166128835
3008131,11.5567432014823
3008132,0.85423197246998
3008133,180.335305672435
3008134,6.45777090320105
3008135,3.57542242972349
3008136,4.33517320790816
3008137,45.0514409686742
3008147,8.72941772016932
3008146,1.91146901181862
3008145,301.077353582843
3008144,52.4407073901755
3008141,3.05802619788041
3008143,182.378061062085
3008139,191.321670745064
3008142,4.87331384777535
3008140,188.786927815766
3008138,2.38874009860418
3008148,3.08630917998653
3008149,0
3008150,1.91336378400811
3008151,1253.96473061184
3008152,0
3008153,288.130223258072
3008157,144.43852291597
3008158,85.3299156263975
3008159,57.0614014045686
3008160,2567.09179750935
3008161,8.41662705999971
3008162,0.985851486131517
3008163,12.1800844478074
3008164,9.57457156540688
3008165,0.707717132005098
3008166,151.361090321982
3008154,5.66429852531043
3008155,665.292020073144
3008156,339.898491872153
3008170,36.8419808440049
3008171,1.97903186274047
3008172,158.506855835203
3008173,157.427502620021
3008174,2.53352438226191
3008175,4.0374603279433
3008176,151.097222388319
3008167,5.35015692464032
3008168,2.96217864610485
3008169,3.49938027405359
3008180,7.23217893042492
3008178,247.820469990826
3008177,43.4462631118596
3008179,1.60435602261422
3008985,4279.93243029537
3008986,13.0635374420144
3008987,1.52023037413546
3008988,18.782275624243
3008982,230.093817739841
3008983,131.582831067884
3008984,87.9914234813953
3008989,14.7644495320297
3008990,0
3008979,8.73462056656967
3008980,1080.70864774187
3008981,570.386911728486
3008978,615.073109788457
3008977,0
3008973,4.75923709137942
3008974,0
3008975,2.93137013642788
3008976,2090.6476044991
3008995,58.3096028743289
3008993,4.56782184210586
3008994,5.39621257167436
3008996,3.05176224963218
3008991,231.89284949126
3008992,8.25019911989496
3008997,244.425189939046
3008998,244.344921097113
3009003,387.154834597013
3009004,0
3009005,11.1523675075616
3008999,3.90681636504986
3009000,6.22595787626323
3009002,66.9962258559896
3009001,232.999179038191
3009046,1518.49446503353
3009045,13.442988732972
3009059,7.03009101421883
3009047,860.888569225892
3009048,351.829248317221
3009044,612.23324897271
3009058,12.6974415165787
3009060,8.30502301146085
3009061,90.9162417837971
3009049,201.199184753453
3009043,0
3009057,352.281265134773
3009062,4.69680454060367
3009050,135.422907663076
3009042,2899.58484450775
3009056,1.67961370488579
3009070,3.73401491870101
3009063,376.181775655032
3009051,5598.46149935071
3009052,19.7168795886362
3009053,2.33970550126035
3009055,22.8714579988114
3009069,611.555221855735
3009064,383.468335130247
3009065,6.01277273315854
3009066,9.58203976288285
3009054,29.0954313691177
3009068,103.110318584499
3009067,358.596611579229
3009041,4.54095554384434
3009040,0
3009039,7.32468801699558
3009071,17.1640141214505
3009148,138.295772286988
3009149,92.4804685097028
3009142,0
3009140,3.10102406914248
3009141,2140.87500446248
3009143,545.872996025681
3009144,9.18023337151314
3009139,0
3009145,1099.4976434118
3009146,561.734666186991
3009147,240.264621999878
3009150,4469.11767404641
3009151,13.7299979387989
3009138,5.00203836402972
3009170,11.7213261393568
3009169,2.54996333384625
3009152,1.59778773521552
3009168,404.268184619591
3009155,1.14701024386223
3009157,8.67109826979385
3009159,5.67151032522971
3009162,256.894992566129
3009154,15.4170803922263
3009158,4.80085771218512
3009160,59.3233625756231
3009161,3.20745353876315
3009163,253.4914953907
3009165,6.54358661944184
3009153,19.7404881144539
3009167,70.414162089943
3009156,243.723291617576
3009166,246.484076953973
3009164,4.10612981954519
3009171,5.79286414308489
3009172,0
3009173,3.61473332056687
3009174,2338.37647932446
3009175,0
3009176,474.839372637591
3009177,10.6316347162414
3009178,1224.5931508935
3009179,680.849547760792
3009180,281.893948618489
3009182,107.101695544366
3009183,4514.89140429263
3009184,15.5934566110547
3009185,1.85039909852555
3009186,23.0106566606892
3009187,17.8545316320277
3009188,1.32835336913883
3009189,278.608113320964
3009181,159.122073223026
3009202,2.9531143281594
3009191,5.55987668886351
3009190,10.0420049972963
3009192,6.5681800916239
3009203,13.574476035682
3009194,3.71455419633032
3009195,297.51027134776
3009196,303.27298083279
3009197,4.75531182838278
3009199,283.60272113011
3009201,483.659687345637
3009193,69.1507484653199
3009198,7.57813226054447
3009200,81.5466905790759
3009567,0
3009568,0
3009569,6.95451734757494
3009570,4498.88784273382
3009576,545.885156963301
3009577,0
3009578,0
3009579,8915.326287293
3009580,0
3009581,0
3009582,0
3009583,35.2564349731597
3009571,0
3009572,943.759760830921
3009573,0
3009574,2325.58896410862
3009575,1370.93065524158
3009589,136.548463821898
3009590,0
3009591,0
3009592,579.695130084269
3009593,0
3009584,0
3009585,543.0428404316
3009586,0
3009587,0
3009588,0
3009599,0
3009598,0
3009597,930.530522633524
3009594,0
3009596,0
3009595,0
3009631,0
3009630,393.047810423532
3009632,11.3221203461099
3009629,68.0159913455471
3009628,236.545714963798
3009600,4.83167857118521
3009601,0
3009602,2.99540916186309
3009603,1925.17194885377
3009613,13.0060999701293
3009614,1.54337016226402
3009615,19.1925952258126
3009616,14.9891827302466
3009604,0
3009605,401.237037134294
3009626,3.96628294622236
3009627,6.32072466201172
3009617,0
3009618,232.379841411985
3009606,8.86757230384086
3009608,575.314666431975
3009612,3551.63884875195
3009619,0
3009607,1014.77957526503
3009621,5.47834960677748
3009609,236.654760453854
3009625,249.682906369819
3009620,4.63734974487219
3009611,89.3307618679522
3009622,59.5834406934372
3009610,132.719617171072
3009623,3.09821384872969
3009624,248.14564389438
3008940,2.38329276299895
3008941,0
3008942,1.46794813909867
3008943,968.329772954295
3008944,0
3008945,222.49834214446
3008946,4.37405356870204
3008947,527.289932038673
3008948,262.474550860356
3008949,110.814400638703
3008950,65.892999864839
3008951,44.0636427147197
3008952,1956.72485703003
3008953,6.58454315333978
3008954,0.761288832475058
3008955,9.46701495783211
3008956,7.34568858759507
3008964,122.401295647057
3008965,119.218641498338
3008966,1.95642431558089
3008967,3.11778549047526
3008968,116.679469109085
3008969,33.5498352288525
3008957,0
3008961,2.70227225976419
3008962,29.0105082110892
3008963,1.52823714059466
3008970,191.370565360762
3008958,113.881455698225
3008959,4.13146886322634
3008960,2.28743736231978
3008971,0
3008972,5.584793583665
3008488,88.5366569563744
3008489,59.2057976914651
3008490,2769.5678178816
3008478,3.20229423788677
3008479,0
3008480,0
3008481,1326.72687248754
3008482,0
3008483,308.840765697699
3008484,0
3008485,708.489337641603
3008486,359.621329114053
3008487,152.819664777593
3008491,8.67631052545441
3008492,0
3008493,12.7202867898219
3008494,9.9343888010179
3008495,0
3008496,155.019542259153
3008497,0
3008498,0
3008499,3.63088875231396
3008500,38.4759698710652
3008501,0
3008510,7.50396786765442
3008509,1.67551126661561
3008508,0
3008502,164.463623540411
3008506,156.775532325936
3008507,45.0789956246145
3008504,0
3008503,163.343707686213
3008505,0
3008904,388.451132860251
3008905,0
3008906,11.2627275424655
3008874,4.80633288257931
3008875,0
3008876,2.96037797806806
3008877,2017.361548636
3008878,0
3008879,497.920533465184
3008880,8.8210554002447
3008881,1042.82523106289
3008882,550.392433947266
3008884,132.884930000649
3008885,88.8621566741515
3008886,4156.85252033621
3008887,13.0223001011549
3008888,1.53527405674705
3008889,18.9681386342326
3008890,14.8138848704931
3008891,1.1021333005709
3008892,234.187582241634
3008893,8.3318402837302
3008894,4.61302345311695
3008895,5.44961165553301
3008883,229.367486358779
3008897,3.08196145066814
3008898,246.843938467085
3008899,245.163053452812
3008900,3.94547689072906
3008901,6.28756783738303
3008902,235.304859649397
3008903,67.659197715452
3008896,57.7486968538118
3008016,5.82440759651297
3008048,13.6483921231416
3008017,0
3008047,2.96919470256095
3008018,3.61085358224488
3008021,468.199276131846
3008030,1.86047493948194
3008031,22.9859590361223
3008019,2231.89853900086
3008020,0
3008034,274.712091073569
3008022,10.6895263681519
3008027,107.684888462761
3008028,4144.3699962096
3008029,15.678366503682
3008043,7.61939690202888
3008044,285.147001991024
3008032,18.0688985149428
3008033,1.33558655320814
3008035,10.0966859822344
3008023,1161.25351005006
3008024,689.0240324404
3008026,159.988528845342
3008040,299.130281960271
3008041,291.352355853724
3008042,4.78120557515287
3008045,81.9907307244962
3008046,483.140569375545
3008036,5.59015147298914
3008037,6.60394531547688
3008025,277.951977646674
3008039,3.73478078276561
3008038,70.8973010058372
3008051,1.76886366484824
3008052,1182.10630573184
3008053,0
3008054,269.857956836503
3008055,5.27069330291697
3008056,615.04816316513
3008050,0
3008049,2.87184530493909
3008080,1.4928712718975
3008081,6.72962360365687
3008058,135.278709195579
3008057,322.511533560292
3008079,232.104514888348
3008078,40.4272350754849
3008062,7.83176587181358
3008063,0.917345864171126
3008061,2516.29418079062
3008075,2.35747285117408
3008076,3.75690211527427
3008064,11.3337051783483
3008065,8.85148547813508
3008068,4.97838102039496
3008060,53.096273950645
3008074,145.538340152452
3008077,140.597659987884
3008066,0.658538728379335
3008069,2.75634045103809
3008070,3.25621259056137
3008059,79.400443465482
3008073,147.492407009259
3008067,140.843192059436
3008072,1.84151134312502
3008071,34.0596188768037
3008287,1203.5634329188
3008288,656.226721286474
3008289,268.187733382847
3008290,153.367446213152
3008285,625.374104754597
3008286,10.1807085245381
3008291,102.559124153815
3008284,0
3008298,272.048363206622
3008299,9.61608714069626
3008292,4892.11290458294
3008293,15.425681310984
3008296,17.0972561830154
3008297,1.27201308451007
3008294,1.77191696093342
3008295,22.0346912467585
3008283,2268.51675715028
3008281,0
3008282,3.43897817167508
3008280,5.54716776272437
3008300,5.32406215153566
3008301,6.41353412818273
3008302,67.0848484194387
3008312,12.9987332692581
3008311,2.95959183099331
3008303,3.55700647932045
3008304,284.891781601633
3008309,78.0879996429912
3008310,445.419315404527
3008305,284.798223595639
3008306,4.55362180512995
3008307,7.25671618374389
3008308,273.346269300191
3008319,9.13534632398967
3008332,8.62870065479153
3008320,1115.68090057293
3008318,668.892790085825
3008333,4.77738376336929
3008321,608.309956384584
3008331,247.310599628684
3008334,5.68060801247062
3008322,243.801022635064
3008323,137.619570642463
3008316,2130.40712699377
3008317,0
3008335,60.9847230582675
3008336,3.19177059110841
3008324,92.0282822724914
3008325,4534.89760639628
3008328,19.6439663603469
3008329,15.441810978531
3008330,1.14140190023494
3008337,255.638896204174
3008338,255.554944799015
3008326,13.841761673039
3008327,1.58997530048749
3008339,4.08605276519498
3008315,3.10599843143573
3008314,0
3008313,4.97758073592005
3008345,11.6640143366865
3008340,6.51159154135676
3008341,245.278885100099
3008342,70.0698697705491
3008343,402.291502276029
3008344,2.69047172992253
3008380,0
3008379,8.18173261799066
3008381,5.10538151486324
3008382,3238.85848051059
3008411,19.1723352403924
3008410,4.17092326465135
3008391,6502.39950430319
3008395,25.3819626976962
3008383,0
3008384,679.435543135128
3008385,15.0159213804921
3008386,1696.16994825933
3008389,224.741030442641
3008390,151.268425123258
3008404,420.059932421053
3008392,22.0239055207581
3008393,2.63052326785075
3008394,32.2891157058157
3008408,115.175015626159
3008396,1.87614137325742
3008397,388.415093476174
3008398,14.1831394293067
3008399,7.85266550944104
3008387,986.966231241488
3008388,395.560476953337
3008402,5.24636664674573
3008403,420.197924748319
3008405,6.71631319740861
3008406,10.7032118081964
3008407,400.555161783142
3008409,683.111866983236
3008400,9.2767743156252
3008401,100.241608186136
3008414,3.52433848181165
3008413,0
3008415,2464.97992701239
3008416,0
3008417,725.202499938716
3008418,10.433408132876
3008419,1324.92098974911
3008420,694.746079804945
3008421,278.443255696217
3008422,157.174243500043
3008412,5.684856325131
3008444,13.321380243986
3008443,3.05284540907166
3008442,459.454002374432
3008428,17.7510567505157
3008429,0
3008423,105.104786908296
3008424,5385.39381824316
3008425,15.7060778996618
3008426,0
3008427,22.4352215140188
3008441,80.0262544194742
3008430,278.80098898562
3008432,0
3008433,6.48777832115151
3008434,69.1986203539477
3008436,291.96319922015
3008437,297.618463120128
3008438,0
3008439,0
3008440,280.131110947143
3008431,0
3008435,0
3008745,7432.06343547911
3008747,1569.24407723173
3008744,11.563679244047
3008743,0
3008746,0
3008742,18.6525373290805
3008774,43.7086758336145
3008760,908.841049191959
3008748,34.2329732780918
3008756,5.95813010739184
3008757,74.0923870694457
3008758,58.6229187364646
3008759,4.27718658543874
3008773,9.50878078312779
3008761,32.3344149706114
3008749,3917.52340921475
3008754,14727.9222846534
3008755,50.2096241760305
3008769,24.400951132826
3008770,913.17700740883
3008771,262.573513294786
3008772,1557.34368180464
3008762,17.9023372415712
3008750,2279.52589241478
3008751,895.943714254068
3008753,344.858488789838
3008767,970.182628351248
3008768,15.3117057813637
3008763,21.848097642404
3008764,230.019926896082
3008752,512.359747676144
3008766,957.95815421001
3008765,11.960553380257
3009127,84.5412971440185
3009109,0
3009110,569.304142002866
3009111,12.6640573140264
3009108,2696.26921575535
3009107,4.30575270580435
3009106,0
3009105,6.90027126386551
3009121,21.2677370825842
3009124,11.9617095797343
3009112,1430.50785195184
3009118,18.5744180943789
3009119,2.20413519303406
3009120,27.2318428923661
3009134,97.1357642381161
3009122,1.58229130787908
3009123,334.03454315126
3009137,16.1694741318699
3009125,6.62274418995267
3009113,816.298078796493
3009115,189.541035692723
3009116,127.576054577124
3009117,5239.87501869789
3009131,5.66437270918553
3009132,9.02682455165614
3009133,337.818332802473
3009135,576.119680981161
3009136,3.51765369153924
3009126,7.82380239250533
3009114,337.974064076894
3009128,4.42465608478081
3009129,354.384554061464
3009130,349.689457373453
3009270,22.4905666508957
3009271,0
3009272,13.9430734907228
3009273,9078.65449009595
3009302,52.7023680325622
3009301,12.3960956491687
3009300,1865.61551492342
3009277,4785.45989251648
3009299,316.601811181437
3009275,1892.13874165416
3009276,41.2769026318422
3009290,21.5860020454503
3009278,2748.57131291556
3009280,617.785175874221
3009281,415.818110448859
3009284,7.18410154773355
3009285,89.9209459646666
3009286,70.6854321131386
3009274,0
3009288,1088.74359705047
3009289,41.6078706304477
3009291,26.5155663792014
3009279,1101.58397021298
3009293,14.4216102203361
3009294,1155.0718991158
3009282,17758.4053004836
3009283,60.5409805178023
3009297,29.6137929291544
3009298,1101.07638370325
3009287,5.15727958512921
3009292,277.349853567913
3009295,1185.12886112447
3009296,18.4623106947372
3009303,18.3438974039561
3009304,0
3009305,11.446547948875
3009306,7404.78926642128
3009307,0
3009308,1543.2780992013
3009309,33.6665268947966
3009310,3827.72293987107
3009313,503.881830094766
3009311,2241.80701865828
3009312,898.480845106882
3009335,42.9854368340849
3009320,4.20641280682715
3009321,888.007899201262
3009319,57.6528966461623
3009333,1531.5746173141
3009334,10.1105814863459
3009322,33.9364730951148
3009318,73.341887416466
3009332,258.228760189448
3009323,17.6061107320991
3009317,5.8595420816566
3009331,898.066844205855
3009315,14297.0217606799
3009316,49.3788152424891
3009330,23.9971933170538
3009324,21.6267929936076
3009314,339.152182120629
3009328,960.355414588758
3009329,15.0583459492663
3009325,230.671296668541
3009326,11.7626444183501
3009327,942.107006037974
3009339,5596.79705167006
3009340,0
3009352,43.5760627831379
3009341,1166.46321789131
3009342,25.446330973823
3009343,2969.3852829722
3009351,55.0749532824341
3009344,1683.4502242864
3009350,4.42884553048217
3009345,679.103045873246
3009346,380.851397601955
3009349,37.3222245253292
3009347,256.343005136941
3009348,10876.7021054136
3009336,13.864955127375
3009337,0
3009338,8.65169871917579
3009353,3.17935297660879
3009357,16.0304080746729
3009354,675.567090023572
3009356,13.3073103219333
3009358,170.980275152382
3009367,7.64192884057578
3009355,26.671188140075
3009359,8.89061541548526
3009366,1150.11221374974
3009368,32.4898869477251
3009360,712.077214359317
3009361,716.488533309229
3009362,11.381621161599
3009365,195.178270668492
3009363,18.3754044275514
3009364,678.790129605289
3009375,31.5617692521462
3009376,3588.42207177685
3009377,2101.65414602568
3009378,842.309787384678
3009379,472.380239918901
3009374,1446.79572713544
3009388,32.4417393589201
3009389,16.5054151885246
3009390,20.0126936374973
3009391,213.455318713054
3009392,11.0272696107655
3009380,317.949129320719
3009381,13667.3086878776
3009386,3.94343707633442
3009387,827.094348057204
3009393,883.208536131968
3009394,906.19114477873
3009382,46.2917596905035
3009384,68.7567129923685
3009385,54.0485636178065
3009383,5.49321632381002
3009371,10.7309348013518
3009372,6941.85803358523
3009373,0
3009370,0
3009369,17.1970770509799
3009395,14.1169310887007
3009400,9.47849004069356
3009401,40.2980813197508
3009398,242.084862772905
3009399,1417.26670285021
3009397,841.921668914685
3009396,22.4969412656895
3009409,2432.09486580512
3009410,1406.01074590272
3009408,21.252671612645
3009422,11.1142111847302
3009423,13.3017302938415
3009411,563.506899877629
3009412,318.085530475013
3009407,974.225311443737
3009421,21.423080576016
3009424,140.042537334805
3009425,7.4254056529408
3009413,214.096630039844
3009406,0
3009420,556.938504666978
3009426,594.723978682572
3009414,9084.17713786383
3009417,46.6006632758149
3009418,36.1585950718622
3009419,2.65538260985688
3009433,6.382507729819
3009427,602.31323283384
3009415,31.1713693619014
3009416,3.69895368331473
3009430,566.922741563265
3009431,163.012093834218
3009432,960.569019622526
3009428,9.50588346963771
3009429,15.347062664949
3009405,4554.37427702674
3009404,7.22586340480033
3009403,0
3009402,11.5799538467565
3009434,27.1354207701804
3009467,35.256188575833
3009435,15.045465481388
3009466,8.29258915920302
3009465,1256.18087201032
3009439,0
3009440,1249.42044532105
3009438,6152.84989089497
3009452,3.45005411292464
3009453,733.087214486769
3009441,27.6129198239325
3009442,3159.94345358995
3009436,0
3009437,9.32746756297358
3009451,46.9797117681578
3009454,27.4745837118199
3009455,14.4403408636687
3009443,1814.94153582915
3009449,4.80593279524624
3009450,59.7642257683095
3009464,211.796425381995
3009456,17.6230607725576
3009444,736.924233877834
3009445,413.278406133828
3009446,278.16893742182
3009462,19.6822374085053
3009463,736.584674833837
3009457,184.33524122348
3009458,9.64759323871713
3009459,772.705937401355
3009447,11957.3239380945
3009448,40.499968130136
3009460,777.492851342191
3009461,12.3506918512107
3009672,17.1097284491486
3009673,1983.62556404816
3009671,769.156284838987
3009674,1139.31292777833
3009675,453.658260563876
3009670,0
3009676,256.078725029221
3009677,172.361163275117
3009666,9.32258632621945
3009667,0
3009668,5.77955674873616
3009669,3812.47588059645
3009698,21.8457090568761
3009696,773.318074167564
3009697,4.75251319130723
3009684,448.370292046352
3009683,2.13774890099985
3009685,16.1608241041482
3009681,37.0315663967968
3009682,29.1099281096589
3009686,8.94763438513211
3009694,456.408226532001
3009695,131.234920026296
3009687,10.8489404043881
3009678,7172.00821627609
3009679,25.0948998267548
3009680,2.9778888142156
3009688,114.219211189991
3009689,5.97791546691942
3009691,481.756063554333
3009692,7.65283009115811
3009693,12.1956583902919
3009690,478.789959348063
3009702,3816.94559056891
3009703,0
3009704,790.35582542687
3009714,38.3005445349911
3009715,30.3039191831227
3009716,2.2110041500825
3009705,17.6960355774987
3009706,1960.28384334156
3009707,1170.71475225902
3009713,3.07993353365096
3009708,472.265792381745
3009709,264.853895386229
3009712,25.9548385860044
3009710,178.267544488545
3009711,7227.27272140869
3009699,9.64204778546859
3009700,0
3009701,6.01661467414817
3009766,0
3009719,9.25424718950623
3009718,16.7146146801024
3009720,11.1479596765071
3009717,460.728306135293
3009731,22.5943062647147
3009721,118.133214729805
3009730,4.91536980062881
3009722,6.18276351353488
3009723,495.196880532262
3009728,135.732008880076
3009729,789.480533726201
3009724,491.824834936286
3009725,7.91507322656692
3009726,12.6135727640005
3009727,472.048182329584
3009738,22.7898048889962
3009739,2607.99999517471
3009740,1507.70270933326
3009751,21.5258839012872
3009752,11.9180641856055
3009753,14.2637990934906
3009741,608.206579207639
3009736,0
3009737,1044.68770658058
3009754,152.137630081703
3009742,341.091572375554
3009747,49.0054941237078
3009748,39.0268431892978
3009749,2.84743738044989
3009750,593.348050057728
3009755,7.96245992675503
3009743,229.581509324059
3009744,9615.30509297578
3009745,33.4258882284661
3009746,3.96648639157536
3009760,607.926330526576
3009756,637.738336337872
3009757,641.689125875076
3009758,10.1934116105046
3009759,16.2443650718158
3009734,7.74848546814967
3009735,5012.50702673332
3009776,156.465570391105
3009788,5.42661662005844
3009789,434.634709254969
3009733,0
3009732,12.4174924264176
3009761,174.802202788387
3009762,1036.76529541044
3009763,6.3302494065978
3009764,29.0980332357501
3009781,26.4253351461302
3009771,15.5318249782283
3009772,1921.70655167642
3009773,1027.53730076345
3009780,33.6164194337819
3009794,119.132095809601
3009782,1.94060016068706
3009783,420.475022233844
3009784,14.6704310495386
3009785,8.12246036821029
3009786,9.84842302208311
3009774,414.508074328499
3009777,7965.05829741334
3009778,23.3810515150167
3009779,2.70326019518575
3009793,417.020721395698
3009795,683.972011785865
3009796,4.54465693045007
3009797,19.8310411883587
3009787,104.362224602361
3009775,233.979425518284
3009790,437.327271649275
3009791,6.94706627970485
3009792,11.0709431873948
3009770,1065.62888392922
3009768,3693.46917615782
3009769,0
3009767,5.24655105660519
3009765,8.46283327018381
3008213,8.85086636344538
3008212,1.96343880484065
3008211,305.266113622279
3008210,53.1702924517609
3008183,2.32642668220235
3008182,0
3008196,14.9061991939252
3008184,1564.86307727882
3008181,3.77707885426039
3008195,1.20650219552041
3008209,184.915408774079
3008197,11.6415597214649
3008185,0
3008186,350.332668015867
3008187,6.9320670537168
3008191,104.428234876227
3008193,3162.15257103789
3008194,10.2336345707935
3008208,4.94111417238386
3008198,0
3008199,180.481074288541
3008200,6.54761509899081
3008188,835.657156052277
3008189,435.350914222105
3008190,180.249496600761
3008204,2.42197361467758
3008192,69.8327355007903
3008206,191.413439341101
3008207,3.10057120428755
3008201,3.62516574790901
3008202,4.28260244367398
3008203,45.0878569448977
3008205,193.983447061211
3008582,365.840462200054
3008583,7.98078957139173
3008577,4.3484968187437
3008578,0
3008579,2.69585963124245
3008580,1721.41604430973
3008581,0
3008584,884.074446244945
3008585,507.775995621761
3008609,10.1898757504507
3008592,17.1612937604492
3008593,13.4027610667709
3008594,0.997147569352729
3008595,205.099769257055
3008596,7.53817553906882
3008590,11.7054525691465
3008591,1.38902870749176
3008605,212.890463190562
3008606,61.2141966052306
3008607,353.741899023231
3008608,2.21679776086533
3008597,4.17360143392818
3008588,80.397428776694
3008589,3302.12813063496
3008603,3.56964324505026
3008604,5.68863401817117
3008598,4.93049889102909
3008586,207.518665294597
3008587,119.447273768404
3008601,223.330365868094
3008602,224.713897675008
3008599,53.2772622445116
3008600,2.78838355376855
3008249,2.19975129328041
3008250,1451.06261838788
3008251,0
3008252,353.519074029864
3008253,6.51211657224778
3008254,779.94278958392
3008255,401.073964684535
3008256,169.329829740145
3008257,98.1018841390804
3008258,65.6022093577791
3008259,2951.32768203205
3008247,3.54826022467968
3008248,0
3008260,9.73955056432761
3008268,4.02315876775094
3008267,3.40555014271617
3008269,42.910997018135
3008263,11.0076695083512
3008264,0
3008265,172.888250456752
3008266,6.1509550418985
3008270,2.27524840591842
3008271,182.23176587303
3008272,180.99085776614
3008262,14.0031690472382
3008276,49.9491911926504
3008277,284.913618581048
3008278,0
3008279,8.31467339792092
3008273,2.91273597996274
3008261,1.13341127271542
3008275,173.713077010124
3008274,4.64177729932614
3008445,5.34560170151756
3008446,0
3008447,3.31401687353322
3008448,2333.00296511018
3008449,0
3008450,681.924660167704
3008451,0
3008456,98.832458658782
3008457,5130.31665377718
3008458,14.8651621494435
3008459,0
3008460,21.2340221279403
3008461,16.6917286457727
3008452,1237.77664363612
3008453,628.281694700571
3008454,261.826624332759
3008455,147.794571302416
3008477,12.5264015176625
3008476,0
3008462,0
3008463,265.595684393065
3008475,429.234224051273
3008474,75.2505353388962
3008471,0
3008472,0
3008473,263.413753608371
3008465,0
3008466,6.06105612118857
3008468,0
3008469,274.539739488627
3008470,276.24051340877
3008467,65.4936718543439
3008464,0
3009469,0
3009470,4.03175089449524
3009471,2574.43696103925
3009472,0
3009473,536.554388895713
3009468,6.50332670718452
3009500,15.2393100128662
3009474,11.9355455752745
3009499,3.31529737368586
3009475,1348.21655014531
3009483,25.665305666341
3009484,20.0442906201149
3009485,1.49126852084238
3009486,314.818893711265
3009479,120.23712274521
3009480,5003.10868089002
3009481,17.5059073251443
3009482,2.07734025503713
3009496,318.385017324688
3009497,91.5479385717135
3009498,539.45760424209
3009487,11.2736010511408
3009492,333.998251215202
3009493,342.689461481352
3009494,5.33852437251246
3009495,8.50754802862175
3009488,6.24176463770537
3009478,178.637510380624
3009476,774.360127669717
3009491,4.17012360614673
3009489,7.37373084408436
3009477,314.414945365087
3009490,78.648186792767
3010293,4.40357210381142
3010294,0
3010295,2.7478184228034
3010296,1654.83005226751
3010297,0
3010298,360.959512167101
3010299,8.08186915797789
3010305,3236.94913201574
3010306,11.8537063598158
3010307,1.40662125848607
3010308,17.4920528530525
3010309,13.7502258367001
3010310,1.00977680398847
3010311,209.052770383866
3010312,7.6336492588414
3010300,895.271568877794
3010304,81.4156912920308
3010318,224.618895412561
3010319,3.61485406789455
3010320,5.76068262559942
3010321,215.586797909695
3010322,61.9894965465097
3010323,360.55976201013
3010313,4.22646160568726
3010301,510.873436086996
3010302,210.14696425039
3010303,120.960116694952
3010317,226.158925730768
3010314,5.02552711920594
3010315,52.9094752089744
3010316,2.82369944003987
3010325,10.3189342125246
3010324,2.24487430632602
3011284,0
3011285,6.45129880553994
3011286,4119.41673141731
3011287,0
3011288,858.553213919108
3011283,10.3386596500231
3011289,18.9745262688062
3011290,2157.31280209725
3011295,7850.89199473416
3011291,1239.07173270903
3011292,506.385718098373
3011293,283.988872727618
3011294,191.146892249389
3011315,24.2266837601985
3011296,27.8300054492984
3011314,5.73553005426318
3011313,846.518366234908
3011300,2.37074321773657
3011297,3.30245039825456
3011298,40.8014039652921
3011299,32.2826336631467
3011301,497.238393342776
3011310,13.5248692683662
3011311,506.152386308718
3011312,145.53827927921
3011302,18.2753511003936
3011303,9.9228415102527
3011306,6.62945144903279
3011308,534.262896704433
3011309,8.48691585181858
3011304,11.7223840936126
3011305,125.846801251242
3011307,530.97351532441
3010593,2294.03514898177
3010594,0
3010595,430.858586938584
3010592,3.27992786699247
3010606,16.6278345109884
3010607,1.22110005967615
3010596,9.77322005429465
3010597,1225.04448875849
3010605,21.15274058421
3010598,617.787595069292
3010591,0
3010599,254.125931169482
3010600,159.18071948995
3010590,5.32513931545389
3010604,1.70099500790147
3010601,98.4541386795506
3010602,4915.07045251809
3010603,14.3344167603993
3010608,257.784137816342
3010622,12.4784518053279
3010621,2.71467530110888
3010620,430.381425977437
3010616,4.37136058244909
3010618,260.704197950586
3010613,3.41463533438383
3010614,273.488831012293
3010615,268.115887280896
3010617,6.96626211862871
3010619,74.9624844156175
3010610,5.11096362932756
3010611,6.0378550528654
3010612,63.5674098770836
3010609,9.23119795255715
3009866,4.5860961998109
3009865,0
3009867,3313.62178707275
3009868,0
3009869,610.327896811829
3009870,13.6652173976054
3009864,7.44577386101484
3009871,1668.90466020417
3009872,869.446476114378
3009873,364.69268464599
3009876,6827.84753498824
3009874,229.928778736426
3009875,137.661610121921
3009877,20.0428231647826
3009878,2.37838362853611
3009879,29.5764136111272
3009880,23.2495505249792
3009896,17.4477557814137
3009895,3.92121595284857
3009884,7.14630681781535
3009882,360.441723950196
3009883,12.90734539499
3009885,8.44231496418413
3009886,88.8819110331319
3009887,4.77444833112047
3009881,1.70737972612936
3009888,382.400509846054
3009889,379.796551691593
3009894,609.651979806375
3009890,6.11217105013821
3009893,104.814855340731
3009891,9.74044232821023
3009892,364.524641998377
3010788,7.71744787391258
3010801,20.7741258205732
3010789,0
3010790,4.8156689489897
3010791,3035.25787290484
3010792,0
3010793,649.271418350188
3010794,14.1638202986371
3010795,1599.91822908082
3010796,930.959345477699
3010797,375.548571604521
3010798,211.987762073364
3010799,142.684470437301
3010800,5822.42185959718
3010802,2.46516373180487
3010803,30.456821188024
3010804,24.0978570686766
3010805,1.76967690442086
3010806,371.171071631354
3010807,13.3782958139483
3010808,7.407054174213
3010809,8.75034978061541
3010810,92.7261112876775
3010811,4.94865366715408
3010819,3.93423794004909
3010820,18.0843721919677
3010812,396.353160434593
3010813,398.808568601326
3010814,6.33518588616522
3010815,10.0958419285875
3010817,108.639235840763
3010818,631.896356672593
3010816,377.825055647834
3010867,17.9994330065889
3010863,325.388486317026
3010864,210.556020310045
3010865,123.626841817499
3010866,6212.02715341434
3010880,5.48902779001135
3010868,2.1359045297084
3010869,26.3888607059746
3010861,1508.53801101097
3010862,817.177468675259
3010876,80.3411629687535
3010877,4.28768752649698
3010878,343.41431354609
3010879,343.301536834088
3010881,8.7473924057377
3010882,327.360912130852
3010870,20.7438656473675
3010871,1.53331028990331
3010860,12.2720318912388
3010874,6.41773216049787
3010875,7.6310848235276
3010883,94.1288535696791
3010884,540.421125857186
3010872,325.806533050652
3010873,11.5914258595189
3010885,3.49861287910975
3010886,15.6689358939563
3010859,551.680903933957
3010858,0
3010856,4.11853812367674
3010857,2806.59446491325
3010854,6.6866681750221
3010855,0
3010993,1361.49724870798
3010994,787.090910438935
3010995,321.669509012129
3010991,545.375552492368
3010992,0
3011006,0
3011007,7.49495785748599
3011008,80.4628533193536
3010996,180.397191291747
3010997,121.421526677241
3010989,2533.02907472486
3010990,0
3011004,315.858888061055
3011005,0
3011009,0
3011010,337.288323640413
3010998,4987.09280889078
3011002,20.3738265821687
3011003,0
3011011,341.592449423323
3010999,17.6783504524936
3011000,0
3011001,0
3010986,6.56738816796643
3010987,0
3010988,4.09803445298872
3011018,15.3894258696713
3011017,0
3011012,0
3011016,537.73070113252
3011015,92.4497377493555
3011014,321.521290530579
3011013,0
3010436,128.73514687415
3010425,6.96296368130897
3010426,0
3010427,4.3448726238073
3010428,2792.48224355895
3010429,0
3010430,578.225326043737
3010431,12.7791166120306
3010432,1424.84824298028
3010433,850.94353221005
3010434,336.63691584482
3010437,5151.68965898291
3010438,18.7431759777161
3010439,2.22416086424892
3010440,27.6585748696888
3010441,21.7419678510251
3010442,1.59666721621621
3010443,334.884113705246
3010444,12.0703876971058
3010445,6.68291513505043
3010446,7.89488555240291
3010435,191.263110851498
3010447,85.3093971344521
3010448,4.46485629948301
3010449,357.604315075074
3010455,570.119999998404
3010456,3.54961333561965
3010457,16.3163818958334
3010450,355.169206730986
3010451,5.71583636979539
3010453,340.887581405932
3010454,98.0182912645816
3010452,9.10883776988203
3011415,3.15002730568951
3011416,0
3011447,7.38149024673227
3011446,0
3011445,252.936825785975
3011444,44.3432291294698
3011417,1.9528659683309
3011418,1322.16059913046
3011443,154.21668685155
3011423,344.666699296247
3011427,2796.17462254912
3011429,1.00620479659216
3011430,12.5126699008717
3011421,5.78124030411709
3011422,687.918204954543
3011436,3.57162642282915
3011424,149.350790949989
3011425,92.9446094799891
3011426,58.2394575666219
3011440,160.677658329013
3011428,8.47936580275974
3011442,4.12081536131614
3011420,258.206813189365
3011434,5.46061312056052
3011435,3.02333404574891
3011437,37.3588122239004
3011438,2.01988979162783
3011439,161.779295236409
3011441,2.58583003786743
3011431,9.77224254358135
3011419,0
3011433,151.500733120993
3011432,0
3011051,10.6387295180642
3011050,0
3011049,364.550569701826
3011022,1880.96332362817
3011023,0
3011024,374.574505694313
3011025,8.33233531693155
3011026,1004.45878267833
3011027,544.116939332292
3011033,1.45021402357901
3011034,18.0341511232272
3011035,14.0844520186294
3011036,1.04107091585191
3011037,218.353647784903
3011038,7.87022458210979
3011039,4.35744437509979
3011040,5.14768240313964
3011028,219.496522962786
3011029,140.198551380542
3011030,83.9388545699641
3011032,12.2210659697369
3011046,5.93921261933988
3011047,222.268073755427
3011048,63.9106203350764
3011041,54.9051620885735
3011042,2.91120904196014
3011043,233.167843634982
3011031,4109.45669147364
3011045,3.72688243606849
3011044,233.091271687593
3011020,0
3011021,2.8146095338001
3011019,4.5400437255313
3010160,8.95723552381362
3010135,840.217159118993
3010129,0
3010130,2.35438553308571
3010131,1573.40220170287
3010132,0
3010133,313.326870629457
3010134,7.01537620356065
3010148,3.66873276394637
3010136,429.267955443464
3010137,183.606085327394
3010140,3415.22274136368
3010141,10.2894773344059
3010142,1.22100186371673
3010143,15.0853409668806
3010144,11.7814672606932
3010145,0.876525469929862
3010146,186.249141070103
3010147,6.62630392920188
3010149,4.33407049294946
3010150,45.3338917744343
3010138,113.521716928339
3010139,70.6719809640496
3010153,197.530897946443
3010154,3.1378336757925
3010155,5.0004961745764
3010156,187.137710632763
3010157,53.8092897128635
3010158,308.93478275155
3010159,1.98703529003535
3010151,2.45108074264092
3010152,196.314728038908
3010128,3.82247155254263
3010495,0
3010494,2159.42827293647
3010358,21.5131290668899
3010357,4.68016073135918
3010356,751.702504996712
3010355,129.236994105258
3010354,449.459848568418
3010327,0
3010328,5.72870910548082
3010329,3658.01381239312
3010326,9.1806588813859
3010340,2.93255331013865
3010341,36.7057684231473
3010342,28.6667573444526
3010330,0
3010334,1100.28720285264
3010337,169.737129703728
3010338,7062.82126269449
3010339,24.7128540203515
3010353,12.0099911759773
3010343,2.10520372216238
3010331,772.37183984823
3010332,16.8492492263653
3010333,1866.48082200272
3010347,10.4093966996777
3010335,443.855351356954
3010336,252.180171790039
3010350,474.577639596641
3010351,468.290153648573
3010352,7.53632308520756
3010344,441.544283934157
3010345,15.9147910408709
3010346,8.81141522435963
3010348,111.026587944019
3010349,5.88690743138483
3010392,2.65786863540174
3010393,0
3010394,1.63706841974262
3010402,73.0080245580136
3010395,1018.48866617111
3010396,0
3010397,216.452243261718
3010398,4.87798224805222
3010399,540.36000024336
3010400,292.713881883762
3010401,125.19930568342
3010423,1.35494114063419
3010403,49.1401542232828
3010424,6.22820995039569
3010404,1915.97515911903
3010422,214.810773127614
3010406,0.848995868963648
3010405,7.15455398578522
3010407,10.4892486599521
3010413,3.01359732008157
3010415,1.70430323395581
3010421,37.4150654766633
3010408,8.19197523926106
3010412,2.55096986620544
3010414,31.9346274702264
3010416,137.393736075345
3010418,2.18182126285509
3010419,3.47698125706451
3010409,0.609472045150392
3010410,125.360156982695
3010411,4.6074496932096
3010417,131.235305360855
3010420,130.971066110364
3010467,280.121471704871
3010464,10.564785721501
3010465,1307.14954401848
3010466,689.900088370607
3010480,69.1643550883395
3010468,181.264134306538
3010461,2479.83670192036
3010462,0
3010463,481.151417698544
3010477,9.97886344313603
3010478,5.52491760896174
3010479,6.52688105830322
3010481,3.69119803139791
3010469,106.428267527581
3010470,5210.48754350845
3010471,15.495408951706
3010460,3.54558015723059
3010474,17.8580448243865
3010475,1.32000102354409
3010476,275.061372296217
3010482,295.639602998501
3010483,293.626443666367
3010484,4.72541164615406
3010472,1.8387642631586
3010473,23.0151844111122
3010487,81.0339458850455
3010485,7.53048290678575
3010486,283.65852494134
3010459,0
3010458,5.75644009777399
3010488,465.239452166802
3010489,2.93454590199917
3010490,13.4891232088277
3010523,11.9777107825773
3010496,432.834102616619
3010497,0
3010498,1153.16267311958
3010508,0
3010509,249.05433593995
3010510,0
3010511,0
3010499,616.596565924584
3010500,247.122164856764
3010492,0
3010493,3.14830942102751
3010507,15.7543035535707
3010521,413.110883222703
3010522,0
3010512,5.795565243075
3010513,61.4147138317679
3010501,160.954077026823
3010505,0
3010506,20.3039137329822
3010520,71.9543555467643
3010514,0
3010502,94.5033259613113
3010503,4626.66934434427
3010518,0
3010519,250.242540626926
3010515,262.514146084352
3010516,254.030617935654
3010504,13.7591987268552
3010517,0
3010491,5.1114496888312
3010560,1110.67823749413
3010558,0
3010559,1.69472989425335
3010561,0
3010562,222.623471335703
3010557,2.75148514081155
3010563,5.04979647748073
3010564,589.271253198016
3010565,317.13967797355
3010566,127.934000169439
3010567,82.2482490005912
3010568,50.8709882654204
3010589,6.44758243658576
3010588,0
3010574,0.630939111751043
3010575,130.622498688926
3010576,4.76973511747196
3010572,10.9295640840778
3010573,8.53585621385113
3010587,220.935201563852
3010577,2.64082114068117
3010585,134.705156863505
3010586,38.7329137829906
3010578,3.1197434426027
3010569,2244.37146948041
3010570,7.4065545297526
3010571,0.878899538882132
3010580,1.76433287981432
3010582,136.744272782025
3010583,2.25867023851053
3010584,3.59944887277969
3010579,32.6321668789251
3010581,141.310942330549
3010623,1.95605487085848
3010635,1626.98295006236
3010636,5.26538444613529
3010624,0
3010634,36.1646308410049
3010637,0.624817375360637
3010625,1.2047983161072
3010626,789.590881005489
3010627,0
3010628,158.264974436746
3010629,3.58994451763848
3010630,418.918091898139
3010631,215.422390256727
3010632,90.3597541583993
3010633,57.3411134244097
3010647,100.459185823458
3010638,7.71954853586807
3010639,6.02887323145925
3010640,0
3010641,91.6605055289881
3010642,3.39084644537965
3010643,1.87738286450344
3010644,2.21785292103446
3010645,23.5022464166088
3010646,1.25427968779023
3010655,4.58364279104385
3010654,0
3010653,158.089701459469
3010648,96.5824476275896
3010649,1.60570844311319
3010652,27.5355674446469
3010651,95.7630751132811
3010650,2.55887971029715
3010721,12.4682669463684
3010719,427.242163716565
3010720,2.71245959474611
3010718,74.9013003566543
3010694,450.561149194369
3010695,9.76524319391277
3010698,255.575470663183
3010699,161.133355064733
3010700,98.3737808329144
3010689,5.3207929595346
3010690,0
3010691,3.27725080390453
3010692,2147.81786705343
3010693,0
3010707,259.254543795357
3010708,9.22366348829502
3010696,1224.04461268959
3010697,609.305318435653
3010711,63.1037403067825
3010712,3.41184832363752
3010713,273.26561059887
3010701,4847.58611391234
3010702,14.3227170707864
3010703,1.69960666305577
3010704,20.9984495385888
3010705,16.5065487625577
3010706,1.22010340303339
3010709,5.10679208268668
3010710,6.03292698141145
3010714,273.175870608862
3010715,4.3677926966498
3010716,6.96057628530098
3010717,260.491412299954
3011318,6.74846054554677
3011319,4422.7509586882
3011320,0
3011321,903.960750667098
3011322,19.9780592879112
3011323,2271.40970226606
3011317,0
3011331,42.9593264095708
3011332,33.9900116690945
3011333,2.49612811879357
3011334,520.142343480236
3011335,18.8700775148914
3011324,1304.60429880305
3011325,526.276773851172
3011326,299.008600061158
3011316,10.8854551897433
3011330,3.47711183494366
3011327,201.256352435856
3011328,8266.1133939158
3011329,29.3018909127134
3011348,25.5079951749
3011347,5.54924004695356
3011336,10.4476450788801
3011346,885.510959546831
3011337,12.3423626550753
3011345,153.235571255375
3011342,8.93577555809051
3011341,562.519225749496
3011343,14.240178451721
3011344,532.921994422446
3011339,6.98007276802693
3011340,559.055874132719
3011338,132.502641751038
3009996,3.78690644268884
3009997,0
3009998,2.34770051161868
3010026,312.091199691752
3010028,8.87389544894012
3009999,1589.47780613619
3010000,0
3010001,302.43966879382
3010027,1.98139331960062
3010025,53.3086363336331
3010006,113.199384368962
3010007,70.0144334239248
3010009,10.1937417908692
3010010,1.20964139580536
3010011,15.1406683029353
3010004,433.653828197511
3010005,183.084755832016
3010019,2.42827535228699
3010020,195.757313735774
3010008,3564.16457938933
3010022,3.10863858621538
3010023,4.95397046645073
3010024,186.606353471716
3010012,11.6718499171484
3010003,854.340631748126
3010017,4.29374535486091
3010018,44.9120953479873
3010021,193.163804778228
3010013,0.868370085593001
3010002,6.95010361175304
3010016,3.63459807334621
3010014,182.131469556385
3010015,6.56465135077786
3009904,798.154387322401
3009905,429.558414728137
3009902,303.50608364992
3009903,6.79548917268431
3009917,3.55374153166813
3009918,4.30888527963664
3009906,176.698161319071
3009901,0
3009915,179.24177575956
3009916,6.41861181770301
3009907,109.250619963132
3009912,14.6125123203882
3009913,11.4866646090564
3009914,0.849052020541284
3009908,68.4568678169533
3009909,3079.7537307244
3009910,9.96696824085457
3009911,1.18273128966385
3009897,3.70266159568369
3009898,0
3009899,2.29547274380649
3009900,1504.38818005867
3009929,8.67648366289535
3009928,1.93731454987314
3009927,299.251659545814
3009919,44.4879468953138
3009926,52.1227137395721
3009925,181.272144145373
3009923,3.03948272349381
3009924,4.84376270443435
3009922,186.425620104742
3009921,190.161520938787
3009920,2.37425508834972
3009945,12.1852256838881
3009946,9.51651260479076
3009934,0
3009935,249.819587558259
3009936,5.62995095343712
3009958,150.180988421722
3009959,43.1828106052177
3009947,0.703425627073128
3009948,147.53610851871
3009949,5.31771426670458
3009937,683.116528122266
3009938,349.005054436354
3009944,0.979873410536631
3009950,2.94421637884545
3009951,3.47816048577124
3009939,141.707199533844
3009940,88.1878176700543
3009943,8.25746917176105
3009957,4.01297769197699
3009952,36.8575319119808
3009953,1.96703127010904
3009941,56.7153884645413
3009942,2618.78037539927
3009956,2.51816141888283
3009954,157.545690812053
3009955,156.472882654827
3009930,3.06759420126337
3009931,0
3009932,1.88943182690999
3009933,1230.2523364393
3009962,7.18832393505287
3009961,1.58428907046208
3009960,247.925075467686
3010759,0
3010760,395.388103653529
3010761,8.68165495990969
3010771,14.6749198242989
3010762,1060.27251519736
3010763,548.787268587812
3010770,18.6683823400057
3010764,225.742758120924
3010765,147.029374317365
3010769,1.51101189424669
3010766,87.4578548976144
3010767,4226.39992374289
3010768,12.7334143377491
3010755,4.730377694699
3010756,0
3010757,2.9135946879768
3010758,2051.11358981468
3010787,11.0847409969157
3010786,0
3010776,5.36349063826618
3010777,56.4676039403703
3010779,242.943027277322
3010781,3.88312593713637
3010783,231.586302225171
3010784,66.5899694285527
3010772,0
3010773,228.992381858408
3010775,4.54012316267977
3010778,3.03325675901562
3010780,241.288705537001
3010782,6.18820447490566
3010785,384.807177875179
3010774,8.2001709820817
3010829,844.609220537868
3010828,1519.13542434424
3010842,8.25466242867713
3010830,354.27460180331
3010831,199.979138982862
3010826,604.575562561521
3010827,13.3614721921974
3010841,6.98746145376968
3010843,89.779080300927
3010844,4.66832372681668
3010832,134.601720708775
3010825,0
3010839,347.875004185264
3010840,12.6204458774631
3010845,373.90065813995
3010833,5564.51315466695
3010824,2882.00213794586
3010838,1.66942874514362
3010852,3.71137233635423
3010846,373.777869761083
3010834,19.5973189871316
3010835,2.32551783044677
3010836,28.9190004455585
3010837,22.5853865490568
3010851,592.236207299197
3010847,5.97631205886901
3010848,9.5239355160855
3010849,356.422128219161
3010850,102.485070980999
3010853,17.0599337651564
3010823,4.51341977816766
3010822,0
3010821,7.28027205851649
3010929,238.807688482713
3010930,149.585599145558
3010931,91.9196789388813
3010928,569.330046808762
3010926,9.1245656265783
3010927,1121.63610750428
3010932,4413.21887772985
3010925,410.188684114255
3010933,13.3830329944849
3010924,0
3010923,2155.7549389207
3010921,0
3010922,3.06223710369281
3010920,4.97170665191146
3010952,11.6502495373339
3010951,2.5345006867961
3010936,15.3235932155737
3010937,1.14005492245492
3010938,242.24538517627
3010939,8.61851785410576
3010935,19.7488206108483
3010949,69.9871797403236
3010950,401.81675476199
3010940,4.77174593345631
3010941,5.63711902193671
3010942,59.3484030762379
3010944,255.337214638
3010946,4.0812307806849
3010934,1.58809895754458
3010948,244.989429468327
3010945,251.954355828176
3010947,6.50390715856664
3010943,3.1880039563549
3010956,2324.19686752759
3010957,0
3010958,484.400297541636
3010959,10.5671658617284
3010960,1193.64697768204
3010955,3.56952098641902
3010969,17.862068062717
3010970,1.32029840653123
3010971,271.567526064161
3010961,690.055515938804
3010962,280.184580262009
3010954,0
3010968,22.722844142962
3010963,158.157177601399
3010967,1.83917851829891
3010964,106.452244748469
3010965,4343.91966362612
3010966,15.4988999118786
3010953,5.75773696597411
3010972,9.98111158095261
3010973,5.52616231746798
3010974,6.52835149912196
3010975,69.1799371236204
3010985,13.4921621729513
3010976,3.69202962128088
3010983,471.437328883909
3010984,2.93520702574882
3010977,295.706207634928
3010978,288.017313628077
3010979,4.72647623398825
3010980,7.5813310041303
3010981,281.882990998664
3010982,81.0522020200463
3011349,0
3011350,0
3011351,6.95745286215733
3011352,4442.61668732601
3011359,0
3011360,0
3011361,8746.73802803795
3011362,0
3011363,0
3011364,44.5787434605436
3011365,34.8154548018705
3011353,0
3011372,0
3011373,0
3011366,0
3011354,938.036924001007
3011355,0
3011356,2281.61222309348
3011357,1362.61750949126
3011358,546.115576093557
3011367,532.77393448031
3011368,0
3011369,0
3011370,0
3011371,136.606101179995
3011374,568.733131641338
3011375,0
3011381,0
3011380,0
3011379,912.934248987538
3011376,0
3011378,0
3011377,0
3011413,0
3011412,390.664419460319
3011414,11.2534644762597
3011411,67.6035511923955
3011383,0
3011384,2.99667352958775
3011396,1.53401136570013
3011397,18.952538228087
3011385,1925.98456747948
3011386,0
3011382,4.80237989876338
3011409,6.28239660715201
3011410,235.111332416739
3011398,14.8982902695387
3011399,0
3011387,404.025794442554
3011388,8.81380049508344
3011395,12.9272326661694
3011400,229.473282585262
3011401,0
3011389,995.590157333647
3011391,235.21971666908
3011408,3.94223192067056
3011402,4.60922945725812
3011390,564.435502281147
3011404,58.8381833835873
3011392,131.914822619829
3011393,88.7890717098424
3011394,3553.13800205199
3011403,5.44512960503762
3011405,3.07942668163873
3011406,246.640920882233
3011407,243.373275728146
3010722,2.36884078468134
3010723,0
3010724,1.4590466919047
3010725,981.422846313831
3010726,0
3010727,191.663604031605
3010728,4.34752987496355
3010729,513.965012200913
3010730,254.182986194445
3010731,113.04565656196
3010754,5.5509281194499
3010753,0
3010740,113.92952527044
3010741,4.10641617169041
3010742,2.2735666387241
3010739,0
3010737,9.34860349958681
3010738,7.30114528437863
3010752,191.451343228899
3010743,2.68588603113434
3010734,2022.26023142632
3010735,6.37653759557261
3010736,0.756672475697084
3010750,115.971939936063
3010751,33.3463933778075
3010732,70.8101249799083
3010733,43.7964464982102
3010747,118.495715113154
3010748,1.94456081218434
3010749,3.09887964348624
3010744,28.4619213257856
3010745,1.51897010871217
3010746,121.659070059751
3010271,58.846781410378
3010272,2825.33326499762
3010260,3.18287594081012
3010270,94.5266790357983
3010273,8.56778903414123
3010261,0
3010262,0
3010263,1310.13244812419
3010264,0
3010265,262.60191625704
3010266,0
3010267,695.091848835839
3010268,352.820912403255
3010269,152.884170239584
3010274,0
3010275,12.6431526199313
3010276,0
3010277,0
3010278,152.088132466868
3010279,0
3010280,0
3010281,3.6088715136697
3010282,38.24265657823
3010283,0
3010292,7.45846477940483
3010291,1.67621850300748
3010290,257.24222503245
3010284,163.4663374502
3010285,161.300638491913
3010289,44.8056424397013
3010286,0
3010287,0
3010288,155.824865824077
3010686,386.095615553816
3010656,4.77718790312708
3010657,0
3010658,2.94242662982617
3010659,2005.12852975879
3010660,0
3010661,396.711969110626
3010662,8.76756566395971
3010663,1023.10547154465
3010666,145.615033330938
3010667,88.3233080771815
3010668,4131.64590559459
3010669,12.8594198742244
3010670,1.52596435391735
3010671,18.9761451204888
3010672,14.8201378385836
3010673,1.09545010712935
3010674,231.258412567805
3010675,8.28131708448434
3010676,4.58505067698215
3010664,539.984547644938
3010679,3.06327283601187
3010680,245.34710882788
3010681,238.967642093812
3010682,3.92155203040024
3010683,6.24944084120904
3010684,233.878001488086
3010685,67.2489211126144
3010677,5.41656591700358
3010665,227.976631659313
3010678,56.6566726291116
3010687,0
3010688,11.1944318228763
3009807,278.069301688417
3009806,698.340530244347
3009820,70.927226887182
3009808,159.018379149159
3009809,107.031901260618
3009805,1192.36582150494
3009819,6.56389984729451
3009821,3.71213355631843
3009822,297.316394713121
3009810,4173.17501928925
3009798,5.78908914399025
3009799,0
3009800,3.58895783427433
3009801,2276.83797653381
3009802,0
3009803,480.743274127023
3009804,10.6247064661674
3009818,5.55625351922784
3009823,297.218756484028
3009811,15.5832949219257
3009812,1.84919326066208
3009813,22.8465751606888
3009814,18.1944845604027
3009815,1.32748772951014
3009816,280.243438776263
3009817,10.0354609874875
3009824,4.75221296443508
3009825,7.62261306349589
3009826,283.417907540656
3009827,81.493549563595
3009828,474.004411601645
3009829,2.95118989084484
3009830,13.5656300428399
3009836,229.45551382242
3009837,5.2387325020808
3009835,0
3009834,1159.75274985338
3009838,619.322993006886
3009833,1.75813750492023
3009832,0
3009831,2.85443080734868
3009839,316.412860748946
3009863,6.68881603862934
3009862,1.46464117005818
3009861,232.202486631611
3009848,0.654545434910904
3009849,138.179856157635
3009847,8.79781121780306
3009850,4.9481927633413
3009846,11.2649790595774
3009860,40.1820895634344
3009842,52.774305029414
3009843,2405.31017803069
3009844,7.68366767185157
3009845,0.911783197785958
3009859,139.7450940064
3009851,2.73962635990636
3009855,146.598032175751
3009856,145.599772153907
3009857,2.34317744145419
3009858,3.73412074793483
3009852,3.23646733958469
3009840,132.720597314688
3009841,84.2227482274475
3009853,33.8530857638117
3009854,1.83034465709481
3010072,168.059732522716
3010074,4830.92337171407
3010075,14.8415353485366
3010067,460.847841836741
3010068,10.1189740279883
3010070,652.247447529299
3010071,266.561477738526
3010073,101.937218921879
3010076,1.76117228621382
3010077,21.9010757358665
3010066,0
3010080,268.645638742361
3010081,9.55777643501414
3010069,1204.07145926076
3010078,17.1044729663428
3010079,1.26429976208387
3010062,5.51353045660921
3010063,0
3010064,3.41812465391034
3010065,2254.76076565127
3010082,5.29177772892081
3010083,6.33331497441496
3010084,65.8162781559431
3010085,3.53543725320068
3010086,283.164234774616
3010094,12.9199106360171
3010087,283.071244092241
3010092,442.718350425148
3010093,2.92257387062463
3010088,4.52600923288704
3010089,7.21271239764901
3010090,271.688732962878
3010091,77.6144841373737
3010102,1073.43184328266
3010115,4.74841432762267
3010103,596.806853376392
3010101,9.07995076829134
3010116,5.68300580757617
3010104,242.322644842946
3010114,8.5763773327439
3010117,59.8315057816101
3010105,156.804846743791
3010106,91.4702347003857
3010097,3.08716405964452
3010098,2049.73200499989
3010099,0
3010100,405.536706392779
3010118,3.17241610806142
3010119,254.08873508153
3010107,4536.81179502906
3010108,13.3175962224857
3010110,19.5248478952053
3010111,15.2486680117077
3010112,1.13448058709626
3010113,241.060918542722
3010120,254.005292746808
3010121,4.06127547098925
3010109,1.58033389640784
3010096,0
3010095,4.94739733168769
3010122,6.47210609448686
3010123,243.7915457416
3010124,69.6449751649164
3010127,11.5932852660045
3010126,2.65681986792306
3010125,399.85205876388
3010162,0
3010161,8.13211965216817
3010163,5.07442314327691
3010164,3240.22560864108
3010165,0
3010193,19.0560766852146
3010192,4.1456313267405
3010166,684.157890927204
3010167,14.9248667800759
3010174,21.8903554131101
3010178,1.86476469521432
3010179,386.059794707892
3010180,14.0971347106711
3010168,1685.88459360388
3010169,968.302761895935
3010172,150.351153005472
3010173,6338.08012916749
3010187,6.67558634495886
3010175,2.59762122877277
3010176,32.0933186945044
3010177,25.3926764709035
3010191,670.194264551197
3010181,7.80504796390079
3010182,9.34125159408025
3010170,393.161849506057
3010171,223.378229972024
3010185,417.64989901189
3010186,422.979516352819
3010188,10.6383089194778
3010189,398.126247214623
3010190,114.476609264003
3010183,99.6337560705587
3010184,5.21455335959859
3010197,2371.63506639656
3010196,3.50296735019333
3010198,0
3010199,466.182697068621
3010200,10.3701412986641
3010201,1283.06676796755
3010202,677.189446805702
3010195,0
3010194,5.65038409342493
3010203,276.75481189423
3010204,175.624969405731
3010226,13.240601121322
3010225,2.99511629443188
3010224,456.667932872884
3010210,17.5290302168527
3010211,0
3010212,273.528879822475
3010223,79.5409855881896
3010213,0
3010208,0
3010209,22.2991772395154
3010214,0
3010206,5249.30181920686
3010207,15.2099232815245
3010221,0
3010222,276.62728915169
3010215,6.40663053642722
3010216,67.4499314200724
3010205,104.467445107465
3010219,293.895913153137
3010220,0
3010217,0
3010218,290.192772233513
3010526,11.4935585923582
3010527,7386.99636638371
3010525,0
3010524,18.5394307610443
3010556,43.4436320902501
3010528,0
3010529,1559.72838460207
3010555,9.45112076928555
3010542,897.473453975585
3010530,34.025388966486
3010538,5.92200077890046
3010539,73.165654869608
3010540,57.8896754358995
3010541,4.25125028052783
3010543,32.1383432704314
3010531,3868.52383948116
3010536,14355.7392181932
3010537,49.9051595247746
3010551,24.2529869287738
3010552,907.639620430571
3010553,260.981301553187
3010554,1508.14723284452
3010544,17.7937797896012
3010532,2251.01405566042
3010533,902.170880117821
3010535,342.767311625199
3010549,970.592144225717
3010550,15.2188575826895
3010545,21.0207450109272
3010546,225.670264548373
3010534,509.252864594389
3010548,952.149220163486
3010547,11.8880261352615
3010892,562.183403951864
3010890,2768.50767779725
3010891,0
3010889,4.27964317964317
3010888,0
3010887,6.85842891355119
3010897,188.391683426541
3010898,126.802449922581
3010899,5041.44930419013
3010900,18.4617852312537
3010896,335.924633171139
3010910,4.39782554394551
3010911,352.235612072085
3010912,352.119938459738
3010913,5.63002468747082
3010901,2.1907696029927
3010895,832.734299296358
3010909,83.4838721456044
3010914,8.97208705791525
3010902,27.0667125277131
3010903,21.138772282307
3010904,1.57269649853436
3010894,1421.83343780494
3010908,7.77635986916403
3010915,335.769846230975
3010916,96.546745557563
3010917,557.920074297386
3010905,325.593298135782
3010893,12.5872641123868
3010907,6.58258472783278
3010918,3.49632309562243
3010906,11.889175323695
3010919,16.071424537129
3011084,52.382787705748
3011083,12.3209273323231
3011052,22.3541867706579
3011053,0
3011082,1830.33684289675
3011054,13.8585245008139
3011080,1094.39959926856
3011081,314.681978846298
3011059,4694.96714698859
3011057,1868.47226298061
3011058,41.0266048458905
3011072,21.4551073277019
3011060,2731.90433283013
3011062,614.039006664426
3011063,413.296643338493
3011066,7.14053808737684
3011067,88.7962334353319
3011055,8965.10056397819
3011056,0
3011070,1082.14159703508
3011071,40.5564158100853
3011073,26.354779422458
3011061,1087.80558654362
3011075,14.3341594457418
3011076,1148.06769287624
3011064,17309.6401853211
3011065,60.1738678611646
3011079,29.4342187283014
3011068,70.2568048172691
3011069,5.12600651037345
3011074,273.88081916252
3011077,1155.17997321219
3011078,18.3503576363485
3011085,18.2326623884103
3011086,0
3011087,11.3771375661739
3011088,7407.91484161001
3011089,0
3011090,1533.91986089589
3011091,33.4623774406185
3011092,3804.51212423328
3011093,2213.76696174844
3011094,887.242833172976
3011116,10.0492722310637
3011117,42.7247787182446
3011095,500.826356006051
3011115,1492.87084589492
3011098,49.0793885088906
3011099,5.82401057817121
3011100,71.954996939149
3011101,57.3032969556781
3011097,14303.0565598997
3011111,14.9670340917654
3011112,23.8516774480487
3011113,892.621083298205
3011114,256.662894467377
3011096,337.095607259801
3011110,954.531943866106
3011102,4.18090566493381
3011108,11.6913172676404
3011109,936.394191298843
3011103,876.90088070112
3011104,32.2293525391751
3011105,17.4993495592764
3011106,21.4956509248382
3011107,219.067742253666
3011118,13.7808798370933
3011119,0
3011120,8.59923593984747
3011121,5562.85879998124
3011122,0
3011130,10740.6585729021
3011131,37.0959073946859
3011132,4.4019895853913
3011123,1151.87333805746
3011124,25.2920277219499
3011129,254.788574389018
3011125,2838.41718434666
3011126,1684.16081172693
3011127,674.985053049724
3011128,378.541964104809
3011133,54.3860871973996
3011140,169.943472931689
3011141,8.83670387628641
3011142,707.759270453242
3011143,712.143839736976
3011144,11.312604486518
3011139,15.8299030575324
3011145,18.2639783574995
3011138,13.2266165174524
3011146,679.076648169303
3011134,43.0310224339124
3011135,3.16007379236616
3011136,662.79215884922
3011137,24.3600646525445
3011147,193.994734940292
3011148,1128.363664138
3011149,7.59558917487321
3011150,32.2928724856331
3011162,316.021127023065
3011160,837.202130040612
3011161,469.515787388787
3011175,877.852874078077
3011163,13673.0776840494
3011158,3613.36303522645
3011159,2075.36709215847
3011173,210.785463888528
3011174,10.9604016775467
3011164,46.0110524615313
3011165,5.45990617222557
3011171,16.4053284907714
3011172,20.0211410323443
3011166,67.8967182964855
3011155,0
3011156,1438.02254542517
3011157,31.3703827754284
3011167,53.7208201354995
3011168,3.91952458517563
3011169,827.443466104998
3011170,30.6100617665415
3011154,6855.03071406055
3011151,17.0927962053677
3011152,0
3011153,10.6658638039971
3011183,40.0537189793301
3011181,1399.53982507991
3011182,9.4210137059862
3011176,906.573649730113
3011177,14.0313278488586
3011178,22.3605227306141
3011180,240.616891551689
3011179,836.816365070701
3011192,1379.42317114582
3011193,556.458672527931
3011190,21.1237981674244
3011191,2417.34695786335
3011205,13.2210703259275
3011206,138.290914343181
3011194,316.156701058443
3011195,212.798375833208
3011187,4468.25134595082
3011188,0
3011189,968.317735464807
3011203,20.8817070090116
3011204,11.0468160490789
3011207,7.38037895577553
3011208,591.117649582631
3011196,8970.55413561396
3011200,35.9393340393585
3011201,2.63928071398475
3011202,557.173589435659
3011216,26.9708750967751
3011209,590.923527490755
3011197,30.9823502195022
3011199,45.7194476647837
3011213,162.023609631952
3011214,936.294888053925
3011215,6.34380503044638
3011210,9.44824102472883
3011198,3.67652370775359
3011212,563.484995560747
3011186,7.18204670595685
3011211,15.0568506753946
3011185,0
3011184,11.5097345079868
3011249,35.042399619323
3011248,8.18886717509883
3011217,14.9542317293744
3011247,1216.49814887312
3011221,0
3011222,1249.94782799241
3011223,27.4454786581736
3011219,9.27090700899084
3011220,5997.36383552319
3011234,3.42913343208818
3011235,714.561678963352
3011236,26.7802851802314
3011224,3060.12091689
3011225,1815.70762599448
3011232,59.4018232517653
3011233,46.9995419910301
3011237,14.3527765088816
3011238,16.9557035525609
3011226,727.706938506648
3011218,0
3011245,732.118120864872
3011246,210.51211931818
3011239,184.41304946834
3011227,410.772339461152
3011228,276.482157050284
3011229,11731.2116946261
3011231,4.77679024187173
3011240,9.58909148414142
3011241,768.020348779351
3011242,767.768132123641
3011230,40.254381574272
3011244,19.5628868726896
3011243,12.2757988571093
3011511,779.605875064397
3011496,38.0682949986497
3011513,22.4572973209087
3011536,150.234724180296
3011448,9.26605537142353
3011449,0
3011450,5.74451026593939
3011451,3764.79022354856
3011452,0
3011453,749.719263163715
3011454,17.005977274133
3011455,1933.49820522134
3011456,1117.76859198496
3011480,21.7132395094818
3011457,450.90733568924
3011458,254.525896841606
3011479,4.72369456748508
3011478,753.775881682429
3011477,130.439128486046
3011476,453.640626220271
3011461,24.942727607794
3011462,2.95983128253362
3011463,36.8070117793606
3011460,7268.98306134812
3011474,7.60642432168538
3011475,12.1217054989972
3011464,28.9334092797445
3011471,5.94166616257307
3011459,171.315987527881
3011473,481.959413676137
3011465,2.12478586882631
3011466,448.559549972507
3011468,8.8933770902939
3011472,475.88663911036
3011467,16.0628269620539
3011469,10.7831538363561
3011470,110.611029091701
3011481,9.5835796578024
3011482,0
3011483,5.98013070282658
3011484,3818.55673033337
3011485,0
3011486,806.269696790162
3011491,263.247855703282
3011492,177.186553211402
3011493,7136.87549420556
3011494,25.7974518098997
3011495,3.06125721602056
3011487,17.5887291120723
3011488,1961.1112827626
3011490,463.335275956697
3011489,1171.20891311237
3011512,4.88556363544232
3011497,30.3167105232286
3011498,2.19759690757616
3011499,463.930551471451
3011510,134.908947576071
3011500,16.6132594237552
3011506,492.032435105036
3011507,7.86707724872126
3011504,6.14527203719269
3011505,492.194070851677
3011508,12.5370856941269
3011509,469.18574335364
3011503,117.416870231819
3011501,9.19813063437508
3011502,10.8662443240639
3011514,12.342194362289
3011525,228.18935681708
3011526,9433.48027853893
3011527,33.2231979759615
3011515,0
3011524,339.023237303665
3011538,633.87117374998
3011528,3.94243413235732
3011516,7.70149965687272
3011517,4949.81162917199
3011518,0
3011519,1038.35285577309
3011520,22.6516104668792
3011521,2575.37967251674
3011522,1488.84467676358
3011523,604.518493366153
3011537,7.91417660210318
3011529,49.3461018374386
3011530,38.5387035345767
3011531,2.83017088934906
3011532,593.598503362584
3011533,21.3953537321706
3011534,11.8457945895776
3011535,14.177305265109
3011546,28.9215865348089
3011545,6.29186359492182
3011543,173.742224894026
3011544,1010.56564013066
3011542,604.239944076757
3011539,629.554824871607
3011540,10.1316000840885
3011541,16.1458613481248
3011548,0
3011554,1947.69051453635
3011553,15.437642005283
3011567,8.07320682162573
3011555,1001.5708422156
3011556,404.033216898211
3011552,703.075626195401
3011566,14.5814714576959
3011568,9.59954770828709
3011569,103.056883557065
3011557,261.446332001641
3011550,3623.62590638225
3011551,0
3011565,417.925316214189
3011579,19.7107883257145
3011570,5.39371032044279
3011558,155.516783458232
3011559,7763.77669337099
3011563,26.2650953398855
3011564,1.92883261291416
3011578,4.57624410724424
3011571,431.999140729041
3011572,437.51186829618
3011560,22.642444667388
3011549,5.21473665122057
3011576,118.409694226253
3011577,679.824494184318
3011573,6.90494017048151
3011561,2.68686797584358
3011562,33.1959522364794
3011574,11.0038104232696
3011575,411.804712763736
3011547,8.41151574645151
3009993,303.415019487449
3009994,1.95153276649067
3009995,8.79719585734458
3009992,52.8478746919357
3009991,183.794105709812
3009964,0
3009965,2.31231953242592
3009963,3.75417513779168
3009977,1.19918612263146
3009978,14.8158099346227
3009966,1555.37395046487
3009975,3163.48732146271
3009976,10.1056343935386
3009990,4.91115189666484
3009979,11.6464736452667
3009967,0
3009968,303.751413656868
3009969,6.89003189785519
3009973,109.33892941325
3009988,191.494235306423
3009989,3.08176974249812
3009980,0
3009981,178.223654469583
3009982,6.50791120993792
3009970,825.204929782221
3009971,432.711002722113
3009972,176.840989959021
3009986,2.40728708069042
3009974,69.4092788466247
3009983,3.60318321282147
3009984,4.25663329770089
3009985,44.5239073880647
3009987,192.807156588456
3010359,4.3221280978235
3010360,0
3010361,2.67951228796054
3010362,1722.14265719282
3010363,0
3010364,363.622053068998
3010391,10.1280856650315
3010365,7.93239509815126
3010390,2.20335538665435
3010389,349.317368768196
3010388,60.8430016535221
3010369,118.722960986777
3010370,79.9099091922306
3010371,3115.68824721411
3010372,11.6344722223954
3010373,1.38060581749903
3010374,17.0572299000714
3010375,13.4084183969046
3010367,514.641785094085
3010368,207.60625930546
3010382,2.7714751574163
3010383,221.976119484562
3010384,214.802636889148
3010385,3.54799739122148
3010386,5.65413887902428
3010387,211.599523023319
3010376,0.991100995773742
3010378,7.49246501993484
3010366,878.713533424396
3010380,4.90060098499992
3010381,52.2697925669881
3010377,203.85607084775
3010379,4.14829325594606
3010029,3.52674403471409
3010030,0
3010031,2.17223726065508
3010032,1442.26356280226
3010033,0
3010034,289.086172838365
3010035,6.47262794165863
3010036,775.21331762855
3010037,393.489681242767
3010038,168.303035606449
3010039,104.739049718031
3010050,3.99876285459142
3010051,42.0995527639301
3010049,3.38489932818505
3010052,2.26145159457404
3010040,65.2044060656511
3010041,3110.27730571325
3010042,9.49342652015383
3010043,1.12653841370602
3010044,14.0090798106864
3010045,10.9409204276122
3010046,0
3010047,171.839878521184
3010048,6.11365644800429
3010053,181.126736071378
3010054,179.893352670362
3010055,2.89507352662051
3010056,4.61363016359591
3010057,172.659703433277
3010058,49.6463057732402
3010059,283.185939337419
3010060,0
3010061,8.26425429644489
3010230,2201.28039601895
3010229,3.293921104879
3010231,0
3010232,438.362357136728
3010233,0
3010228,0
3010242,0
3010234,1190.90401517874
3010241,0
3010235,604.489668414019
3010227,5.31318666586424
3010236,260.238941628991
3010237,166.221870564099
3010238,98.2331514432408
3010240,14.3022421541666
3010239,4840.65628900557
3010243,16.5905121673706
3010244,0
3010259,12.4504430429247
3010258,0
3010257,429.415404607879
3010256,74.7942258489376
3010254,6.99598245607481
3010255,260.119029048881
3010248,6.02430266269403
3010249,64.2551906395979
3010251,272.874966102827
3010252,271.016822677711
3010253,0
3010245,257.20552319491
3010246,0
3010247,0
3010250,0
3011252,4.03345270397415
3011253,2558.82590908684
3011254,0
3011251,0
3011250,6.4638913771975
3011255,529.843277959473
3011282,15.1469008127459
3011257,1348.78563483449
3011256,11.8631699743661
3011281,3.29519384024474
3011266,20.0527513521066
3011267,1.48222566187703
3011268,310.881204328332
3011262,4940.53083588789
3011263,17.3997537727898
3011264,2.06474353306063
3011265,25.5096745803229
3011279,90.992803741532
3011280,525.825200329876
3011269,11.2052393960047
3011275,336.209225322354
3011276,5.30615225286464
3011277,8.45595936039161
3011278,316.454371858692
3011270,6.20391538619578
3011258,759.717026368265
3011261,119.508020421793
3011271,7.32901749626028
3011259,312.508373900728
3011274,331.97292912317
3011272,78.1712743849023
3011260,177.554275678278
3011273,4.14483651726138
3012081,8.02656798882553
3012082,883.381024487305
3012080,360.828942004617
3012094,7.5814150886685
3012095,4.19754152994695
3012083,507.377722687998
3012079,0
3012093,206.27623717024
3012096,4.9911393408509
3012084,208.70900817987
3012085,120.132432437353
3012092,1.00286728383268
3012106,2.22951348182945
3012097,53.582864682584
3012098,2.80437793441825
3012086,80.858594557626
3012091,13.5676022882996
3012105,358.092588142464
3012099,224.611405873334
3012087,3132.23794913119
3012088,11.7725959375023
3012089,1.39699628205695
3012090,17.2597322498296
3012104,61.5653259039048
3012100,223.081913399215
3012101,3.59011899085208
3012102,5.72126445659865
3012103,214.11161911811
3012075,4.37344012802373
3012076,0
3012077,2.71132328761855
3012078,1654.23144931753
3012107,10.2483256546274
3013076,189.838946474147
3013075,282.045644449467
3013073,1246.70621244169
3013074,496.420744451096
3013070,869.480192395144
3013072,2128.66046404784
3013077,7746.62041612776
3013069,0
3013071,18.8446907732957
3013068,4038.35228251286
3013066,0
3013067,6.40715501163239
3013065,10.2679161184293
3013078,27.6395752643029
3013095,840.725961724681
3013096,5.69628399478
3013097,24.0609097405461
3013086,11.6421722598204
3013084,18.1502997957058
3013085,9.85494326467311
3013087,124.98567926235
3013082,2.35452111995966
3013083,490.634324371717
3013088,6.58408862407188
3013089,527.340264697308
3013090,527.167086996751
3013079,3.27985298118169
3013080,40.5222154139518
3013081,32.0617358299856
3013091,8.42884310157615
3013092,13.4323237113233
3013093,502.68897726497
3013094,144.542415965509
3012373,0
3012374,3.25748456306927
3012375,2248.8916960989
3012376,0
3012377,439.189579873744
3012378,9.70634561166003
3012372,5.28870140433613
3012386,1.68935574341692
3012387,20.8718005771323
3012388,16.5140565382256
3012389,1.21274453453313
3012390,257.690889361527
3012379,1185.41585936937
3012380,613.560308580567
3012385,14.2363317765333
3012381,252.387043688023
3012382,146.22139853376
3012383,97.7804543040132
3012384,4945.35441813832
3012391,9.16803236184114
3012404,12.3930664865907
3012403,2.6960998063705
3012402,939.014783697074
3012400,258.920297881459
3012397,273.300120879703
3012398,4.34144901790003
3012399,6.91859462584312
3012401,74.4495445313264
3012394,63.5444155889252
3012395,3.39127027828985
3012396,271.617450542075
3012392,5.14245458115257
3012393,5.99654029794063
3011646,7.39482525102012
3011647,0
3011648,4.58443726769861
3011649,3355.7949143269
3011658,6825.37769243804
3011659,19.9056777182949
3011650,0
3011657,136.7196438715
3011651,610.10712243141
3011652,13.5717114914794
3011653,1723.44886664792
3011654,892.0412276295
3011655,362.197230754321
3011656,204.451264582719
3011660,2.36210925032238
3011678,17.3283673979919
3011677,3.84405182234711
3011676,1410.34090037289
3011661,29.3740334166378
3011675,104.097646990586
3011674,362.030337958889
3011673,9.67379217113865
3011662,22.9407617482701
3011663,1.69569677343657
3011671,377.197747759232
3011664,360.311341087644
3011667,8.38454740092051
3011668,88.8497597109635
3011669,4.74177858980105
3011670,379.783888014448
3011672,6.07034777899577
3011665,12.8190253198881
3011666,7.14372177874336
3012570,7.66464030156052
3012571,0
3012572,4.75170966847816
3012573,2975.5281774668
3012574,0
3012575,644.82869998515
3012576,14.0669026417352
3012577,1588.97059470481
3012578,912.639347474578
3012579,375.412724130326
3012580,210.537210120654
3012581,141.708134656453
3012582,5707.84461478054
3012583,20.6319763470369
3012584,2.44829555021767
3012585,30.2484166979934
3012586,24.0891401322699
3012587,1.75756767573584
3012588,366.241365096353
3012589,13.2867532035304
3012602,17.9606276836055
3012601,3.90731744015539
3012600,627.572529272762
3012590,7.35637050836765
3012591,8.69047445178973
3012592,94.5190442857905
3012599,107.895858703571
3012598,375.239741916077
3012595,390.960565124166
3012597,10.0267599066795
3012593,4.91479190471098
3012596,6.29183660898018
3012594,393.641065900418
3012668,15.561719301189
3012640,0
3012641,551.481343975464
3012642,12.1880590257798
3012643,1478.85206018659
3012638,4.09035652744129
3012639,2898.32137511278
3012653,1.52281842842331
3012654,327.813974030607
3012655,11.5121101233143
3012656,6.4994119213395
3012644,816.881870439818
3012651,26.2082917285372
3012652,20.6019232327336
3012666,1509.71037226052
3012667,3.47467319648877
3012657,7.52973261264987
3012645,325.270783289134
3012646,183.607209908193
3012637,0
3012664,325.120905416842
3012665,93.4847654816856
3012658,79.2741122571343
3012659,4.25834850497358
3012647,122.780910170069
3012648,5972.1047627917
3012649,17.8762697048964
3012650,2.12128934411435
3012660,341.06445948739
3012661,336.545835309827
3012662,5.45146845214484
3012663,8.68753731310802
3012636,6.64091383767954
3012768,6.52245001852765
3012781,17.5573841970893
3012769,0
3012770,4.04360643106673
3012780,4610.97450330479
3012782,0
3012783,0
3012771,2532.11280016577
3012779,120.590685165919
3012793,332.69933681278
3012784,20.2344162046833
3012772,0
3012773,538.1321501083
3012774,0
3012775,1317.45454627679
3012776,771.602045132879
3012777,317.397257207272
3012778,179.162801648061
3012792,334.98038741005
3012785,0
3012786,311.663809986222
3012787,0
3012788,0
3012789,7.39541361615485
3012790,79.3941863780161
3012791,0
3012800,15.2841218581189
3012799,0
3012798,534.051213642624
3012797,91.8171392148542
3012796,319.32124213507
3012794,0
3012795,0
3012207,6.91531875848048
3012208,0
3012209,4.25937151338972
3012210,2719.7819859952
3012211,0
3012212,574.268749175358
3012213,12.6916739579161
3012214,1387.75334846739
3012215,839.641730393393
3012216,330.012364884552
3012217,189.954369836387
3012218,127.854261030296
3012219,5017.56914095261
3012220,18.6149235246096
3012221,2.20894177399002
3012222,27.2912276605309
3012223,21.593195801103
3012224,1.58574182728971
3012225,332.592628572729
3012226,11.9877946064823
3012227,6.6371864783387
3012228,7.84086384123218
3012229,84.7256572459437
3012230,4.43430497915942
3012231,355.157364211231
3012232,352.738918391097
3012233,5.67672506673486
3012239,16.2047350753345
3012234,9.04650944354476
3012235,338.555016818114
3012237,566.218884805771
3012238,3.52532467619428
3012236,97.3475892278014
3013197,3.12847286209963
3013198,0
3013228,0
3013229,7.33098150515879
3013227,403.869037546177
3013199,1.93950324627546
3013226,44.039805210211
3013208,57.8409470202028
3013212,12.3464829447882
3013200,1304.6003304457
3013201,0
3013202,251.484585369695
3013206,149.296766173292
3013207,86.495652183363
3013221,160.672300802778
3013209,2636.23402519627
3013210,8.42134471464298
3013211,0.999319718329871
3013225,153.161440482302
3013213,9.64245255828702
3013214,0
3013215,150.464070994292
3013203,5.74168146670968
3013205,344.542022745518
3013219,37.5889967138137
3013220,2.00606845093888
3013222,157.51574326362
3013223,2.56813618245748
3013224,4.09261818280616
3013216,5.42324821351329
3013204,665.664926935389
3013218,3.54718713618678
3013217,3.00264651614408
3012830,63.473304170128
3012832,0
3012828,5.89857283722095
3012829,220.747177524165
3012831,827.038053484578
3012833,10.565932722033
3012801,4.50897792613304
3012802,0
3012814,12.1374418447722
3012815,1.44029075837174
3012803,2.77722731284395
3012805,0
3012813,3899.6791762638
3012827,3.70138079134011
3012806,372.011434244546
3012816,17.910750258614
3012804,1880.28292131569
3012818,1.03394726194318
3012807,8.27532030273265
3012809,540.393753233569
3012811,124.663694905609
3012812,83.3644927850488
3012826,229.995471251854
3012821,4.41290244121067
3012819,216.859536487733
3012820,7.81637161661694
3012817,13.8973894470422
3012810,219.417124316396
3012824,2.89128874128212
3012808,959.403707193498
3012822,5.11245876245033
3012823,54.1759394819632
3012825,231.57236440738
3011912,2.35353387939259
3011913,1522.50464385622
3011914,0
3011915,309.165421530138
3011916,6.9673726416968
3011917,813.037203851529
3011918,431.91286890505
3011919,181.167522120606
3011920,104.960096470388
3011924,1.21264701049146
3011925,14.9821176931276
3011926,11.7008511431701
3011927,0.870527738176052
3011928,182.584014435881
3011929,6.58096264152686
3011930,3.64362901539663
3011931,4.30441409035697
3011932,45.0236891259693
3011933,2.43430892561379
3011921,70.1883993695904
3011923,10.2190703387671
3011937,4.96627967349349
3011938,185.857198168604
3011939,53.4410931268743
3011940,480.613651089505
3011941,1.99927831055579
3011942,8.89594455421769
3011934,194.971420720989
3011922,3240.88413790355
3011936,3.11636266859293
3011935,193.643761871691
3011911,0
3011910,3.79631582770037
3012139,4.64813616436782
3012140,21.3659228740812
3012138,746.558889507708
3012112,0
3012125,2.09079861056458
3012113,767.086791930596
3012114,16.7339561965793
3012123,36.4546047543527
3012124,28.6563876962285
3012126,438.52296366074
3012127,15.8058921544658
3012115,1853.70920078001
3012119,168.575682823346
3012108,9.11783911038918
3012122,2.91248695871892
3012136,446.384365084707
3012137,128.352674310907
3012128,8.75112204783462
3012116,1107.06656850883
3012117,443.694795218682
3012118,250.454598402939
3012132,468.274539301129
3012120,6746.01787502527
3012121,24.5437533217751
3012135,11.927811355869
3012129,10.338169141249
3012130,112.439645535632
3012131,5.84662555385333
3012133,465.085821520312
3012134,7.48475488117267
3012109,0
3012110,5.68950971916632
3012111,3656.69059623799
3012174,2.63968184715783
3012175,0
3012176,1.62586658068479
3012177,1018.12024748107
3012178,0
3012179,220.637519275888
3012180,4.84460406335896
3012181,536.662521455656
3012182,298.373737242162
3012183,122.735555744978
3012184,72.5084583021585
3012185,48.8039067627319
3012204,211.957765032394
3012206,6.18559266901553
3012205,1.34566979167456
3012186,1830.0339468863
3012187,7.10559808307959
3012188,0.843186511840752
3012203,37.1590483568206
3012189,10.4174747048081
3012192,123.69518675107
3012194,2.53351454574479
3012191,0.605301658819747
3012193,4.5759226603086
3012198,135.568941929556
3012195,2.99297641520211
3012200,2.16689188644985
3012197,1.69264133253356
3012201,3.4531895914389
3012199,132.905563341055
3012202,129.231574620193
3012190,8.18901194974522
3012196,32.1313911117135
3012251,105.700019209019
3012248,680.737184162607
3012249,278.204706586907
3012250,158.064356969895
3012264,293.616653186524
3012252,5208.60274983426
3012245,477.85908081237
3012246,10.4924948948589
3012247,1315.20348184784
3012261,6.48222008367135
3012262,69.59050787127
3012263,3.66594056153307
3012265,297.363486144249
3012253,15.3893797380708
3012254,1.82618229584874
3012255,22.7095083666482
3012256,17.7358489884654
3012244,0
3012258,276.756149456085
3012259,9.9105818606914
3012260,5.52291907625768
3012266,4.69307744429427
3012267,7.47895466487949
3012268,281.717557107951
3012269,80.4794612898516
3012257,1.31096875657003
3012240,5.71705095878402
3012241,0
3012242,3.54429761178817
3012243,2384.05985884081
3012270,914.742043225881
3012271,2.91446591602815
3012272,13.3968222485292
3012472,0
3012279,9.37764239954094
3012280,1152.74553869723
3012278,427.085418876632
3012292,0
3012293,4.96830651280326
3012281,620.395695435422
3012282,245.431201495083
3012276,2144.65212327854
3012277,0
3012291,248.964245323095
3012305,11.8957518449729
3012294,5.75590838553674
3012295,60.9944762095463
3012283,140.353759359279
3012284,93.856675500596
3012289,15.6465028222469
3012290,0
3012304,0
3012296,0
3012297,260.717861225773
3012285,4624.99573567714
3012275,3.14717058063462
3012302,71.4619991488123
3012303,993.705172638975
3012298,257.26371641975
3012286,13.6650497420942
3012287,0
3012288,20.16498174264
3012299,0
3012300,0
3012301,248.53022571588
3012274,0
3012273,5.07647397488057
3012340,0
3012339,2.73265777028403
3012341,1.6831334995682
3012342,1124.81406157369
3012343,0
3012344,222.542941575869
3012345,5.01524263310051
3012346,592.902019134176
3012347,317.024958793456
3012348,127.887722504975
3012349,75.5522027689959
3012350,50.522897363177
3012351,2302.69710199913
3012352,7.35587428278502
3012371,6.40346407238316
3012370,0
3012356,0.626621834415597
3012357,130.57524851182
3012354,10.8547772172824
3012355,8.47744858325043
3012369,409.697977106772
3012358,4.73709762688813
3012353,0.872885562273804
3012367,133.783420502795
3012368,38.4678791264022
3012360,3.09839622001608
3012362,1.7522602182653
3012365,2.24321501367606
3012366,3.57481920765174
3012359,2.62275100198587
3012361,32.6203628200544
3012363,140.344005082229
3012364,135.808583523523
3012405,1.94267032835103
3012406,0
3012407,1.19655433762015
3012418,5.22935541495251
3012419,0.620541986748333
3012420,7.66672658948201
3012408,799.640162077115
3012417,1680.15704443981
3012431,1.59472118849595
3012421,5.98761993573595
3012409,0
3012410,155.150537668126
3012411,3.56537988721242
3012412,410.674360692984
3012413,213.948336444431
3012414,89.7414565899035
3012415,53.3625030038169
3012416,35.9171699716963
3012430,95.9215705249048
3012422,0
3012423,93.43283419353
3012424,3.36764416764165
3012425,1.8645366447337
3012426,2.20267699364146
3012427,23.1901014608127
3012428,1.24569712702081
3012429,99.7717816698479
3012437,4.55227865975607
3012436,0
3012435,234.99535145151
3012434,27.3471519873812
3012433,95.1078046663249
3012432,2.5413702657697
3012501,807.881027020275
3012503,12.382951318763
3012500,74.3887791317016
3012502,2.69389926124703
3012471,5.28438478888395
3012474,2189.34763115439
3012475,0
3012478,1184.44832801817
3012479,589.595067199325
3012480,252.181046463105
3012473,3.25482581810994
3012487,16.5005778359542
3012488,1.21175469763423
3012476,444.577023783304
3012477,9.69842333391202
3012491,5.17178724695191
3012492,5.99164594741284
3012493,63.4925509088724
3012481,146.10205325406
3012482,97.7006463156811
3012483,4721.38271195455
3012485,1.68797689848908
3012486,20.8547651028262
3012495,271.395757541383
3012496,266.063934194842
3012489,257.48056316047
3012490,9.16054945306381
3012499,258.708968242428
3012484,14.2247121434645
3012494,3.38850233800232
3012498,6.91294769851901
3012497,4.33790554579171
3013107,526.086403348229
3013102,0
3013103,909.530460513517
3013104,19.8413569960997
3013105,2197.93249053379
3013106,1295.67738578395
3013108,296.962597478492
3013101,4279.68059656621
3013115,2.47904805963584
3013116,513.234075822102
3013117,18.7409567226377
3013109,199.879231454126
3013110,8050.91110420565
3013111,29.1013891730573
3013114,33.7574308950111
3013112,3.4533192758231
3013113,43.2240181930607
3013118,10.3761558012814
3013098,10.810970143403
3013099,0
3013100,6.65883090413543
3013119,12.2579085428414
3013130,25.3334536266107
3013128,885.190642985078
3013129,5.51126869942182
3013127,152.187038288495
3013126,529.27541109098
3013125,14.1427383049029
3013123,555.048129763881
3013124,8.87463143091077
3013122,555.23046656218
3013120,131.595976366908
3013121,6.93231077419913
3011778,3.76099407642087
3011779,0
3011810,8.81317474390647
3011780,2.31651954025826
3011809,1.98067658866831
3011806,184.127942220162
3011808,567.552477668703
3011781,1630.78438112969
3011807,53.2893529595338
3011782,0
3011784,6.902546685509
3011785,826.703800124217
3011787,180.653116660037
3011788,103.983524817748
3011789,69.5353511781969
3011805,4.9200723231641
3011794,11.6676278498838
3011795,0.862428158044865
3011783,300.37018870754
3011797,6.51973192834237
3011798,3.60972789555367
3011786,422.363964107529
3011800,44.6047788926876
3011801,2.41165958390713
3011802,193.157364056086
3011790,3338.50953388598
3011791,10.1239898772892
3011792,1.20136427795855
3011793,14.8427207991876
3011799,4.26436488191278
3011796,180.885212903496
3011803,190.598300773414
3011804,3.08736734995438
3011679,3.67732568499096
3011691,2980.12761891818
3011692,9.89876805277313
3011680,0
3011681,2.26498543525541
3011682,1484.40765676568
3011683,0
3011684,305.376121504224
3011685,6.74899021447727
3011686,803.072176448479
3011687,423.853237018725
3011688,175.489082736257
3011689,101.670270906699
3011690,67.9884434026519
3011693,1.17463830747954
3011694,14.6072265250465
3011695,11.3341045365816
3011696,0.843242279194413
3011697,176.861177106158
3011698,6.37469168847106
3011699,3.529424624561
3011700,4.27940120991843
3011701,44.471854236002
3011711,8.61711377193197
3011710,1.92405824028317
3011709,516.609830960085
3011708,51.7660577540756
3011707,180.031767530751
3011706,4.81061867111535
3011703,188.860317686155
3011705,3.01868469460445
3011702,2.35800896017254
3011704,187.57427242306
3011712,3.04660381618056
3011713,0
3011714,1.88874836127929
3011715,1229.80731631364
3011716,0
3011717,248.110166754843
3011718,5.59142733174644
3011719,656.733039052865
3011720,344.369745736132
3011721,143.510735405706
3011722,84.2321463667752
3011723,56.3273065456546
3011724,2567.2463836294
3011725,8.20096643823348
3011726,0.973168507974518
3011727,12.0233876763615
3011728,9.39011909526409
3011729,0.698612351971975
3011730,147.482740168487
3011731,5.28132716238272
3011732,2.92407022146465
3011733,3.4543607511303
3011734,36.3680088057432
3011735,1.95357162025949
3011736,156.467665329764
3011737,153.393711784795
3011738,2.50093059419902
3011739,3.98551840578828
3011744,7.13913695737681
3011743,1.59405058989621
3011742,325.690387213517
3011740,149.153356808065
3011741,42.8873269903418
3012537,4.6980095120502
3012538,0
3012539,2.89365806322679
3012540,2010.75049871718
3012541,0
3012542,392.682612637333
3012543,8.62224968371978
3012544,1032.66908634104
3012545,552.168594437621
3012546,228.615831355195
3012547,129.890018107974
3012548,86.8594139264907
3012549,4170.26701653104
3012550,12.6462844069851
3012568,0
3012569,11.0088923132885
3012551,1.5006726122413
3012567,937.742672113337
3012566,66.1343194927227
3012565,230.001644886332
3012552,18.5406416714295
3012553,14.6696114542427
3012554,0
3012556,8.14406031836096
3012558,5.3267903035743
3012560,3.01250133204273
3012561,241.280660170996
3012563,3.85655517731684
3012564,6.14586093583978
3012557,4.59790621825847
3012562,242.775394066417
3012555,228.909548267662
3012559,57.1862784300191
3012603,7.23045591466247
3012604,0
3012605,4.51178713535337
3012606,2862.28168904813
3012607,0
3012608,604.356868977404
3012609,13.2700446994502
3012610,1528.49550278212
3012611,844.303699393687
3012612,347.302965470186
3012613,198.610757488969
3012614,133.68069212249
3012615,5455.01119802724
3012616,19.4632219569699
3012617,2.30960519286325
3012618,28.7211186803262
3012619,22.4308433044798
3012620,1.65800547663749
3012621,343.254704241202
3012622,12.5340889470791
3012623,6.93964890196425
3012624,8.19817890062926
3012625,88.5866799424598
3012626,4.63638015596342
3012627,371.342197573738
3012628,366.422435970232
3012629,5.93541841933903
3012630,9.45876683311427
3012631,353.983266612149
3012632,101.783804462681
3012633,592.021977239567
3012635,16.9431991008809
3012634,3.68597682136281
3012703,0
3012702,4.93768714662637
3012704,3.04128337519935
3012705,2127.12329162245
3012706,0
3012707,410.040306245468
3012708,9.06212968047553
3012709,1078.31601091179
3012710,569.124102612217
3012711,238.721304393538
3012712,136.516597346548
3012713,91.2907073960282
3012734,11.570531292985
3012714,4354.60473561388
3012715,13.2914579693351
3012733,2.51715805869145
3012732,859.750724598052
3012731,69.5082839812286
3012717,19.6136869124659
3012718,15.2187396719353
3012719,1.13225395848516
3012720,237.478329563957
3012722,4.73909468362041
3012724,58.5601675890245
3012727,253.506760238952
3012716,1.57723219796642
3012730,243.313059607007
3012723,5.59854635186863
3012725,3.16618965293046
3012726,253.590038802612
3012728,4.05330446446513
3012729,6.45940338562791
3012721,8.55954460121388
3012735,5.71833895300631
3012736,0
3012737,3.56822978084201
3012738,2205.55241393351
3012739,0
3012740,477.966737668954
3012741,10.4948587486883
3012747,4176.14776491557
3012748,15.3928468109254
3012749,1.82659371639805
3012750,22.5673603281403
3012751,17.6248331045334
3012752,1.31126410467804
3012742,1201.00157501366
3012743,685.333727443406
3012746,105.723832362867
3012744,276.463310308902
3012745,157.074967946648
3012753,271.469291733695
3012767,13.3998404181725
3012754,9.91281461535252
3012766,2.91512251595842
3012765,468.211461827696
3012764,80.497592505036
3012759,293.682802072654
3012760,293.58635710958
3012761,4.69413474755719
3012762,7.52945482795569
3012758,3.66676646116149
3012763,279.954172471455
3012756,6.52598999350359
3012757,68.2611241713329
3012755,5.48834888209703
3013131,0
3013132,0
3013133,6.90984564777674
3013134,4469.98965223516
3013143,8519.02302324329
3013144,0
3013145,0
3013146,0
3013147,34.5772258331159
3013135,0
3013136,931.618292668164
3013156,564.841506263513
3013157,0
3013148,0
3013149,529.128364266942
3013137,0
3013142,0
3013150,0
3013138,2251.30900297158
3013139,1327.1427471613
3013140,542.378714080581
3013141,0
3013155,0
3013151,0
3013152,0
3013153,135.671357377425
3013154,0
3013158,0
3013159,0
3013160,0
3013162,0
3013163,0
3013161,906.687385750658
3013195,0
3013194,385.47581213394
3013196,11.1764612817775
3013172,567.913243955664
3013168,0
3013169,396.075123144873
3013170,8.75349099705444
3013171,1008.2612323978
3013185,5.4078706458218
3013173,232.095647303091
3013174,131.012179459342
3013177,12.8387765100043
3013178,1.52351470702403
3013179,18.9456825118294
3013180,14.8929010995193
3013181,0
3013182,223.499111474083
3013183,0
3013184,4.57769024610593
3013186,57.3063737914451
3013187,3.05835533137497
3013175,88.1815217263512
3013176,3460.63462141115
3013190,3.91525672099567
3013191,6.23940854700613
3013192,233.502554631617
3013193,67.1409657005108
3013188,244.953250490769
3013189,240.14091491261
3013166,2.93770312089618
3013164,4.76951903230735
3013165,0
3013167,1827.66785867059
3012504,2.35263170453317
3012505,0
3012506,1.44906298809398
3012507,981.067835471371
3012508,0
3012509,191.594273408427
3012536,5.51294522107753
3012535,0
3012534,326.238277958796
3012533,33.1182166398821
3012532,115.178387882451
3012510,4.31778137491849
3012511,517.131782425238
3012531,3.07767518397355
3012514,65.0452865025918
3012517,6.33290536430455
3012512,260.788569827497
3012513,109.38877351073
3012527,1.50857637165985
3012515,43.4967640053702
3012530,1.93125491916633
3012518,0.751494852581254
3012519,9.28463454718691
3012520,7.25118631294703
3012522,113.149948686698
3012524,2.25800948346589
3012525,2.66750753046471
3012526,28.0839044751141
3012528,120.826603129047
3012516,1944.15601565221
3012521,0
3012523,4.07831752138048
3012529,119.225820652291
3012042,3.16109672645351
3012043,0
3012054,2751.77775482649
3012055,8.50916289934777
3012056,0
3012044,0
3012057,12.5566403159102
3012045,1276.02409644498
3012046,0
3012047,259.114170358669
3012048,0
3012049,690.335598622242
3012050,350.406692551893
3012051,151.83804177674
3012052,87.3976329734846
3012053,58.4441151769566
3012058,9.80658290130692
3012059,0
3012060,155.028877285502
3012061,0
3012062,0
3012063,3.58417737297954
3012064,38.2288230325971
3012065,0
3012066,162.347799225768
3012067,161.242291087657
3012074,7.40742933026301
3012068,0
3012073,1.64323283099392
3012071,44.4990544013275
3012072,480.137868178429
3012070,154.758615295315
3012069,0
3012468,739.635544075018
3012469,0
3012467,66.7887622200282
3012441,1952.92645724853
3012442,0
3012438,4.7444994159542
3012439,0
3012440,2.92229271901994
3012454,14.6233042598475
3012455,1.0879543570141
3012443,393.997419384602
3012444,8.70757253336585
3012445,1029.4092857474
3012446,543.31163596123
3012447,226.416673928776
3012448,131.17536553957
3012449,87.7189451377926
3012450,3997.99242128251
3012451,12.7714277353064
3012452,1.51552275789459
3012453,18.7241135540242
3012458,4.55367691206421
3012459,5.37950240828476
3012456,225.237766887338
3012457,8.22465116872383
3012462,243.668291502195
3012463,242.009031071565
3012460,56.2689924804446
3012461,3.04231202039449
3012466,232.27766291931
3012464,3.89471833538071
3012465,6.20667828488552
3012470,11.117832566479
3011612,13.4728055752578
3011580,5.74947659994481
3011581,0
3011611,2.93099601636306
3011610,470.760978970832
3011592,4171.66545347378
3011593,15.4766643378883
3011583,2188.90139852157
3011584,0
3011589,276.166578792492
3011590,157.930276618449
3011591,106.299522505084
3011605,291.369900621816
3011606,4.71969537130691
3011594,1.83653993167292
3011582,3.5412911106482
3011596,17.9528346143437
3011597,1.31840423384319
3011585,465.191841328856
3011586,10.5520056245682
3011588,684.598150212691
3011602,69.0806877820992
3011603,3.68673283258716
3011604,295.281971250626
3011607,7.61985572979862
3011595,22.6902447013834
3011609,80.9359200745314
3011598,276.521387094125
3011599,9.96679212948666
3011587,1191.93450609752
3011601,6.51898556711268
3011608,283.315386562566
3011600,5.5182341811621
3011613,2.83489901862192
3011614,0
3011615,1.74610723597475
3011616,1122.2362250833
3011617,0
3011618,229.372512702592
3011619,5.20288584005515
3011645,6.64304700426975
3011620,599.288682753464
3011644,1.46411136427911
3011621,314.247767403307
3011622,130.957869435503
3011643,345.161667396151
3011642,39.9071387459432
3011628,11.1878970751634
3011629,8.79462877877186
3011627,0.905544210756421
3011641,138.788871265002
3011626,7.63109124462594
3011640,3.7085695741803
3011630,0.650066628448394
3011625,2404.44010332652
3011639,2.32714396584218
3011631,136.344621162321
3011634,3.21432141958724
3011623,78.3789568579197
3011624,52.4131904515507
3011638,142.734569126437
3011632,4.91433415468839
3011635,33.6214419218292
3011636,1.81782030195981
3011637,145.594917374424
3011633,2.72088013452434
3011848,0
3011849,454.727093774241
3011850,10.0497337218869
3011851,1180.37699092932
3011857,14.7399803442738
3011858,1.74912125140955
3011859,21.7512149709601
3011860,16.8773000032417
3011861,1.25564863774176
3011862,265.077623177227
3011863,9.49237619145397
3011852,643.584626662384
3011853,264.737498522608
3011854,151.394374206182
3011855,101.23970114767
3011856,4766.76148967149
3011844,5.47580345627704
3011845,0
3011846,3.39473572172463
3011847,2253.94514930204
3011876,12.8315045817307
3011874,935.023296725725
3011875,2.84648677154509
3011864,5.25556809850197
3011873,77.0833976235916
3011867,3.51124559533725
3011872,268.080300558685
3011871,7.163358538962
3011866,65.3659222964094
3011868,281.226649181597
3011869,275.701688779269
3011870,4.49503946620554
3011865,6.24919908661052
3011877,4.91354416587227
3011878,0
3011879,3.04616190726081
3011880,2089.36520106535
3011881,0
3011882,408.03540092682
3011883,9.01782010476326
3011884,1052.30818270505
3011885,588.880366454088
3011886,240.664522778612
3011887,135.849095035348
3011888,90.8443385342026
3011889,4505.76811050695
3011890,13.2264689563785
3011891,1.56952027020156
3011892,19.5177851569308
3011893,15.2431520992776
3011894,1.12671776619174
3011895,239.411429993505
3011896,8.51769243147644
3011897,4.77767144970005
3011898,5.6809500895062
3011899,59.4221014523402
3011900,3.15070846637801
3011901,252.350102118809
3011902,249.006818346708
3011903,4.03348570139446
3011909,11.5139568065856
3011908,2.65585881442495
3011905,240.553629675194
3011906,69.1684209821003
3011904,6.42781992418306
3011907,1006.61605439795
3011947,0
3011944,0
3011945,5.03970078795148
3011943,8.07647463791947
3011953,221.849737362311
3011954,149.322357020029
3011952,390.471591903665
3011966,5.17887214628564
3011967,414.792078963057
3011955,6133.05130712701
3011965,98.9520000200658
3011968,414.65586190691
3011956,21.7405680033114
3011957,2.57984669071009
3011958,32.0817095536027
3011946,3115.08084430203
3011948,679.476457645679
3011949,14.8227415703938
3011950,1652.70870623742
3011951,980.626544820495
3011969,6.62990783638151
3011970,10.5655150014434
3011971,395.402020119276
3011959,24.8929835632587
3011960,1.85200481679714
3011961,388.438483205489
3011962,14.0006733579866
3011963,7.75164097731677
3011964,9.15742862546028
3011972,113.693289191733
3011973,661.293083133265
3011974,4.11726434197967
3011975,18.9256831710967
3011984,655.283230451972
3011985,274.861083554025
3011982,10.2991823500742
3011983,1266.02572378516
3011981,466.014064442381
3011980,0
3011977,0
3011976,5.6117206554976
3011978,3.47899787157624
3011979,2340.13620837923
3012007,2.93617652998389
3012008,13.1500007035255
3011986,155.152197050657
3011997,6.40431306102648
3011998,66.9883970900969
3011999,0
3011987,103.752613953944
3011988,4916.95705383776
3011989,15.1058475381854
3011995,0
3011996,5.56406073563137
3012000,288.207093021145
3012001,291.884894750244
3012002,0
3011990,0
3011991,22.1465924168246
3011992,17.4090857032568
3011993,0
3011994,273.429936010001
3012003,0
3012004,274.734433401305
3012005,78.9967167547582
3012006,952.019456405851
3012310,0
3012309,7055.65207965632
3012308,11.4894010185519
3012306,18.4125724592747
3012307,0
3012338,43.146363772754
3012311,1559.16418285162
3012312,33.7925661189578
3012337,9.38645033004369
3012322,57.8687349589956
3012318,13981.9979200747
3012319,49.5636774227375
3012320,5.88147877088563
3012321,73.1391886008923
3012335,259.195505369077
3012323,4.22216058527578
3012316,505.768240152226
3012317,340.421884755553
3012331,957.701230030327
3012332,15.1147207053119
3012333,24.0870329265027
3012334,901.428986331246
3012336,1507.60168958384
3012324,891.332383102263
3012313,3817.1440615031
3012315,890.188702563257
3012329,11.8066808757253
3012330,945.634023733887
3012325,31.9184327617689
3012326,17.6720236949689
3012314,2235.61121918496
3012328,224.1260884143
3012327,21.1502633007202
3012679,187.102590501572
3012695,5.59150056124608
3012676,1402.9493648646
3012692,4.36773288969012
3012693,349.825397209171
3012694,345.190702934279
3012696,8.91069446489738
3012687,329.737189164307
3012689,6.53754259409144
3012690,7.72314918434495
3012691,83.4536734602024
3012673,0
3012672,2661.58171560966
3012674,558.336595879513
3012671,4.22280312242256
3012670,0
3012669,6.81149928253962
3012675,12.5011342322517
3012701,15.9614538670434
3012700,3.47239908112246
3012682,18.3354582284316
3012685,20.994127671165
3012686,1.56193513214861
3012680,125.934788791841
3012681,5105.61283784397
3012683,2.17577899648562
3012684,26.8815052670368
3012698,95.886112750619
3012699,554.102438574868
3012677,816.347234947793
3012678,327.179078061564
3012697,333.472300366309
3012688,11.8078222006976
3012866,52.0243521326198
3012865,12.2366198938828
3012864,1817.81254123135
3012834,22.2012255385836
3012863,312.528729269843
3012835,0
3012862,1086.91103738066
3012861,29.043288315056
3012837,8788.67972967679
3012860,18.2247930903484
3012848,7.09167809015465
3012836,13.7636958674073
3012850,69.7760641159093
3012838,0
3012840,40.7458753302326
3012841,4632.61096679275
3012844,609.837370346153
3012845,410.468610969173
3012846,17079.7422949358
3012847,59.7621208778746
3012839,1867.79637906912
3012849,88.1886344468661
3012854,21.3082981556751
3012851,5.09093118960729
3012843,1087.41209379056
3012853,40.278903619887
3012858,1140.21190055381
3012842,2713.21094635421
3012855,26.1744436503333
3012857,14.2360762225825
3012859,1147.27551424963
3012852,1067.76913939916
3012856,272.006756465879
3012867,18.1079031864076
3012868,0
3012869,11.299288123586
3012870,7121.80459218024
3012871,0
3012872,1533.3649948826
3012899,42.4324292420641
3012898,9.98050886795484
3012873,33.2334070676873
3012896,254.906647507097
3012897,1482.65569621139
3012895,886.5132153593
3012894,23.688469454534
3012874,3827.95343916153
3012875,2198.61899302704
3012888,21.0726461137991
3012876,886.921890139244
3012877,497.399390970109
3012878,334.788989714628
3012885,870.900580153611
3012886,32.0088192885618
3012887,17.379608139177
3012879,14205.1861620062
3012889,218.988498710452
3012890,11.6113180123699
3012891,929.986800563595
3012883,56.542223534094
3012880,48.7435568451047
3012881,5.78415907998027
3012882,71.462636152392
3012884,4.15229731123901
3012893,14.8646203471429
3012892,941.854333132967
3012900,13.686582496708
3012901,0
3012902,8.54039462579067
3012903,5278.8887318833
3012904,0
3012905,1158.97054915658
3012906,25.1189639571305
3012907,2931.18414495756
3012908,1672.63673726983
3012909,670.366386023029
3012910,375.951744840054
3012911,253.045152691023
3012912,10529.2972018996
3012913,36.8420741526977
3012932,32.0719045920882
3012914,4.37186843817769
3012931,7.592841616548
3012930,1120.64269902014
3012915,54.0139438047206
3012916,42.7365774479938
3012929,192.667302456309
3012923,8.77623765909587
3012927,18.1390048721832
3012922,168.780614122763
3012924,702.916341872068
3012925,711.886235397066
3012926,11.2351966193484
3012928,674.429983907143
3012917,3.13845060447366
3012918,662.552406530868
3012921,15.7215850274408
3012919,24.3512528675864
3012920,13.1361117910027
3012944,313.858714162919
3012945,13404.010342833
3012946,45.6962162589999
3012947,5.422546102558
3012948,67.4321267731623
3012936,6590.27408694167
3012937,0
3012938,1437.5023684217
3012939,31.1557271295218
3012940,3588.63816075571
3012941,2061.16614131737
3012942,831.473473005576
3012943,466.303068713125
3012957,871.846059400516
3012949,53.0073273599886
3012950,3.89270476319575
3012951,816.453780286343
3012952,30.7986641613853
3012953,16.2930730424173
3012954,19.8841439484754
3012955,209.343138806854
3012956,10.8854038007808
3012933,16.9758366758625
3012934,0
3012935,10.5928813383259
3012965,39.7796465531179
3012964,9.23562112883505
3012963,1389.96330421706
3012962,238.970441310969
3012961,831.090347679222
3012960,22.207518143966
3012959,13.9353167876011
3012958,888.733528640597
3012995,160.914943447461
3012966,11.4309777547553
3012967,0
3012968,7.13290268098161
3012969,4408.90629041255
3012970,0
3012971,961.691904009802
3012972,20.9792560184781
3012973,2416.47252908553
3012974,1361.10236992755
3012975,545.508332087123
3012976,313.993360516531
3012977,211.342277157608
3012978,8680.36813133624
3012979,30.7703497333851
3012980,3.65136664872667
3012981,45.1122250734886
3012982,35.6934147907189
3012983,2.62122111584581
3012984,549.773491489181
3012985,20.0752087529424
3012986,10.9712268715033
3012987,13.2162878579707
3012988,140.050970470118
3012989,7.32987781834509
3012990,587.072855428021
3012991,583.075179928662
3012992,9.3835902904881
3012993,15.0514041491974
3012994,559.629281190073
3012996,935.956201382581
3012998,26.7863236153345
3012997,6.30039677572204
3013031,34.8026177531517
3013030,8.18590500986543
3013003,0
3013004,1249.49568340141
3013005,27.2576796443471
3013006,3078.97570188974
3013007,1803.28342651864
3013016,3.40566917100363
3013017,714.303200016596
3013018,26.0830798050766
3013019,14.2545658962117
3013020,17.0601752887065
3013008,722.727515589367
3013009,407.961579947033
3013002,5728.35162220068
3013029,1216.05810406032
3013021,181.963768571776
3013022,9.52347696356255
3013010,274.590294383891
3012999,14.851905586468
3013000,0
3013001,9.26755343665453
3013015,46.375317834021
3013023,762.765076466711
3013011,11351.7219333989
3013012,39.9789360899357
3013013,4.74410447574419
3013014,59.3803357844668
3013028,209.071664629855
3013024,772.49869782807
3013025,12.1918002157298
3013026,19.4290254484438
3013027,727.108513897715
3013265,5.93921093376255
3013295,22.3036305423984
3013234,0
3013235,764.215680489757
3013236,16.8896118136863
3013237,1895.44962293817
3013238,1110.12012493232
3013239,450.744228631243
3013230,9.20265126459456
3013231,0
3013232,5.70520275826951
3013233,3714.78818301678
3013262,21.5646640367183
3013261,4.69137211494418
3013260,748.618078862182
3013240,252.784272546563
3013259,129.546582941508
3013241,170.143737121497
3013258,450.53653525881
3013257,12.0387612600951
3013242,7079.74033939153
3013243,24.7720539713373
3013250,8.83252307976831
3013252,110.571017678913
3013253,5.90100959178722
3013254,472.630327109712
3013255,469.411948570369
3013256,7.55437644144435
3013244,2.93957827828196
3013245,36.5551553406315
3013247,2.11024676401681
3013249,15.9529151219177
3013251,10.6399374383179
3013248,439.732515688254
3013246,28.7354289203182
3013355,6.85769228055771
3013263,9.51800285256322
3013264,0
3013266,3767.84059023909
3013267,0
3013268,795.561230271554
3013269,17.4683761015511
3013270,1947.69214114391
3013271,1163.194774186
3013272,466.190093543395
3013273,261.446550347718
3013274,175.974132747876
3013275,6996.43161184109
3013276,25.6209296195064
3013277,3.04031019252725
3013278,37.8078080766381
3013293,774.271327384105
3013294,4.85213357418706
3013292,133.985816752713
3013281,451.85245476682
3013280,2.18255958441007
3013279,29.9140593000898
3013285,115.106267906777
3013286,6.10322226853483
3013291,465.975283044286
3013290,12.4512991658998
3013283,9.13519131079114
3013284,10.8623136691313
3013287,488.826173273048
3013288,498.294630319893
3013289,7.81324581923854
3013282,16.4995811827931
3013296,12.2577414016188
3013297,0
3013298,7.64880121212852
3013299,4852.40615212002
3013300,0
3013301,1024.56197806205
3013302,22.4966140771188
3013303,2524.69974681753
3013304,1498.01812024532
3013305,596.489584339976
3013306,336.703429716307
3013307,226.627943488871
3013308,9491.60420477646
3013309,32.9958642175033
3013310,3.91545754902445
3013311,48.6907118588077
3013312,38.2749977851494
3013313,2.81080510205127
3013314,589.53673366533
3013315,21.2489534313628
3013316,11.7647383045107
3013317,14.1721768975508
3013318,150.180379657751
3013319,7.860022889587
3013327,6.24881075576482
3013328,28.7236870739476
3013320,629.53383342497
3013326,1003.65072226796
3013321,633.433796059636
3013322,10.062273382668
3013323,16.1400208932577
3013324,600.105359031784
3013325,172.55337266443
3013338,403.887065651324
3013337,994.717472347724
3013351,101.688134128088
3013339,230.969280496664
3013340,154.452641020395
3013334,689.24006599558
3013335,15.3320080689795
3013336,1921.8222737398
3013350,9.59607525649738
3013352,5.3568032039133
3013353,429.043134254778
3013341,7811.61282282968
3013347,409.701121467457
3013348,14.4816959721232
3013349,8.17595613959731
3013354,434.518140315453
3013342,22.4875109957214
3013343,2.66848275609828
3013333,0
3013360,4.48618992462738
3013361,19.5759148678523
3013356,10.9285155169004
3013344,32.9688049102955
3013345,25.7482344302057
3013346,1.91563434200575
3013357,414.342027311728
3013358,117.59946154348
3013359,1733.84761338643
3013330,0
3013331,5.17905418371248
3013329,8.35395893056777
3013332,3693.69159090357
3011777,8.73699997856161
3011776,1.93817916703038
3011775,497.238527538226
3011774,52.4862567047407
3011773,182.53647226755
3011772,4.87754674463113
3011745,3.72848673944417
3011756,68.9343374444305
3011757,3203.74965734407
3011758,10.0364853655025
3011746,0
3011747,2.2964972057961
3011748,1554.81132384724
3011752,803.721315669212
3011754,177.930587048605
3011755,103.084765762937
3011769,191.487850253267
3011770,190.18391279422
3011771,3.06068235955648
3011759,1.1909805462584
3011760,14.7144309596222
3011761,11.4917910699613
3011749,0
3011750,295.843465071288
3011751,6.84288601959356
3011765,3.57852799501923
3011753,426.963953932694
3011767,44.5078017207361
3011768,2.39081492710252
3011764,6.46338003879244
3011762,0
3011763,178.159185489717
3011766,4.22750676850148
3012145,0
3012146,351.859342644181
3012141,4.29255341251695
3012142,0
3012143,2.66117740040102
3012144,1688.2532610617
3012147,7.87811672336798
3012173,10.0587830114493
3012172,2.1882786603973
3012171,346.92712233875
3012170,60.4266760411658
3012169,210.15162764336
3012154,11.554861936236
3012155,1.37115885487766
3012157,13.4035681593857
3012159,202.461160977728
3012148,861.421661060849
3012149,511.120286310321
3012150,207.531161733305
3012151,117.910584738231
3012152,79.3631159543287
3012153,3094.36877279338
3012167,3.52371978909148
3012168,5.61544974852145
3012156,16.9405137373205
3012161,4.11990805661205
3012158,0.984319267098978
3012163,52.9350406716678
3012160,7.44119692002672
3012165,220.457220985781
3012162,4.86706802885794
3012164,2.75251100277757
3012166,217.536473012327
3011811,3.50261186125168
3011812,0
3011813,2.15737346394637
3011814,1404.71527302087
3011815,0
3011816,288.981601474301
3011817,6.42833820055232
3011818,759.958186993751
3011819,393.347343917157
3011820,166.067719769891
3011821,96.8398035202453
3011843,8.20770513487938
3011842,0
3011822,64.7582370150478
3011823,2894.47086317256
3011824,9.42846659868464
3011841,467.115397247289
3011828,0
3011829,168.458306332605
3011827,10.86605585366
3011830,6.07182301284694
3011832,3.97140083515021
3011833,42.0843240602679
3011834,2.24597733797364
3011825,1.11882993808544
3011826,13.8230182946621
3011840,49.3065949093684
3011831,3.36173774431718
3011835,179.887354429123
3011837,2.87526363516167
3011838,4.58206084007728
3011839,171.478258487965
3011836,175.209959211618
3012018,258.458225132628
3012019,145.893194324321
3012017,616.177956194744
3012020,97.5609791996491
3012021,4593.55285793659
3012022,14.204377328943
3012014,435.362809583039
3012016,1190.47322855165
3012023,0
3012015,0
3012024,20.9608464593711
3012025,16.476989577267
3012013,0
3012026,0
3012010,0
3012011,3.27138205052972
3012012,2243.84390057353
3012009,5.27683054219984
3012027,258.790282415965
3012041,12.3652493775387
3012040,0
3012039,955.368527972171
3012038,74.2824372942802
3012032,0
3012033,271.007786077647
3012035,0
3012036,6.99345179395004
3012037,258.339133068879
3012029,5.13091198029313
3012030,5.98308064164141
3012031,63.4017856805002
3012034,272.686679543398
3012028,0
3013038,11.7819947961231
3013039,1330.87174588529
3013036,0
3013037,522.806167393708
3013035,2476.05114902465
3013034,4.00585331503449
3013040,754.518570545499
3013033,0
3013032,6.41966141709229
3013042,176.339339029208
3013043,118.690272308921
3013044,4567.92415742851
3013045,17.2806938489294
3013046,2.05061527521012
3013041,308.357795661184
3013055,4.11647497108073
3013056,329.701364123962
3013057,329.593090722646
3013058,5.26984426302368
3013059,8.39809843369338
3013047,25.5004469460798
3013048,20.0454976549078
3013054,77.1330430365084
3013060,316.339900574906
3013061,90.3701744545446
3013049,1.47208335315523
3013050,304.763490305512
3013062,525.634993174971
3013063,3.27264607704948
3013051,11.1285661874785
3013052,6.1614643433154
3013053,7.27886780584105
3013064,15.0432563082871
3013862,358.256052053931
3013863,7.96933456402812
3013864,906.075189209748
3013861,0
3013875,204.805384930029
3013876,7.52735582561369
3013877,4.16761096960999
3013865,523.808289938157
3013860,1685.72856120945
3013874,0.995716340945144
3013888,2.21361594101565
3013878,4.92342203471084
3013866,207.220809071504
3013867,119.275828400957
3013873,13.4708585310263
3013887,1124.28691321873
3013879,52.8558789176557
3013880,2.78438132393211
3013868,80.2820325329498
3013870,11.6886514689327
3013871,1.38703500324355
3013872,17.1366617682589
3013886,61.1263344875044
3013881,223.009814754366
3013869,3318.90575960429
3013883,3.56451965554928
3013884,5.6804689933971
3013885,212.584896704731
3013882,222.936578687435
3013859,2.7095568988399
3013858,0
3013857,4.34225532313306
3013889,10.1752499918448
3014857,280.034518622898
3014858,188.485300297877
3014855,1254.02413489581
3014856,502.593066721662
3014851,0
3014852,891.817243069929
3014854,2141.15528604486
3014859,8208.28542853394
3014850,4223.71664135397
3014853,18.7103187485767
3014849,6.36146880738742
3014847,10.194700765889
3014848,0
3014866,17.904045519104
3014867,10.0425846318011
3014868,11.5591577769881
3014864,2.33773221246636
3014865,487.13585743715
3014879,23.8893434783391
3014869,124.904252859844
3014877,3491.42482029462
3014878,5.65566665470467
3014870,6.53714079510564
3014871,523.580066138694
3014860,27.4424913357143
3014861,3.25646599695551
3014862,40.2332718490623
3014863,31.8331196955363
3014872,537.204522043538
3014873,8.36874125500177
3014874,13.3365445576356
3014875,499.104554655352
3014876,143.511756597057
3014165,97.0832309968842
3014159,424.859170815515
3014161,1184.64357770101
3014164,145.178767183922
3014166,4722.16100549021
3014167,14.1348196451644
3014158,0
3014160,9.63713453634166
3014162,1152.33792980124
3014163,247.34869693498
3014168,1.67730979612892
3014169,20.8582028942229
3014170,16.3963030956214
3014171,1.20409706238659
3014157,2218.37984758886
3014172,257.523007391344
3014156,3.23425707679759
3014155,0
3014154,5.25099033099539
3014173,9.10265972792685
3014186,12.3046977541814
3014174,5.03979689729124
3014175,5.95378198097819
3014185,2.67687527283025
3014176,63.0913122780248
3014177,3.36708883327993
3014182,257.074067286022
3014183,73.918682223293
3014184,424.388653999919
3014178,269.680682928457
3014179,271.351354989067
3014180,4.31049232554737
3014181,6.86926160259169
3013436,1787.95065889104
3013437,359.614584223815
3013438,202.993425305394
3013439,135.744764761681
3013434,13.4749384335422
3013435,1667.21409154896
3013433,605.756754981878
3013431,3310.26515127323
3013432,0
3013430,4.55174794818315
3013429,0
3013440,6689.12418658258
3013428,7.34209646637848
3013441,19.7637403285764
3013442,2.34526623568277
3013443,29.1645819381369
3013444,22.7771826987757
3013459,3.91724383572395
3013460,17.2048075136534
3013446,360.076603344408
3013447,12.7276192889863
3013448,7.04679930040034
3013449,8.32476140473895
3013445,1.68360561144843
3013450,88.2162167013279
3013451,4.70796734834603
3013457,103.355378955366
3013458,593.393291644716
3013452,377.075839864329
3013455,9.60481321805392
3013456,359.448881457082
3013453,384.379717169533
3013454,6.02706317795745
3014361,375.1681480496
3014352,7.60998760131438
3014353,0
3014354,4.74861399682729
3014355,3194.13922163661
3014356,0
3014357,657.106450914706
3014358,13.9665986244268
3014359,1587.9354028334
3014360,917.996362548973
3014362,209.035975022506
3014363,140.697685124432
3014364,6127.1980192099
3014365,20.4848600865973
3014366,2.43083798436259
3014367,30.0327304314926
3014368,23.6082539536631
3014369,1.7450353434195
3014370,361.272383677942
3014371,13.1920120400176
3014372,7.59459409397263
3014384,17.8325594687377
3014373,8.62850704346742
3014383,3.87945632203092
3014382,2363.96018007774
3014374,93.2366567143635
3014381,107.126507528367
3014378,6.24697268234317
3014380,372.564095789383
3014375,4.8797469922073
3014377,395.821632333791
3014379,9.95526411795894
3014376,390.834209174885
3014450,15.4507564970886
3014423,543.999118285055
3014424,12.1011520986037
3014421,2896.43315972463
3014422,0
3014436,321.26989614323
3014437,11.4300230482507
3014425,1516.8439474059
3014426,1702.46684263734
3014434,20.5885013710976
3014435,1.51195997508128
3014449,3.4724094960397
3014438,6.32836955530807
3014439,7.52482709833736
3014427,320.857670429284
3014419,0
3014420,4.08769171800902
3014447,92.8181725739387
3014448,532.896125047172
3014440,79.2224662940843
3014428,182.29799911534
3014429,121.905421169221
3014432,2.1061634952685
3014433,26.0214135639465
3014441,4.22798436063943
3014442,338.632500134362
3014430,5852.88495578118
3014431,17.748803004404
3014445,8.62559084804641
3014446,324.909093744786
3014443,345.191738279733
3014444,5.41259676873972
3014418,6.59356081665684
3014554,0
3014555,544.823097438259
3014556,0
3014552,4.0147735046024
3014553,2631.16947140093
3014567,0
3014568,309.441491897625
3014569,0
3014557,1342.5393149612
3014558,786.293602327984
3014551,0
3014565,0
3014566,20.090134745935
3014570,6.50501569721634
3014571,7.53622472831888
3014559,317.190477382797
3014563,17.4321913089855
3014564,0
3014572,79.8602147762254
3014560,177.885281698202
3014561,119.730813559484
3014562,4822.62278771498
3014573,0
3014550,6.47594170349812
3014575,330.327024947967
3014574,332.591810519138
3014580,1934.68532013088
3014581,0
3014582,15.1751384619552
3014579,91.1624373124119
3014578,317.044322743944
3014577,0
3014576,0
3013997,850.081542608603
3013989,6.86600909379383
3013990,0
3013991,4.25659659308429
3013992,2826.18030679685
3013993,0
3013994,592.86546889928
3013995,12.6011760056114
3013996,1432.69338761185
3013998,336.295909056545
3013999,188.599900634095
3014000,126.942596512673
3014001,5316.59452173467
3014002,18.4821898547349
3014003,2.1931909196922
3014004,27.2734478116595
3014005,21.4392255675314
3014006,1.57443469879511
3014007,325.953155461238
3014008,11.9023156642928
3014009,6.85212050856464
3014021,16.0891872487183
3014020,3.50018735660485
3014019,2174.878413553
3014014,354.809427084784
3014015,5.63624719155148
3014017,338.334453012464
3014010,7.78495457943702
3014011,85.2229803389163
3014012,4.40268617758609
3014013,352.624915433107
3014016,8.98200332852312
3014018,96.6534524641142
3014979,3.10616529346843
3014980,0
3015011,7.27870795820188
3015010,0
3015009,252.680605595801
3015007,152.069323179127
3015008,43.7257794792759
3015006,4.06343577815747
3014981,1.91318902699235
3014990,57.4285122789658
3014994,12.2584463762179
3014982,1303.75040177993
3014983,0
3014984,249.69137510542
3014988,147.271181606271
3014989,85.8788951321014
3015003,159.526627327163
3014991,2550.21579141863
3014992,8.36129633529958
3014993,0.992194071350088
3014995,9.57369707224048
3014996,0
3014997,151.347265761975
3014985,5.70074042006395
3014987,489.213447267448
3015001,37.0790078266805
3015002,1.99176418440988
3015004,158.440329972985
3015005,2.54982409324665
3014998,5.38457775445558
3014986,669.572250302453
3015000,3.52189392637607
3014999,2.98123615198667
3014613,361.820213827548
3014614,0
3014612,63.0207079190376
3014611,219.173140276657
3014615,10.4905923627782
3014585,2.77541798852487
3014586,1891.31981555161
3014587,0
3014588,369.358807558364
3014589,8.21631315012641
3014584,0
3014598,17.7830376946118
3014599,13.8883354943528
3014600,1.02657470334238
3014601,216.718255566514
3014602,7.76063699657372
3014590,1009.9892835337
3014591,1111.68084925036
3014597,1.4300207683934
3014603,4.29676989202844
3014604,5.0760043868669
3014592,216.440181465273
3014595,3973.93035278935
3014596,12.0508958432903
3014610,5.85651307701445
3014605,53.789638068646
3014593,123.774780712484
3014594,82.7700624587587
3014608,228.355489066944
3014609,3.67498810402186
3014606,2.87067241348522
3014607,229.92113818941
3014583,4.47682666928107
3013724,8.83251204179712
3013693,0
3013694,2.3367520114159
3013695,1531.44144934301
3013696,0
3013697,301.029241544377
3013698,6.91769180691421
3013699,812.507521611101
3013706,1.20400023373988
3013707,14.8752877369758
3013708,11.6174182506934
3013709,0.864320442117971
3013710,182.465063532559
3013711,6.53403710237205
3013712,3.61764812698546
3013700,716.881772974202
3013701,181.049494041995
3013702,104.211678741113
3013705,10.1462032809476
3013719,4.93086762757155
3013720,184.531943839575
3013721,53.0600315338215
3013722,304.633073622841
3013723,1.9340434385906
3013713,4.27372147547096
3013714,44.7026478130095
3013715,2.41695109135364
3013703,69.6879211474458
3013718,3.094141451669
3013716,193.581177448769
3013704,3238.77274771992
3013717,194.780413008068
3013692,3.76924620632117
3013922,21.213573209599
3013921,4.61499264001447
3013920,2848.98329985909
3013919,127.437455858519
3013892,5.57593129453292
3013893,3799.74093671907
3013894,0
3013891,0
3013905,35.7268695393684
3013906,28.4520533889055
3013907,2.07589017582499
3013895,776.624481364839
3013896,16.6146347599611
3013890,9.05282437934027
3013904,2.89171947708077
3013918,443.201422384242
3013908,426.982534130896
3013909,15.6931882763902
3013897,1864.59011245624
3013901,167.3736543002
3013903,24.3687441445099
3013917,11.8427601241117
3013910,9.1528071941656
3013898,1120.83144782176
3013899,440.531030490033
3013900,248.668732458389
3013914,464.935508763177
3013902,6829.89550671789
3013916,7.43138485350767
3013911,10.2644528496892
3013912,110.195037751019
3013913,5.8049362036328
3013915,464.782824684783
3013956,2.6208596017475
3013965,123.4559895331
3013957,0
3013958,1.61427334272732
3013959,1024.09641487775
3013960,0
3013961,216.232981259201
3013962,4.81005962509849
3013963,546.880752703445
3013964,300.125132919582
3013988,6.1414863145509
3013987,1.33607449628415
3013966,71.9914369050694
3013986,444.624650182354
3013985,36.8940858469865
3013984,128.310089171148
3013967,48.4559106165068
3013968,1889.2964932888
3013974,122.81317850314
3013976,2.54838578228561
3013969,7.05493163210145
3013983,3.42856663090733
3013973,0.600985556717573
3013975,4.54329405418178
3013977,2.97163500367749
3013979,1.68057195735983
3013980,134.602267897318
3013982,2.15144086877955
3013970,0.8371741723349
3013971,10.3431929251076
3013972,8.07790749216239
3013978,31.6954483138818
3013981,131.957880523787
3014022,5.67628553991906
3014023,0
3014024,3.49621033751303
3014025,2413.70242701623
3014033,104.946325462339
3014034,5137.9350078849
3014035,15.2796458008334
3014036,1.81316070713967
3014037,22.5475782688657
3014038,17.4952177751118
3014026,0
3014027,477.54776237905
3014028,10.4176781838639
3014029,1297.35945251213
3014030,1484.81545958637
3014031,272.650967537426
3014032,156.937279431851
3014046,291.52302030846
3014047,295.243136482298
3014048,4.65961346624657
3014049,7.42562599564358
3014050,279.708770707426
3014039,1.30162089683155
3014040,278.380654106986
3014041,9.83991447926361
3014042,5.44798684609277
3014043,6.43599862810085
3014044,69.545170639533
3014045,3.6398005806929
3014054,13.3012962379412
3014052,458.761305612385
3014053,2.89368432343941
3014051,79.9056026740794
3014087,11.8109292134852
3014061,0
3014060,418.559607083658
3014074,0
3014062,1144.5258892541
3014058,2143.25491274966
3014059,0
3014073,247.189006337793
3014075,0
3014063,1251.59603618474
3014064,242.101312531267
3014071,15.6363093469293
3014072,0
3014086,0
3014076,5.71486589387865
3014077,60.9547391708727
3014065,139.352967197235
3014066,93.1874306893047
3014056,0
3014057,3.12472968796392
3014084,70.9524395263373
3014085,407.358591940704
3014078,0
3014079,258.858813108996
3014067,4621.98261636151
3014069,0
3014070,20.0211953861655
3014080,258.77380428827
3014068,13.5676111359731
3014082,0
3014083,246.7580815064
3014081,0
3014055,5.04027618874311
3014131,75.0134779589054
3014130,127.804405462336
3014129,483.528909678668
3014128,573.556094606355
3014127,4.9794814569064
3014126,222.397957996609
3014125,0
3014124,1131.41650086191
3014123,1.67113191997582
3014132,50.1626439583833
3014122,0
3014133,2227.56191455153
3014134,7.30342323793383
3014121,2.71317256026521
3014141,2.60404948192854
3014142,3.07630311281288
3014143,32.5991111149906
3014144,1.7397657307624
3014135,0.866661453756354
3014136,10.7773772530109
3014137,8.36243076030566
3014139,129.644181999145
3014140,4.70331976302852
3014145,139.343282473036
3014146,138.39442370501
3014147,2.22721977412058
3014148,3.54932896741827
3014149,132.829478127032
3014150,38.193584001741
3014138,0.622153708849805
3014152,0
3014153,6.35780418637212
3014151,219.280474413328
3014193,3.53995695403188
3014194,421.224634391991
3014195,317.93526587967
3014191,0
3014192,157.079625301235
3014206,3.34363118855999
3014207,1.85124157042711
3014208,2.18697081034568
3014196,89.1015553376997
3014203,5.94492522539593
3014204,0
3014205,90.3841946200503
3014209,23.0247444950647
3014197,53.3277380877565
3014198,35.6610626728642
3014199,1593.92706803292
3014200,5.19206750805416
3014201,0.616117213522511
3014202,7.61205901296459
3014210,1.23681468648845
3014211,99.0603592074637
3014189,1.18802230963589
3014190,773.548535255623
3014187,1.92881812199102
3014188,0
3014213,1.58335003268668
3014212,95.8590789782198
3014218,0
3014219,4.51981864712144
3014217,155.888408662762
3014216,27.1521531823038
3014214,2.52324903086697
3014215,94.4296386813616
3014253,5.24670449515988
3014284,2.67469041868879
3014285,12.2946547125349
3014254,0
3014257,0
3014255,3.25270534511882
3014256,2187.9213021342
3014270,1.20311428351744
3014258,432.87727202862
3014262,247.146811987119
3014263,145.060272895468
3014266,14.1232828658628
3014267,1.6759407830517
3014268,20.8411785182875
3014269,16.382920503206
3014283,421.293103855257
3014271,247.464336797683
3014259,9.62926874837713
3014260,1168.37831983807
3014261,1166.47341080114
3014275,63.8652398064877
3014276,3.36434062978433
3014264,97.0039920792314
3014265,4687.71690326013
3014279,4.30697412015886
3014280,6.86365494067002
3014281,256.864244532502
3014282,73.858350111212
3014272,9.09523017601355
3014273,5.03568343663248
3014274,5.9489225296057
3014277,269.460570709202
3014278,265.890597304361
3014884,0
3014885,951.278807082887
3014889,525.743665496303
3014883,4715.20233171504
3014897,2.46137121308226
3014886,19.6998782451446
3014887,2225.26081597579
3014888,1346.36449925773
3014890,294.845106352261
3014882,6.65449276996982
3014896,33.7354384061768
3014891,198.453993048631
3014892,8586.37803499036
3014893,28.8938817837154
3014894,3.42869539057732
3014895,42.3611466742451
3014881,0
3014898,512.899711079803
3014880,10.7338825453722
3014899,18.607324373331
3014900,10.7820727311374
3014901,12.1705035538427
3014911,5.47197061048944
3014912,25.3169492398358
3014910,3422.25406091423
3014909,151.101868957948
3014906,8.81135089166748
3014907,14.0418935415707
3014908,525.501413975405
3014902,132.368419096972
3014903,6.88287994798302
3014905,554.686523756768
3014904,551.271396982572
3013560,3.73417631670888
3013561,0
3013592,8.75033242143016
3013590,301.798700997808
3013565,298.228399759797
3013589,52.9093733493993
3013564,0
3013591,2.00530363005543
3013562,2.30000160294263
3013563,1640.35676756796
3013568,748.145821324745
3013569,177.046778432643
3013571,69.4900498802654
3013572,3402.07585550587
3013573,10.0518007904842
3013588,185.208737350046
3013566,6.85332809205963
3013567,831.556390286562
3013581,4.23395783781654
3013582,45.4540685808248
3013570,104.593887839547
3013584,191.780055910791
3013585,194.227355225467
3013586,3.06535288408408
3013574,1.19279795270564
3013575,14.833050976491
3013578,183.134276506297
3013579,6.47324299464872
3013580,3.58398873900047
3013583,2.39446325072654
3013587,4.88498975864865
3013576,11.5844318560244
3013577,0.856278616024496
3013466,297.339662977863
3013467,6.70086655509551
3013464,1454.77475490047
3013465,0
3013479,174.461612266049
3013480,6.32923696387809
3013468,797.345872119949
3013469,703.504530451107
3013463,2.24883496175835
3013477,11.2532867299494
3013478,0.837229542039572
3013481,3.50425807029906
3013482,4.24888694931952
3013470,174.237758230748
3013471,100.945311271127
3013472,67.5036519615284
3013474,9.82818490967584
3013475,1.16626255169838
3013476,14.409042911466
3013473,2978.18610791908
3013462,0
3013461,3.65110452255385
3013491,295.084781397021
3013492,1.92280474354944
3013493,8.55566946177062
3013490,51.3969399969407
3013489,178.748051421642
3013488,4.77631656561701
3013483,43.8684821475356
3013484,2.34119518264253
3013487,2.997159970252
3013485,187.513649620233
3013486,187.45207043723
3013498,0
3013497,1213.12189984961
3013511,0.693630898184404
3013499,246.34101777483
3013496,1.8752806453829
3013510,9.323162872402
3013512,146.431114824991
3013500,5.5515576718685
3013501,656.305186765367
3013502,549.702335899958
3013509,11.9376549378681
3013513,5.24366867105747
3013514,2.90322014539783
3013515,3.42972943964721
3013503,139.734022061209
3013504,83.6315292385931
3013508,0.966229332140724
3013522,148.089819136417
3013516,36.1086868016298
3013517,1.93964168226231
3013505,55.9256648143805
3013506,2599.16662911637
3013507,8.14248946568903
3013521,3.95709967585614
3013518,155.351972997831
3013519,154.294102972861
3013520,2.48309771428249
3013494,3.02488001459517
3013495,0
3013523,42.5815190027335
3013526,7.08823135753174
3013525,1.64567121541105
3013524,246.068203630295
3014319,4.66451036590458
3014320,0
3014321,2.87302484098515
3014328,221.156277370675
3014329,128.963837629136
3014330,86.8028262466736
3014331,4140.53093704999
3014322,2130.58251630299
3014323,0
3014324,387.35488947036
3014325,8.5607687519511
3014326,1059.19847932048
3014327,1188.81727675343
3014351,10.9303934316752
3014332,12.55611010477
3014350,0
3014349,376.988939413961
3014333,1.48997206959121
3014348,65.6627488779239
3014347,228.361618680336
3014336,0
3014337,228.760416934179
3014339,4.47690500032067
3014341,55.6813305231035
3014343,239.560208972153
3014344,237.928922549736
3014346,6.10203788840825
3014335,14.3767652440773
3014338,8.08598911477489
3014340,5.28880763742413
3014342,2.99102069814296
3014345,3.82905601939214
3014334,18.5285627055803
3014385,7.17889916520007
3014386,0
3014387,4.47961584744144
3014388,2897.87030054639
3014389,0
3014394,349.341566179825
3014395,197.194563934199
3014396,132.727482251208
3014397,5817.82455738456
3014398,19.3244394970518
3014399,2.293136558286
3014400,28.5163228088683
3014401,22.4162299272814
3014402,1.64618307235549
3014390,611.871231347339
3014391,13.1754226758877
3014392,1517.59656907429
3014393,860.379520042329
3014407,88.5289669732601
3014408,4.60332045780127
3014409,368.694342878116
3014410,373.399239893425
3014411,5.89309593179301
3014412,9.45260458028732
3014413,351.459189734286
3014414,101.058035276347
3014403,347.522613427405
3014404,12.4447146543359
3014405,7.07178210378799
3014406,8.13972180461535
3014417,16.8223856582093
3014416,3.65969397201747
3014415,1883.08209128205
3014494,135.543166059514
3014495,91.2312327911826
3014493,237.019102675248
3014488,0
3014491,1077.61350328011
3014492,1061.95173349129
3014487,2057.71693891482
3014489,404.477082490017
3014490,8.99751218538996
3014496,4323.55423644597
3014485,0
3014486,3.01959751100629
3014484,4.90247897965227
3014497,13.1966832585004
3014516,11.4880276459039
3014503,8.49851078789346
3014504,4.70530257975231
3014501,1.12418042420815
3014502,238.87228106828
3014505,5.55862592983389
3014506,58.5220164679916
3014498,1.56598574736437
3014499,19.4738315625247
3014514,396.221726624876
3014515,2.49920946887624
3014507,3.14361314480798
3014508,251.78181560742
3014509,251.699130861369
3014510,4.0244023861957
3014511,6.41334462447095
3014512,240.011908543075
3014500,15.2088248782607
3014513,69.0126553203146
3014525,693.854927808121
3014526,274.491989303233
3014527,155.954945244786
3014519,3.54278652650143
3014520,2321.84250033907
3014522,480.772309251899
3014524,1192.43783601328
3014528,104.969968816547
3014529,4396.3395777949
3014532,22.4064438166232
3014521,0
3014523,10.4200251822389
3014530,15.2830881517328
3014531,1.81356919405569
3014518,0
3014533,17.4991592721484
3014517,5.67756435010147
3014534,1.30191413896055
3014535,269.533580566123
3014536,9.8421313132727
3014537,5.62934522470789
3014548,2.89433624148537
3014549,13.3042928865328
3014547,1528.52542234153
3014546,79.9236046046752
3014544,7.42729891467967
3014545,277.957959881071
3014538,6.43744859401989
3014539,68.2166530142764
3014540,3.64062059124589
3014541,291.588697520108
3014542,297.236707403312
3014543,4.66066323041097
3014917,0
3014918,943.201709356079
3014916,4736.38166803064
3014930,0
3014931,532.23424462539
3014919,0
3014915,6.81609628492458
3014929,34.3306730029178
3014932,0
3014920,2324.2138277602
3014921,1361.23720388993
3014913,0
3014914,0
3014928,0
3014933,11.3350180856715
3014934,0
3014922,535.019988363461
3014923,0
3014926,0
3014927,0
3014935,132.962980065599
3014936,0
3014924,0
3014925,8794.89713917313
3014937,0
3014938,571.864548405528
3014939,0
3014940,0
3014943,3371.19756730964
3014944,0
3014945,25.931768148882
3014942,0
3014941,0
3014977,0
3014976,1042.09796717725
3014978,11.0967675500154
3014975,66.6622171972159
3014974,231.837565196641
3014948,2.9549468655871
3014949,1924.03358177142
3014950,0
3014951,395.817085803394
3014952,8.69107424939938
3014953,1020.79760064759
3014954,571.246783997782
3014959,12.7472296432863
3014960,1.51265128886902
3014961,18.6886368765402
3014962,14.7867073020854
3014963,0
3014964,224.811007693103
3014965,0
3014966,4.66485097681726
3014967,5.36930983647555
3014955,228.946688532583
3014956,130.077997411539
3014958,3619.4811689397
3014972,3.88733899184722
3014973,6.19491845854584
3014968,58.0189012415004
3014969,3.03654773563721
3014957,87.5527435861458
3014971,241.550495273928
3014970,243.206611895
3014946,4.7355099876901
3014947,0
3014288,1.43873044775155
3014289,980.428683650713
3014290,0
3014291,187.769519287839
3014286,2.33585626951227
3014287,0
3014318,5.47363517771129
3014292,4.31496840141431
3014317,0
3014316,190.017439833682
3014315,32.8820672714196
3014314,114.357108649492
3014298,2020.21172030316
3014296,64.5814812350535
3014297,43.1866104285117
3014311,118.375681209168
3014299,6.28774859700106
3014301,9.21843048165508
3014293,510.115594570366
3014295,107.904640819125
3014309,1.49781947127119
3014310,119.965049310112
3014312,1.91748411035556
3014300,0.746136320243307
3014302,7.19948174542678
3014303,0
3014304,110.17222775226
3014306,2.2419087519772
3014294,385.029088868927
3014308,27.8836522580979
3014313,3.05572982807075
3014305,4.04923708756557
3014307,2.64848687408282
3013828,0
3013829,247.419846543228
3013830,0
3013827,1275.19278479153
3013841,0
3013842,149.970407483058
3013843,0
3013831,685.413162205616
3013826,0
3013840,0
3013844,0
3013832,616.661719126948
3013833,150.755360965027
3013838,0
3013839,0
3013845,3.55862040436947
3013834,86.7744443502494
3013835,58.0273795465492
3013836,2661.98942042353
3013837,8.44848833263797
3013824,3.13855653343169
3013825,0
3013846,37.7101532989183
3013847,0
3013855,1.6209382619433
3013856,7.35461067226299
3013848,161.190178612457
3013854,255.315571013491
3013853,44.1817539950792
3013852,153.655109340766
3013850,0
3013851,0
3013849,158.023446879637
3014251,0
3014250,380.71949370962
3014225,388.651857570991
3014226,8.64548320721173
3014227,1002.31874248288
3014238,228.038294665983
3014239,8.16600531226246
3014240,4.52120692919468
3014228,981.34746392002
3014222,2.90145531743025
3014223,1913.94061815382
3014224,0
3014241,5.34114387859178
3014229,226.26916666767
3014230,130.240019893793
3014235,18.590601304893
3014236,14.6137773839234
3014237,1.08019670094468
3014242,56.2323340275934
3014243,3.0206188214492
3014231,87.0934653989003
3014234,1.50471632631468
3014248,230.621407571904
3014249,66.3125251028501
3014244,241.930815303574
3014232,3918.18138249021
3014233,12.6803610988733
3014247,6.16242157948487
3014245,241.851365610286
3014246,3.8669470551442
3014221,0
3014220,4.71066877365448
3014252,11.038556886638
3013371,281.424881454206
3013372,156.804155140046
3013373,105.541554001514
3013362,5.70847997011927
3013363,0
3013364,3.53898400957015
3013365,2443.23237690195
3013366,0
3013367,486.544606361129
3013368,10.4767645724502
3013369,1191.157977623
3013370,697.633124579278
3013384,70.396006840712
3013385,3.6604445925055
3013386,293.176463825893
3013374,4536.79178495864
3013375,15.3663080180103
3013376,1.82344448786516
3013377,22.5284519631222
3013378,17.8248219679385
3013379,1.30900335545092
3013380,271.001251779513
3013381,9.89572394086501
3013382,5.65999828069887
3013383,6.47250195534608
3013387,287.41673814468
3013388,4.68604159419116
3013389,7.46774223453402
3013390,279.47150374226
3013391,80.3588066804327
3013392,1808.21925686556
3013393,2.91009655593146
3013394,13.3767377657314
3013401,5.16578667440043
3013400,224.793599943343
3013399,0
3013398,1114.23412223154
3013397,1.73365662229808
3013402,606.740029064842
3013403,482.420763443563
3013395,2.81468477761426
3013396,0
3013427,6.59567877270754
3013404,132.586153875784
3013405,77.8200758842243
3013406,52.0394583161875
3013407,2310.90521255625
3013415,2.70147890491053
3013416,3.19140170801203
3013417,33.5995380278878
3013418,1.80485833842917
3013419,144.556753147069
3013420,143.572393224821
3013408,7.576677765854
3013413,134.494764882768
3013414,4.87929250617021
3013421,2.31055027108408
3013409,0.899087229820209
3013426,1.44424702655835
3013422,3.68212562726235
3013410,11.1081218005026
3013411,8.73191869825778
3013412,0.645431329832049
3013423,137.799237533958
3013424,39.6225809838367
3013425,228.969223133225
3013626,5.43675825218028
3013627,0
3013628,3.37052956637817
3013629,2208.95014060992
3013630,0
3013631,451.484663265821
3013632,9.97807411842921
3013634,1240.5876763203
3013635,262.849788391224
3013636,150.314856965072
3013637,100.517811688787
3013638,4702.08843106725
3013639,14.6348769479375
3013640,1.73664914630267
3013641,21.4561052610285
3013642,16.8663046809664
3013643,1.24669523798483
3013644,264.904928854425
3013633,1164.36222063405
3013658,12.7400095674807
3013656,439.40254529632
3013645,9.42469082459997
3013657,2.86319509404557
3013655,76.5337546320713
3013654,266.168754584983
3013649,3.48620866660186
3013648,64.8998307360721
3013650,279.221363198924
3013651,279.129667349275
3013653,7.1122802271845
3013646,5.21809328212316
3013647,6.32689944689287
3013652,4.46298759751039
3013659,4.87850815036754
3013660,0
3013667,1284.45851394692
3013668,237.399305750374
3013669,134.880423372026
3013670,90.1965731848022
3013671,4246.80779065638
3013672,13.132157649553
3013673,1.5583288094829
3013661,3.02444125670597
3013662,2034.38023137593
3013663,0
3013664,402.499378733572
3013665,8.95351855900658
3013666,1079.34210643116
3013680,5.67724903086224
3013681,58.9983922930194
3013682,3.12824234682105
3013683,250.550720289322
3013684,248.844593925981
3013674,19.2529775163526
3013675,15.0363405625213
3013676,1.1186837077213
3013677,234.632112547875
3013678,8.45695704495719
3013679,4.68229585084223
3013691,11.4318565637511
3013690,2.58596566394265
3013689,396.857307121107
3013686,6.38198636882613
3013687,238.838362565649
3013688,68.675215713529
3013685,4.00472494077004
3013734,390.217205183545
3013735,220.267838314383
3013736,148.257614292754
3013747,96.9766431209041
3013748,5.14194421021975
3013749,411.834404986963
3013737,6169.05112282117
3013725,8.01888535387415
3013726,0
3013727,5.00376521293981
3013728,3409.83604586018
3013729,0
3013730,687.924830762095
3013731,14.7170480453229
3013732,1651.63198988773
3013733,967.321889628607
3013750,417.089810989939
3013738,21.585546932587
3013739,2.56145109974678
3013740,31.646440810541
3013741,24.876766136501
3013742,1.83879910066115
3013743,380.684171644891
3013744,13.9008415884354
3013745,7.95078156595525
3013746,9.15146269021412
3013751,6.58263329362606
3013752,10.4901776207443
3013753,392.582606913688
3013754,112.882599451612
3013755,2556.63902137007
3013756,4.08790619794902
3013757,18.7907336302693
3013766,1457.45938670717
3013765,1273.45704800502
3013764,10.2257440537402
3013762,0
3013763,456.71112870469
3013761,2384.69317290078
3013760,3.43179655182907
3013759,0
3013758,5.57170629412078
3013767,271.131904528972
3013779,6.31742251388811
3013768,154.045884662297
3013769,103.012806176008
3013770,5142.65023956616
3013771,14.9981353266547
3013777,0
3013778,0
3013780,66.9447550967351
3013781,0
3013782,286.152032999543
3013783,286.058061129003
3013784,0
3013772,0
3013773,22.1321642250596
3013774,17.2849502572261
3013775,0
3013776,269.720174085885
3013790,13.0562346534031
3013785,0
3013786,274.555447803208
3013787,78.4334308455228
3013788,450.309138961329
3013789,3.01160725803728
3014090,11.3335185169813
3014089,0
3014088,18.2812816532114
3014098,502.161860865591
3014099,337.994507280189
3014100,15606.5823865685
3014101,49.2102637335485
3014111,11.7224933645812
3014112,938.891182477376
3014113,975.936177028673
3014114,15.0069452236832
3014102,5.83954089988028
3014091,7623.45308303045
3014092,0
3014093,1588.85118266378
3014094,33.5516083030677
3014095,3864.60509846444
3014096,2308.00769786248
3014097,901.256998187995
3014115,24.0713405651872
3014103,72.1468723205621
3014104,57.4561020759243
3014105,4.19205447882077
3014106,884.976739570831
3014107,31.6908384495218
3014108,18.4831870389465
3014109,20.7280452705471
3014110,225.441664865746
3014116,895.001348993443
3014117,257.347312407275
3014118,6467.83382490129
3014119,9.31952026730367
3014120,43.118254526927
3014455,0
3014454,2712.25910851055
3014453,4.19269243435788
3014452,0
3014451,6.76292990239015
3014460,331.247108522732
3014461,185.768455905344
3014462,125.03681106665
3014463,5169.09424585554
3014464,18.204717285216
3014465,2.16026460929741
3014459,826.497411537119
3014473,82.3214153587377
3014474,4.33658878024942
3014475,347.330968009634
3014476,347.216905074563
3014477,5.55163037920535
3014478,8.84715677827223
3014466,26.8639923465105
3014456,568.967508646303
3014457,12.4119949230276
3014458,1438.99130271578
3014472,7.66807928664312
3014479,331.094476886635
3014467,20.9804502938838
3014468,1.55079775723959
3014469,323.154718558419
3014470,11.7236265513385
3014471,6.74924982608013
3014480,95.20239704163
3014481,1773.97006013412
3014482,3.44763914736837
3014483,15.8476407565298
3014690,1671.54703808974
3014712,4684.25147926631
3014616,22.0429197503511
3014648,51.9904590029279
3014646,8268.83899545214
3014647,12.0705994967579
3014645,310.30024387626
3014644,1079.16082069951
3014625,1086.70366018952
3014618,13.665553865314
3014619,9683.05980294845
3014623,4751.62329947944
3014624,2801.07368238796
3014638,273.603383105699
3014626,605.488926363252
3014628,18695.8617904904
3014629,59.335987210813
3014617,0
3014631,87.5598055894233
3014632,69.2785260493537
3014620,0
3014621,1915.78029260086
3014622,40.4553369588185
3014636,21.7140151739997
3014637,25.9878068393874
3014639,14.1345659134405
3014627,407.541765471782
3014641,1184.42808648215
3014642,18.0948412446484
3014630,7.04111089565442
3014633,5.05463031633308
3014634,1067.07350290511
3014635,40.2526624837984
3014640,1132.08162218897
3014643,28.8361952137501
3014649,17.9787848239019
3014650,0
3014651,11.2187185753076
3014652,7645.04115571207
3014653,0
3014681,42.1298649018158
3014680,9.90934287216072
3014654,1624.74690484581
3014655,32.9964363341411
3014656,3850.42277968955
3014657,2225.95585420143
3014679,6360.81183040179
3014678,253.089036236531
3014677,880.191934892504
3014659,493.852685743541
3014660,332.401777584548
3014661,15448.499550685
3014662,48.3959910238301
3014658,880.597695617859
3014672,11.5285235356789
3014673,923.355531796329
3014674,978.699830309256
3014675,14.7586282055496
3014663,5.74291514680968
3014669,17.9424172802629
3014670,20.786742889982
3014671,221.711325269771
3014676,23.5195588769397
3014664,71.4160792555553
3014665,56.5053870750753
3014666,4.1226893647007
3014667,864.690625546657
3014668,32.1967048184997
3014682,13.5889903513291
3014683,0
3014684,8.47949736132647
3014685,5816.09489208417
3014691,669.929651802781
3014692,373.271021778128
3014693,251.240814805011
3014694,11229.6018485472
3014695,36.5793718267056
3014686,0
3014687,1181.03773031269
3014688,24.9398532417375
3014689,2986.99485695174
3014714,31.8432159493038
3014713,7.53870087666212
3014711,191.293488694138
3014709,18.0096647391777
3014710,665.279651974616
3014696,4.34069484021789
3014700,657.828078102289
3014704,166.490682358384
3014708,11.2278770476378
3014699,3.11607188957315
3014701,24.9768394813532
3014702,14.0097959457686
3014703,15.6094823011428
3014705,8.71365871641883
3014706,697.904198494298
3014707,725.440783897444
3014698,42.4318443796545
3014697,53.9787544841909
3014723,2100.41142383676
3014724,820.192452806836
3014725,462.97809574172
3014715,16.8547905110367
3014716,0
3014717,10.5173488220239
3014718,7074.45928485771
3014719,0
3014720,1503.48514709332
3014721,30.9335712880515
3014722,3609.70276724777
3014736,19.8711897098923
3014726,311.62074531508
3014727,14388.7984282895
3014728,45.370379492847
3014729,5.38388064990086
3014730,67.3881956961871
3014731,52.9727938358372
3014732,3.86494784073112
3014733,805.376539838185
3014734,30.1838372379899
3014735,17.264069601459
3014747,39.4959978738025
3014746,9.3504536184383
3014737,207.850418031495
3014745,5587.62908856016
3014743,830.548904070896
3014744,237.266463122457
3014738,10.8077854537253
3014742,22.0491674863251
3014741,13.8359510429264
3014739,865.629363055941
3014740,893.950221218254
3014748,11.3494691938612
3014749,0
3014750,7.0820415346302
3014751,4702.14310409585
3014752,0
3014756,1387.01820755696
3014757,548.710359663827
3014758,311.754431573174
3014759,209.835301530783
3014760,9019.94556727414
3014761,30.5509418245618
3014762,3.62533058713863
3014763,45.0828350968253
3014764,35.438902977696
3014765,2.60253050463813
3014753,980.002834755711
3014754,20.8296634811307
3014755,2462.48296230742
3014769,13.2076776333345
3014770,139.05233734356
3014771,7.2776121412245
3014772,582.886733766993
3014773,594.177123487524
3014774,9.31668062125362
3014775,14.8471941536425
3014776,555.63884587276
3014777,159.767539809019
3014778,3525.58961261288
3014766,545.853332857925
3014767,19.6744517990234
3014768,11.1076392771317
3014779,6.21491611326617
3014780,26.5953237956891
3014813,34.5544577663801
3014812,8.18057200851564
3014811,5789.26419009336
3014785,0
3014786,1323.96021234335
3014798,3.38138505472195
3014799,709.209862672713
3014787,27.0633188216084
3014788,3117.25861111086
3014789,1849.60999454337
3014784,6311.29737755571
3014800,26.0660870474476
3014801,14.6207674078225
3014802,17.049060825769
3014790,726.969785228963
3014791,405.052610828645
3014781,14.7460041074468
3014782,0
3014783,9.20147116794253
3014797,46.0446387356312
3014803,180.666276333636
3014804,9.45556983272372
3014792,272.632328914017
3014793,12588.5445200785
3014794,39.6938663770311
3014795,4.71027664956473
3014796,58.5746928034934
3014810,207.580879600498
3014805,757.32618182297
3014806,782.103677011322
3014807,12.1048666120073
3014808,19.290486826652
3014809,721.923868292313
3015075,3365.23204073532
3015083,1050.88309845513
3015012,9.13703178067289
3015013,0
3015014,5.66452182297139
3015015,3910.65432342326
3015016,0
3015017,788.963509514238
3015018,16.7691804750442
3015019,1969.59992545624
3015044,21.5506149630634
3015043,4.65792029674353
3015020,1123.92297110004
3015021,447.530197933671
3015022,250.981794865828
3015042,2541.20521551451
3015041,128.622851326344
3015040,447.323985518359
3015039,11.9529189002979
3015025,24.5954168968093
3015023,168.930527590742
3015024,7167.76735972679
3015038,7.5005099774021
3015026,2.91861762205126
3015033,10.702391797102
3015035,5.85893245630783
3015036,469.260237636693
3015037,481.471197963598
3015027,36.531340173886
3015028,28.5305310097265
3015030,433.766442743569
3015034,110.498982224578
3015029,2.09519965426324
3015031,15.8391628969069
3015032,9.17805284243616
3015045,9.45013475486043
3015046,0
3015047,5.89686140370105
3015048,3940.7881951941
3015049,0
3015050,795.042933380769
3015053,1170.02250077593
3015054,465.886377290259
3015055,259.582306314813
3015056,174.719349594362
3015057,7365.32587684772
3015058,25.4382396390989
3015059,3.01863126761101
3015051,17.34381788547
3015052,1933.8041267592
3015076,4.81753544676674
3015077,22.2891000425154
3015073,462.652647347847
3015074,133.03043119095
3015061,29.7007571682546
3015062,2.16699684825508
3015060,37.5382195870967
3015072,12.3625152055031
3015067,115.78191926242
3015068,6.05970325602358
3015065,9.6168539455814
3015066,10.8552370253895
3015069,485.34059935578
3015070,491.534015613518
3015064,16.3819309566779
3015071,7.75753348768643
3015063,451.558079282586
3015086,1477.69375245583
3015087,596.100979811268
3015088,334.302566676148
3015089,225.01197345302
3015078,12.1703376044203
3015079,0
3015080,7.59426145247357
3015081,5108.25440453063
3015082,0
3015084,22.3362020215838
3015085,2572.77086192772
3015099,13.9798958218076
3015100,149.109518802009
3015101,7.8039770142411
3015090,10122.8917827874
3015091,32.7605872827103
3015092,3.8875383878722
3015093,48.3435228485878
3015094,38.0020780004534
3015095,2.79076266266093
3015096,577.767942191495
3015097,21.097437817226
3015098,12.3047514138654
3015110,28.5188728885647
3015109,6.20425362487635
3015108,4565.39166820878
3015102,625.044943856862
3015107,171.322981232914
3015106,595.826309133436
3015103,637.151928971079
3015104,9.99052436518764
3015105,15.9210410849822
3015112,0
3015113,5.14212494962914
3015114,3550.00365331833
3015115,0
3015116,679.888798205676
3015118,1883.45736058368
3015120,401.007149847859
3015121,229.322354567148
3015122,153.351316814718
3015123,7606.03780221106
3015124,22.3271638496876
3015125,2.64945514587222
3015126,32.9473262001376
3015127,25.7314598196031
3015129,406.779748552213
3015130,14.3784342719155
3015131,7.9607928448853
3015119,2155.59889824769
3015136,437.068677101106
3015137,6.80879352134089
3015143,19.4363288513893
3015111,8.29439104540452
3015139,406.070609027136
3015133,100.963047118857
3015134,5.31860653084549
3015128,1.90197491568491
3015132,9.65240234774798
3015140,116.760918850285
3015142,4.45420115756835
3015138,10.8505897618511
3015135,425.983843161324
3015117,15.2226832202981
3015141,674.732847221065
3013557,301.142547436509
3013558,1.93691647071257
3013559,8.67470082007642
3013556,52.1120035706253
3013529,2.28012203769083
3013530,1533.71641400466
3013531,0
3013542,14.6095097431151
3013543,11.4843043305948
3013544,0
3013532,301.476422131614
3013527,3.70190077322458
3013528,0
3013555,181.234896367009
3013545,176.888821822594
3013533,6.79409283638688
3013540,9.96492022941987
3013541,1.18248826218078
3013546,6.41729292211913
3013534,797.990382654944
3013535,664.040553585109
3013536,172.124852547549
3013539,3160.28276901923
3013553,3.03885817094956
3013554,4.84276740865674
3013547,3.55301130928586
3013548,4.19736254109913
3013549,43.903941914604
3013537,102.349720075008
3013538,68.4428013079924
3013552,192.548593185933
3013550,2.37376722669988
3013551,190.122446572348
3013923,4.26194537016732
3013924,0
3013925,2.62507186368698
3013926,1720.39815945999
3013927,0
3013955,9.98705888205298
3013954,2.17267514438398
3013929,7.82194182998144
3013928,358.558860471663
3013953,913.798559725162
3013952,59.9958037650231
3013951,208.65314194019
3013937,1.36138180978003
3013931,510.787298671995
3013932,206.051361256349
3013933,117.069823581803
3013934,78.7972174364337
3013935,3173.863478583
3013936,11.4724700194675
3013950,5.5754087968553
3013938,16.8197194426276
3013940,0.977300580802595
3013942,7.38813748230465
3013930,860.860457030796
3013944,4.83236341134255
3013945,52.5575874844965
3013946,2.73288422932959
3013947,218.88525127271
3013948,215.985329686042
3013949,3.49859391314589
3013939,13.1359956916068
3013941,201.017512129635
3013943,4.33713457132086
3013602,165.959528998972
3013603,96.1492875213915
3013593,3.47763649533756
3013594,0
3013595,2.14199031736609
3013596,1422.18101243725
3013597,0
3013598,281.376590828118
3013599,6.38250094962691
3013600,749.647450769438
3013601,627.883129829249
3013625,8.14918011207382
3013624,0
3013623,279.242765540283
3013622,48.9550143464565
3013621,170.255533155641
3013620,4.54938846567357
3013606,9.36123693903659
3013607,1.11085212375537
3013609,10.7885754670974
3013610,0
3013611,165.095410407634
3013604,64.2964785532278
3013605,2892.58515633848
3013619,2.85476157434752
3013608,13.724453294136
3013612,6.028527892657
3013614,3.94308277052341
3013615,41.5133447985266
3013617,178.604668057307
3013618,175.095812400991
3013613,3.33776688097361
3013616,2.22996240167103
3013800,254.951591965232
3013801,144.852903233852
3013799,1243.08710268611
3013802,97.497419601397
3013803,4681.01561800417
3013804,14.10309304869
3013794,2184.79357811295
3013795,0
3013796,432.258456059024
3013798,1221.05662891627
3013805,0
3013797,0
3013806,0
3013792,0
3013793,3.22699755939687
3013791,5.23920411401457
3013807,16.3595004405436
3013808,0
3013809,253.624109223885
3013823,12.2770789949622
3013822,0
3013810,0
3013811,0
3013812,5.94041829872761
3013813,63.3604803137503
3013819,256.497046467818
3013820,73.7527665440207
3013821,426.199233876242
3013814,0
3013816,268.987001754837
3013817,0
3013818,0
3013815,269.075365675106
3014817,2572.91467920163
3014815,0
3014816,3.92588535095818
3014814,6.37388603595162
3014823,312.191808866185
3014824,175.081951773135
3014825,117.843951592043
3014826,4967.73315666504
3014827,17.1574739007241
3014828,2.03599336765193
3014836,76.5830460484842
3014837,4.08712245565748
3014838,327.350429296591
3014839,331.527737919595
3014840,5.2322676504862
3014841,8.33821581190344
3014829,25.1544695139486
3014830,19.9025632794492
3014818,0
3014819,529.306556803827
3014820,11.6979833090135
3014821,1356.21198247144
3014822,758.947447480849
3014842,312.047957507675
3014843,89.7257901310363
3014831,1.46158666615206
3014832,306.552392587898
3014833,11.0492139715774
3014834,6.23807384042172
3014835,7.22696585549866
3014844,1556.47765635106
3014845,3.24931048163683
3014846,14.9359904033789
3016638,508.957037264183
3016661,24.6685286066559
3016629,10.4589651036767
3016660,5.80227135037697
3015640,0
3016637,1205.51362452144
3016659,850.816806774433
3015643,0
3016652,6.70659483038479
3015642,1906.66274419952
3016632,4505.65368312116
3015664,224.295810689399
3015661,53.178138290881
3016647,503.024490623283
3015641,2.74386604759115
3015668,62.7108351683656
3015639,4.45481411753262
3016630,0
3015644,367.542670712836
3016653,537.152170179249
3015669,364.755403147979
3015647,497.037315396154
3015662,2.85655732042426
3016636,2210.99213015135
3016634,874.211457397018
3016633,0
3015652,11.9916416018461
3015653,1.42298935786737
3015654,17.5808737837045
3016639,287.293499373876
3016631,6.48405713119997
3015657,210.114295967906
3015645,8.1759135475151
3015646,911.599479573449
3015660,5.11718238991206
3015648,213.979612336763
3015663,228.790616208922
3015650,82.3630821538033
3015651,3517.49228311728
3015665,3.65691819160604
3015666,5.82771660873528
3015667,218.095466189939
3015655,13.82004656419
3015656,1.02152703666901
3015670,2.27099670816146
3015658,7.72247795310209
3015659,4.27564267925327
3016642,28.1538483403594
3016654,540.479828331364
3015649,122.367664888392
3016643,3.34087924752319
3016644,41.5455375928547
3016645,32.6582894076483
3016646,2.39833028878453
3016635,19.1953226841932
3016648,18.3681494532437
3016649,10.0383083105764
3016650,11.8587912086568
3016651,128.141987877954
3016640,193.371166416929
3016641,8699.42768604997
3015671,10.5071303332924
3016655,8.58567355312955
3016656,13.6822509394934
3016657,512.042210958529
3016658,147.231830407243
3015953,1.19680199899294
3015942,9.57874762587416
3015945,250.694517712848
3015947,96.4950489086571
3015949,14.0491833550426
3015952,16.1913084631918
3015941,414.124958470418
3015943,1169.83258199333
3015944,571.066960363276
3015946,144.299196638405
3015948,4755.00743379368
3015950,1.66714775714072
3015951,20.7318327558477
3015940,0
3015939,2190.64457343628
3015954,261.006453391205
3015938,3.2146622192536
3015937,0
3015955,9.04751095143666
3015936,5.21917702578881
3015960,311.301386660982
3015961,267.958787106487
3015962,4.28437705979763
3015963,6.8276439453248
3015964,255.51657522305
3015965,73.4708433491368
3015956,5.00926311475382
3015957,5.9177107884307
3015958,62.7090713964263
3015959,3.34668920997868
3015966,421.817480768802
3015967,2.66065733208262
3015968,12.2301493203712
3015224,2.33105735967207
3015216,13.3933000563972
3015223,19.6440010292322
3015217,1657.11321773359
3015218,830.261125527502
3015221,134.922350443744
3015222,6520.12117487007
3015219,357.435846918374
3015220,201.763582668654
3015215,586.624063167538
3015227,1.67340542904696
3015225,28.9878873171349
3015226,22.6391863553688
3015213,3123.38261541173
3015214,0
3015212,4.49483976027588
3015210,7.29761412285514
3015211,0
3015235,382.05093945586
3015236,5.99054800876205
3015228,353.269473967975
3015229,12.6505085705369
3015230,7.00410602489574
3015231,8.27432555194798
3015232,87.1132942430421
3015233,4.67944396652385
3015234,432.449224499449
3015237,9.54662212740298
3015238,357.271148067543
3015239,102.729196843387
3015240,589.798198013863
3015241,3.8935110794515
3015242,17.1005715966262
3016136,4.68924449291212
3016134,7.56388223015233
3016135,0
3016149,29.8507761030368
3016137,3410.25970844516
3016138,0
3016139,636.351890422942
3016140,13.8819815071349
3016141,1568.08225469827
3016142,843.925609118314
3016147,20.3607518584404
3016148,2.41611066897451
3016150,23.4652225365246
3016151,1.73446298687777
3016152,366.159220207739
3016143,370.47761164269
3016144,207.769523390841
3016145,139.845263368425
3016146,6415.36141201175
3016166,17.7245202949375
3016153,13.1120877821417
3016154,7.25966489977746
3016165,3.85595250270757
3016155,8.57623093729547
3016164,615.307352312877
3016163,106.47747790445
3016162,370.306903423516
3016161,9.89494980849863
3016160,6.20912518386512
3016159,388.338754978636
3016158,388.466326699791
3016157,4.85018287751495
3016156,92.0709662498324
3016232,15.3571475583684
3016206,12.0278368531363
3016204,0
3016205,520.008213165493
3016219,11.3607738611772
3016207,1468.93477010414
3016217,1.50279971366098
3016218,323.504586700681
3016220,6.29002891108051
3016208,740.780997966844
3016209,316.846150281828
3016202,4.06292629738963
3016203,2786.76481378912
3016230,529.667555577245
3016231,3.38467788180132
3016221,7.52804375632259
3016222,78.7424942620365
3016210,181.193540428724
3016211,121.166852989596
3016201,0
3016215,25.8637619364564
3016216,20.4637652286601
3016223,4.20236897222789
3016224,380.855868363798
3016212,5779.70931410353
3016214,2.0934032314199
3016228,322.940620844982
3016229,92.2558304886027
3016225,334.288934322458
3016213,17.6412712720187
3016227,8.57333240974454
3016226,5.37980436538151
3016200,6.55361350206739
3016344,5423.94539471979
3016346,0
3016348,19.9684179748069
3016338,0
3016339,1351.87775583651
3016340,741.903036732896
3016341,313.224806283522
3016342,176.807557611563
3016343,119.7819952109
3016357,319.89371964134
3016345,17.3265777794273
3016347,0
3016349,0
3016337,534.523396549378
3016351,0
3016352,0
3016353,7.34581943152637
3016354,77.8425191203033
3016355,0
3016356,330.576791615981
3016350,305.572702419894
3016336,0
3016335,2809.19853888271
3016334,3.99044986148249
3016359,0
3016358,0
3016333,0
3016332,6.43670698834404
3016360,315.123498829276
3016361,90.6101265560053
3016362,523.61380229105
3016363,0
3016364,15.1816254190205
3015774,2978.40585930881
3015787,21.3093352833413
3015775,0
3015776,574.139945476675
3015777,12.5248313481356
3015778,1414.78115137999
3015779,791.723239037578
3015780,327.799277827729
3015772,0
3015773,4.23080785648012
3015788,1.5648959321162
3015789,326.092491529247
3015781,187.457261660759
3015782,126.173510433284
3015785,2.17990339720476
3015786,26.9324617749514
3015783,5825.94463272518
3015784,18.3702148729369
3015771,6.82441114196316
3015790,11.8302050761894
3015803,16.0960649366656
3015801,551.553607285122
3015802,3.47898135133026
3015791,6.54993514196512
3015797,5.6020997944279
3015798,8.92758555297131
3015800,96.0678742038838
3015795,350.488525276017
3015796,336.963109536145
3015799,334.104429547474
3015794,4.37601235221841
3015792,7.73778916483073
3015793,82.5312315389001
3016763,1.90159790558534
3016762,0
3016761,3.08734648439161
3016764,1312.81903456223
3016792,0
3016793,7.2346096561317
3016767,5.66620228850113
3016768,661.200929247008
3016769,333.44236530631
3016766,240.237250465866
3016780,5.35195510525741
3016781,2.96317423040281
3016782,3.50055641110326
3016770,146.378934096136
3016771,85.3585948973981
3016765,0
3016779,149.455047928896
3016783,36.6154278638098
3016784,1.97969701271388
3016772,57.080579665587
3016773,2485.78371671876
3016774,8.31063913437742
3016778,0
3016785,168.119153758277
3016786,154.437280815089
3016787,2.53437589643267
3016775,0.986182829503059
3016777,9.51569449982729
3016791,247.903762120745
3016788,4.03881731298247
3016776,12.184178157969
3016790,43.4608653430303
3016789,151.148005963535
3016372,978.08899758771
3016374,213.734140037292
3016375,123.024886953884
3016376,82.2685971935447
3016371,8.16653433480944
3016385,4.27073776411332
3016373,499.706843259983
3016387,53.4637516996066
3016388,2.85328034610714
3016389,260.276954081826
3016377,3949.854159307
3016370,353.069714783467
3016384,7.71361891087813
3016386,5.04525124001075
3016390,231.444393716647
3016378,11.9778850770712
3016379,1.4213569384701
3016369,0
3016383,221.083080115556
3016397,10.4270347487668
3016391,3.65272306241748
3016392,5.82103119146124
3016380,17.6752985501804
3016381,13.7146967043694
3016382,1.02035516525601
3016396,0
3016393,217.845272281253
3016394,62.6388947963723
3016395,359.628113639425
3016368,1892.12830309661
3016367,2.75860302335086
3016366,0
3016365,4.44970366119894
3015478,0
3015479,293.423634739142
3015480,6.87578073359164
3015481,823.498097189896
3015482,404.623145168865
3015477,1492.74905703858
3015491,0.859083927044028
3015492,177.855021259585
3015493,6.49445041424926
3015494,3.59573048160065
3015495,4.24782898717889
3015483,177.626813095678
3015484,103.580308707481
3015490,11.5470337233519
3015504,302.787443687098
3015505,1.90986307784192
3015506,8.77899996433854
3015496,44.4318152864244
3015497,2.40230791018366
3015485,69.2657144845257
3015486,3095.93963074847
3015487,10.0847321600127
3015503,52.7385655110234
3015498,213.51123908583
3015499,192.345172641003
3015500,3.07539548945055
3015488,1.19670575698591
3015489,14.8816465160489
3015501,4.90099379675468
3015502,183.413950722147
3015476,2.32259471912525
3015475,0
3015474,3.74641009876777
3015844,1137.59173985818
3015841,0
3015842,397.506762680898
3015856,0
3015857,0
3015845,558.952047697802
3015854,0
3015855,245.691403255967
3015858,5.68024218264775
3015859,60.5854427908006
3015847,138.50869246096
3015839,3.08566278305916
3015840,2130.26992927476
3015704,21.222641432532
3015680,1043.88609775192
3015681,437.862058116723
3015678,16.513974424825
3015679,1889.81193257403
3015693,10.2022653096821
3015694,108.81732527964
3015682,247.162164405057
3015677,757.002798068302
3015691,15.5981105564115
3015692,8.63608127025005
3015695,5.7697667983378
3015683,166.359615269055
3015684,7339.60135068587
3015690,427.165057497881
3015696,462.118681020351
3015697,453.039927562088
3015685,24.2211052714397
3015686,2.87419989534527
3015687,35.7421417999386
3015688,28.2796756465828
3015689,2.06331332392164
3015703,4.58703254865489
3015698,7.3863615532253
3015699,11.7710103552932
3015700,440.516271349956
3015701,126.665371656793
3015702,727.222739488808
3015672,8.99797753202053
3015676,0
3015675,3952.65035371521
3015673,0
3015674,5.5421493233423
3015744,4.78091771371239
3015745,529.607646271503
3015746,283.181431024822
3015747,120.336831708688
3015748,71.5552743128433
3015749,48.1623388183631
3015742,0
3015743,209.403310840335
3015741,1058.40152424243
3015740,1.61496340047487
3015738,2.60498103386635
3015739,0
3015750,1952.58401376345
3015751,7.01218908658603
3015752,0.832102123868471
3015753,10.2805283356501
3015770,6.10427790885388
3015754,8.02896721227618
3015769,1.32797984307596
3015756,121.277707840153
3015757,4.51576835116614
3015764,2.13840629040899
3015766,127.532718090537
3015755,0.597344465088105
3015758,2.50020938992921
3015759,2.9536312509803
3015763,127.790020339363
3015765,3.40779454225839
3015767,36.6705617611698
3015768,211.910224670603
3015760,31.5034203520482
3015761,1.67039015445581
3015762,133.78677543586
3015804,5.64189556908723
3015805,0
3015806,3.47502842714516
3015807,2446.35194501238
3015816,5008.123321617
3015817,15.1870735421413
3015818,1.80217561074284
3015819,22.4109729917806
3015820,17.5026965026924
3015808,0
3015815,104.310504546323
3015829,284.064274536834
3015830,4.63138303807926
3015831,7.3806375855993
3015821,1.29373498193856
3015809,447.666319172142
3015810,10.3545623229089
3015811,1264.58122196469
3015812,633.591366862266
3015813,270.999102289467
3015814,155.986469536166
3015828,336.514723561778
3015822,273.117959694737
3015823,9.78029901954972
3015824,5.41498003073584
3015825,6.39700590944046
3015826,67.788088103718
3015827,3.61774872390672
3015836,13.2207098780001
3015835,2.87615283761478
3015834,455.981884491332
3015833,79.4214918368187
3015832,276.211714309766
3015869,11.7393722933316
3015843,0
3015846,240.634533417048
3015867,404.890595925278
3015868,0
3015860,0
3015848,92.6228514409986
3015849,4564.19632014513
3015838,0
3015852,20.029753900158
3015853,15.4408165295279
3015861,294.94739912546
3015862,255.538487120544
3015850,13.4854112980787
3015851,0
3015865,246.863563844124
3015866,70.522571735403
3015863,0
3015864,0
3015837,5.00973950240197
3015911,298.932292364878
3015908,213.977250578924
3015910,570.081185314845
3015912,126.206532029048
3015907,0
3015909,4.94931309753541
3015906,1117.27097620514
3015913,74.5590062271966
3015905,1.6610073098624
3015904,0
3015914,49.8587318576892
3015903,2.69673471115542
3015915,2171.28180046866
3015916,7.25917519749282
3015917,0.861410755583024
3015918,10.7120821428957
3015919,8.31176668643065
3015920,0.618384369243862
3015921,128.858728271331
3015922,4.67482453876156
3015923,2.58827275873547
3015924,3.05766522478285
3015925,31.9828356756664
3015927,156.717700828695
3015928,133.154362326943
3015929,2.21372608665024
3015930,3.52782523600735
3015931,132.024726173264
3015932,37.9621868617371
3015933,217.951956130372
3015934,0
3015935,6.31928521142166
3015926,1.72922530034988
3015980,35.4450089002822
3015982,5.16061118879341
3015974,151.132081637361
3015979,53.00465015561
3015993,110.689675148087
3015981,1594.60842830396
3015983,0.612384446230764
3015984,7.56594109208393
3015985,5.90890769180623
3015987,90.4228313937016
3015975,3.51851000328585
3015977,205.71345230784
3015978,88.5617305054948
3015992,1.22932140224586
3015994,95.2783134570277
3015986,0
3015988,3.32337368420467
3015976,405.2757046658
3015990,2.17372097260427
3015991,22.7368778334748
3015989,1.84002575981259
3015973,0
3015972,794.277716662598
3015971,1.18082463568369
3015970,0
3015995,1.57375725215128
3015969,1.91713231117536
3016000,0
3016001,4.49243517066548
3015996,2.50796183998083
3015997,93.857533473286
3015998,26.9876509300133
3015999,154.943953386643
3016035,5.21491715583686
3016067,12.2201671248372
3016066,2.65848571495498
3016041,9.57092949305607
3016042,1168.87776964644
3016040,413.786951451644
3016054,9.04012641171871
3016055,5.00517457563769
3016043,570.600857954222
3016038,2146.55937183729
3016039,0
3016053,247.570121040247
3016056,5.9128807782112
3016044,247.252460496502
3016045,144.181420251666
3016050,20.5806118707425
3016051,16.28366401685
3016052,1.19582517432332
3016057,63.0667652184777
3016058,3.34395765656831
3016046,96.4162900627076
3016063,256.974046978791
3016064,73.4108767612283
3016065,418.740685120974
3016059,309.030710846656
3016047,4689.72077415474
3016048,14.0377164717145
3016049,1.66578703827623
3016060,271.245779789748
3016061,4.28088016957726
3016062,6.82207125155688
3016037,3.21203842570803
3016036,0
3016687,533.684294387559
3016688,8.7579670197635
3016671,515.804654972894
3016674,8479.02692060076
3016669,2183.19299449014
3016670,1229.70533413606
3016672,293.058777152284
3016673,197.251652718074
3016675,28.7188272088931
3016679,2.44645891107967
3016668,19.5805258564255
3016682,10.2397526034751
3016683,12.0967681402026
3016676,3.4079225218335
3016677,42.1045002127017
3016678,33.0976810743518
3016680,503.203511276686
3016681,18.4945912597558
3016667,885.973286821772
3016666,0
3016665,4536.66949081924
3016664,6.57129503378318
3016663,0
3016662,10.6688509494365
3016686,547.931500296733
3016689,14.1395662064633
3016690,522.317645616396
3016691,150.186413096971
3016692,867.890618887423
3016693,5.43881848867246
3016694,25.1635656336402
3016684,128.187592143404
3016685,6.84117978350301
3015346,0
3015345,1537.71524885377
3015342,3.71155268128578
3015343,0
3015344,2.28606696426349
3015347,292.590490264884
3015348,6.81180696851336
3015349,815.836091106042
3015350,414.109350465883
3015362,3.56227502017343
3015363,4.20830625888843
3015351,175.974134446827
3015352,102.616574901426
3015360,179.672183435381
3015361,6.43402462971487
3015364,44.3056559829312
3015365,2.37995631291108
3015353,68.621251154745
3015354,3273.26223846528
3015359,0.851090822630046
3015373,1.8920932948009
3015374,8.6973182320231
3015366,210.153319541221
3015367,186.873278121534
3015355,9.9909016102789
3015358,11.5142471778876
3015372,299.970243205928
3015368,3.04678133839077
3015356,1.18557134535593
3015357,14.6476008896633
3015371,52.5888200943842
3015369,4.88707795829889
3015370,181.707427281361
3015255,3057.99410610034
3015256,9.76864051396202
3015258,14.3217452302702
3015253,100.333730636959
3015257,1.15919670998673
3015259,11.2580972025553
3015260,0.832157158113886
3015250,787.377062503458
3015251,404.896928822683
3015252,173.182132790269
3015254,67.0946787684653
3015261,175.675133116428
3015249,6.66026912500552
3015263,3.48302740246579
3015264,4.2231449218568
3015262,6.29089106442593
3015248,286.081419745037
3015247,0
3015246,1427.27271817218
3015245,2.23521031793157
3015265,43.3200168428486
3015266,2.32701097124645
3015267,210.894328889999
3015244,0
3015243,3.62898418044781
3015268,187.532201075628
3015269,2.97900157366845
3015270,4.74737908771531
3015271,177.665100215011
3015272,51.085549871319
3015273,293.297000117557
3015274,1.87422442368532
3015275,8.50383464458817
3015288,2389.44659277995
3015287,55.5868372539641
3015301,151.377223866577
3015289,8.09315791369886
3015282,5.51792336910763
3015283,635.575934022803
3015285,140.70598458681
3015286,83.1248447473162
3015300,172.464290997422
3015302,2.46805378152642
3015290,0.960375398557662
3015291,11.8653302455625
3015292,9.32714826979509
3015294,145.543956888293
3015295,5.211899724379
3015296,2.88563088646847
3015284,326.835459114369
3015298,35.6572382686739
3015299,1.92789029653513
3015303,3.93312545160785
3015304,147.192611882699
3015305,42.3235374078718
3015293,0.689428511572797
3015297,3.4089503060816
3015306,241.416365432588
3015281,238.560391747048
3015279,1190.188230611
3015280,0
3015278,1.85183496592938
3015277,0
3015276,3.00655367517124
3015307,1.57309546912788
3015308,7.04528706448649
3016106,365.486591701304
3016107,8.50890304054402
3016108,999.400943851172
3016109,507.2848335897
3016103,2.85561852134429
3016104,1984.31751108011
3016105,0
3016110,221.250815636643
3016111,128.182505791046
3016102,0
3016112,85.7175746898735
3016113,4115.44538820788
3016101,4.63625026970256
3016114,12.4800384806018
3016133,10.8641712677879
3016132,0
3016131,374.704938981074
3016115,1.48094502265125
3016130,65.264928859398
3016116,18.2969095164968
3016117,14.3829109184057
3016118,0
3016119,222.980706714411
3016124,2.97289949655028
3016125,274.739497041783
3016127,3.80585755203276
3016129,226.978081973048
3016120,8.03699987210061
3016121,4.44978151766724
3016123,54.9851751875252
3016126,238.030630663243
3016128,6.06506848235542
3016122,5.25676521476814
3016167,7.1354055581291
3016168,0
3016169,4.39493018792613
3016170,3217.0762761616
3016171,0
3016177,195.999853898173
3016178,131.923348242956
3016179,6416.79602532579
3016180,19.2073617168782
3016181,2.27924351171562
3016182,28.3435556880582
3016183,22.1359712136187
3016184,1.63620961569197
3016172,584.887098169109
3016190,4.57543108275838
3016191,366.460595543125
3016192,368.730819244877
3016193,5.85739240775809
3016194,9.33442347628246
3016195,349.329862166365
3016196,100.445771699923
3016185,338.742335670678
3016173,13.0955989252441
3016174,1488.90690667754
3016175,811.806400016892
3016176,347.225068306915
3016186,12.3693179233287
3016187,6.84842144547558
3016188,8.09040702059483
3016189,86.2922523264772
3016199,16.8295767684435
3016198,3.63752159043694
3016197,576.68839012772
3016274,533.164906556621
3016273,1050.38722934103
3016283,1.11736953851075
3016291,245.339866184191
3016269,2005.72801626542
3016271,386.639238672095
3016275,234.055773469369
3016276,134.721973134235
3016277,90.0906151212688
3016270,0
3016272,8.94300044889635
3016268,3.00130317581172
3016267,0
3016266,4.8727771424335
3016278,4468.38435084798
3016279,13.116730699887
3016280,1.55649816894778
3016281,19.3558486853933
3016282,15.0186766815957
3016284,238.974392441778
3016285,8.44702226849918
3016286,4.67679534252215
3016287,5.52494880378946
3016288,57.7903454818593
3016289,3.1245674566381
3016292,4.00002040616606
3016293,6.37448915586935
3016294,240.114507076181
3016295,68.5945397785925
3016296,396.391100587124
3016297,2.48406792250179
3016298,11.418427035984
3016290,267.074960581831
3016306,1200.73220036075
3016309,155.0100868545
3016315,17.5066396846113
3016316,1.29402644745005
3016317,266.163739391965
3016305,10.3568951019137
3016307,646.221619141023
3016308,272.828970161697
3016310,104.334004656458
3016312,15.1904950374397
3016314,22.2706936074627
3016304,468.625432329726
3016318,9.78250242279385
3016311,4848.96270943225
3016313,1.80258162282686
3016319,5.4161999714087
3016320,6.3984470906912
3016303,0
3016302,2495.11845895835
3016301,3.4758113161851
3016321,67.3637749216547
3016300,0
3016299,5.64316663155425
3016323,289.822097384846
3016324,280.456072894535
3016325,4.63242644221143
3016326,7.38230036919798
3016327,276.273942037789
3016328,79.4393847020999
3016329,459.060812036479
3016330,2.87680080599288
3016322,3.61856376639763
3016331,13.2236883712933
3016710,43.4084297503781
3016711,34.1226794418285
3016700,919.371395388623
3016704,535.248694790245
3016707,9389.97372139404
3016708,0
3016709,0
3016712,0
3016713,515.423744879893
3016701,0
3016702,2280.27533223699
3016703,1211.35940148164
3016717,131.30061159959
3016705,0
3016706,0
3016720,546.644749952013
3016721,0
3016699,0
3016714,0
3016715,0
3016716,0
3016718,0
3016719,0
3016724,0
3016725,894.768225977463
3016696,0
3016723,0
3016698,4926.98344104391
3016722,0
3016697,0
3016695,0
3016726,0
3016727,0
3016736,515.006336705154
3016737,230.539196916237
3016735,963.168004378854
3016749,5.33677968848267
3016750,56.5530338465232
3016738,129.289915398154
3016739,87.0223022831142
3016740,3692.37950516747
3016733,380.830168205337
3016734,8.63841907766213
3016748,4.51751270057808
3016751,3.01815070692474
3016752,241.733136286637
3016753,235.447639347912
3016741,12.6700001148321
3016746,222.000310085269
3016747,0
3016754,3.86378741509814
3016742,1.5034868391004
3016732,0
3016759,0
3016760,11.0295374028199
3016755,6.15738633236989
3016743,18.6966257581791
3016744,14.6018366266314
3016745,0
3016756,230.432969348042
3016757,66.2583418655619
3016758,382.890783143131
3016731,1950.05947806671
3016728,4.70681973784181
3016729,0
3016730,2.9180026688967
3016072,0
3016073,181.838860958212
3016071,955.657817437963
3016070,1.43001384993682
3016068,2.3217044041047
3016069,0
3016075,503.737878923385
3016074,4.26102054766735
3016099,0
3016100,5.44047297105665
3016097,32.6828501378906
3016098,187.641748496022
3016076,255.691759803393
3016077,108.655204394606
3016085,0
3016086,110.93856421891
3016087,4.02470464564502
3016088,2.22832607083019
3016089,2.63244092542367
3016090,27.7147181935416
3016078,64.1902121136658
3016082,0.741615827729447
3016083,9.16258030407859
3016084,7.15586343808683
3016091,1.48874488057872
3016079,42.9249628664718
3016080,1969.17037983695
3016081,6.24965405624407
3016095,3.03721658399268
3016096,113.66427218043
3016092,135.803684152736
3016093,115.384879113132
3016094,1.90586696703853
3015619,8.3973028760063
3015620,0
3015621,0
3015622,9.67766721298178
3015623,0
3015611,245.920844908092
3015616,86.2487183998605
3015617,57.6758186752682
3015618,2769.11336837308
3015624,151.013572303425
3015612,0
3015613,672.455652530983
3015614,341.331030243086
3015615,149.842004434622
3015629,0
3015625,0
3015626,0
3015627,3.53706038046878
3015628,37.2386824454403
3015610,0
3015609,1292.4419822525
3015608,1.9214278593238
3015630,174.349934859719
3015631,155.036065757318
3015632,0
3015633,0
3015607,0
3015606,3.11954148091545
3015634,152.724184585268
3015635,43.9140773215742
3015636,253.768732860562
3015637,1.61111775183041
3015638,7.31005251099364
3016009,1009.29067560289
3016010,505.683500284042
3016013,86.5658066485349
3016014,3971.18159168248
3016015,12.6035366957913
3016005,1914.75877547387
3016006,0
3016007,371.511921997342
3016008,8.59310425036889
3016022,4.49381504178411
3016023,5.30878437502178
3016011,220.552398738437
3016012,129.450956261637
3016026,277.458225640213
3016027,241.954750461029
3016028,3.84351902364377
3016016,1.49559995078913
3016004,2.88387675077173
3016018,14.4310687632206
3016019,1.07365229214479
3016020,225.18724793171
3016021,8.11653128870845
3016024,55.5292897756408
3016025,3.00231829861025
3016029,6.12508633676646
3016017,18.477969508602
3016031,65.9107683927561
3016032,378.412891585449
3016030,229.22417985603
3016033,0
3016002,4.68212902515432
3016003,0
3016034,10.9716794107452
3015155,104.902126872957
3015144,5.67389494822672
3015145,0
3015146,3.49473789372408
3015147,2412.68588601786
3015148,0
3015149,444.386715534512
3015150,10.4132907345813
3015151,1191.66716511267
3015152,653.98035048288
3015153,279.719859147542
3015154,155.854151782454
3015168,291.400244153953
3015156,4598.15977438842
3015157,15.2732107133001
3015158,1.81239708682972
3015159,22.5380822607962
3015160,17.7168296720526
3015161,1.30107271367891
3015162,271.117097410138
3015163,9.83577035761186
3015164,5.44569240336211
3015165,6.43328808002428
3015166,68.6174276371027
3015167,3.63826766326498
3015169,283.823312953253
3015170,4.65765105030332
3015171,7.42249866181042
3015172,277.77831604153
3015173,79.8719500911392
3015174,464.572434372637
3015175,2.89246563603279
3015176,13.3824559556364
3015182,220.543951108634
3015183,5.13448957847269
3015184,603.064073767086
3015181,0
3015180,1093.16989380009
3015185,310.116719142446
3015179,1.72315320412894
3015178,0
3015177,2.79763191325037
3015189,2388.31575212701
3015190,7.53077420347373
3015191,0.893640078969298
3015192,11.1128702190673
3015193,8.62274796303071
3015194,0.641520961960176
3015195,134.552257719982
3015196,4.84973114499711
3015197,2.6851119022132
3015186,131.782876110347
3015187,77.3486002826239
3015188,52.0617037627542
3015202,140.858204503621
3015203,2.29655172293683
3015204,3.65981734272836
3015205,136.964376122192
3015206,39.3825262165539
3015207,226.106537474138
3015208,1.43549700636152
3015209,6.55571862640863
3015198,3.17206649119122
3015199,33.1794601049765
3015200,1.79392354221822
3015201,161.527175696993
3015411,2209.89440644033
3015412,0
3015413,428.775743902591
3015414,9.91762161379789
3015415,1164.85995366974
3015424,16.6554338579304
3015425,1.23914209208176
3015426,265.018168473567
3015427,9.36759101165405
3015416,610.815205280329
3015417,261.257303923634
3015409,0
3015410,3.35010909727731
3015418,149.404169243275
3015408,5.40381946564509
3015422,1.7261275978241
3015423,21.3261127106357
3015419,99.9088210755157
3015420,4613.19700076487
3015421,14.5462110434781
3015439,2.82739802305614
3015440,12.6628237821037
3015438,436.740409889301
3015434,4.43594843391973
3015437,76.0700722519413
3015428,5.18647928481665
3015433,275.639851186158
3015435,7.06919023323677
3015436,264.556162046755
3015431,3.4650873517006
3015432,312.000907670504
3015429,6.24779744329052
3015430,64.0884211842421
3015441,4.84895154124101
3015442,0
3015443,3.00611757551178
3015452,89.6501141493745
3015453,4446.53604126883
3015454,13.0525960215568
3015455,1.54888762088736
3015456,19.2612076381957
3015444,2075.35376520575
3015445,0
3015465,281.791358204256
3015466,247.33696040991
3015467,3.98046217721912
3015468,6.343320885293
3015469,237.391352145826
3015457,15.0427681872769
3015458,1.11190612406945
3015446,384.748753629028
3015447,8.89927335940888
3015448,1031.74204018735
3015449,544.542839767739
3015450,235.961013905675
3015451,134.063245696075
3015459,236.264167628914
3015460,8.40572028034117
3015461,4.65392800066908
3015462,5.53381139124086
3015463,58.2607654224063
3015464,3.10928978315851
3015473,11.362596268261
3015471,394.45293350031
3015472,2.57029850218173
3015470,68.2591445612502
3015507,7.97030266163922
3015508,0
3015519,6938.25702326409
3015520,21.4547701553829
3015521,2.54593246031472
3015509,4.9091706826165
3015510,3593.49884147443
3015511,0
3015512,670.544174492651
3015513,14.6278843044487
3015514,1652.33801743621
3015515,895.074163613231
3015516,387.853060848316
3015517,218.933338053332
3015518,147.35939044632
3015532,409.204865734874
3015533,6.54275218381007
3015534,10.4266225194618
3015522,31.454709762349
3015523,24.8874002743216
3015524,1.82765867317691
3015525,383.332136281349
3015526,13.8166228624037
3015527,7.64973920966771
3015528,9.09601823930133
3015529,95.7641935098611
3015530,5.11079156467985
3015531,409.339292104526
3015535,390.204131710865
3015536,112.198696347151
3015537,652.599835561227
3015538,4.06313947789555
3015539,18.6768893254137
3015547,1265.74176475712
3015548,617.886108944788
3015546,10.1637910323024
3015545,439.418565302279
3015549,269.489242576405
3015543,2264.74711631111
3015544,0
3015542,3.43326355108871
3015550,153.112592381096
3015541,0
3015540,5.53794992024022
3015552,4947.93283564316
3015553,14.9072686088358
3015554,1.78051603511846
3015555,22.1416251205532
3015556,17.0688453216268
3015557,0
3015558,268.086065150678
3015559,0
3015560,0
3015561,6.32012303940316
3015551,102.388699552974
3015565,288.0478250495
3015566,0
3015567,0
3015568,271.122820778949
3015569,77.9582392118305
3015570,447.580925582126
3015571,2.91648631541472
3015572,12.9771330074858
3015562,66.1077788964225
3015563,0
3015564,334.639846413973
3015872,11.2648540059238
3015871,0
3015870,18.1705238806503
3015881,335.94675595321
3015882,16771.2804758699
3015883,48.9121216611454
3015884,5.80416184084496
3015873,8086.49912518858
3015874,0
3015875,1508.93463992611
3015876,33.3483347322107
3015877,3841.19125578897
3015878,2108.02451999686
3015879,889.989040649596
3015880,499.119495990431
3015894,933.202878012671
3015895,957.486425618911
3015896,14.9160251308006
3015897,23.7703888456153
3015885,71.7097680175345
3015886,57.1080023088133
3015887,4.16665677283184
3015888,885.355042946959
3015889,31.4988384167097
3015890,17.4397102457621
3015891,20.8722254990608
3015892,221.179764577513
3015893,11.6514722360546
3015898,889.578952591804
3015899,255.788164879355
3015900,1487.78301150924
3015901,9.26305763379003
3015902,42.8570211014638
3016236,2858.34856372176
3016234,0
3016235,4.14027333479261
3016233,6.7219564593797
3016242,329.240236542788
3016243,184.642971337112
3016244,124.279271253819
3016245,5554.85674288677
3016246,18.0944233805071
3016247,2.14717657199197
3016248,26.7012359265373
3016237,0
3016238,565.520399460375
3016239,12.336796425636
3016240,1411.78764694318
3016241,749.989360864832
3016255,79.7213118405753
3016256,4.31031540823287
3016257,345.226651414769
3016258,338.44435114399
3016259,5.51799563594458
3016260,8.79355597517491
3016261,329.088529630699
3016249,20.7181424022133
3016250,1.54140219578263
3016251,321.196874600916
3016252,11.652598557361
3016253,6.45160115944963
3016254,7.62162196501099
3016262,94.625610050497
3016263,546.818301175489
3016264,3.42675150722362
3016265,15.8544151899514
3016398,21.9093719642273
3016430,51.6754730220307
3016429,12.0757593482403
3016428,1805.62215737062
3016405,4722.83542657845
3016402,0
3016403,1867.37744789385
3016404,40.2102369108697
3016418,21.0281828544105
3016406,2541.78105274695
3016401,10473.5962229175
3016415,5.02400666501711
3016416,1060.60860145111
3016417,39.2356651909607
3016419,25.8303588193918
3016407,1080.11982875363
3016408,601.820550914168
3016400,13.5827606380311
3016414,68.8587997206915
3016420,270.182659261783
3016421,14.0489311605611
3016409,405.07265969323
3016399,0
3016413,87.5972350139341
3016427,308.420279194962
3016422,1125.22286681232
3016410,20222.2139920528
3016411,58.9764980950687
3016412,6.99845208354528
3016426,1072.62268781565
3016423,1192.66673657859
3016424,17.9852130277037
3016425,28.6614901349925
3016438,3802.28290341268
3016436,1513.20763673264
3016437,32.796526291719
3016435,0
3016434,8269.19133021708
3016433,11.0784566469165
3016439,2059.70276885214
3016431,17.869859738767
3016432,0
3016440,875.262564244728
3016441,490.860662291145
3016462,9.84930677814473
3016463,42.1478742679556
3016450,32.2104680301056
3016451,17.1511387356517
3016452,20.7956286546156
3016453,218.93938141364
3016442,330.387910002449
3016448,4.09771190963723
3016449,865.060257163313
3016454,11.4586775800204
3016455,917.761350604674
3016443,16493.7693437923
3016447,55.7989289798451
3016461,1444.25436796892
3016456,960.197832946113
3016444,48.1027822505958
3016445,5.70812149821686
3016446,71.4466076781502
3016460,251.555687620994
3016457,14.669212549847
3016458,23.3770648219689
3016459,874.859261834659
3016472,1556.79492950643
3016469,1143.73491737773
3016470,24.7887542845934
3016471,2930.5267047609
3016473,657.264852783422
3016466,8.37348252160096
3016467,6089.62704033626
3016468,0
3016474,371.009546476888
3016475,249.718663702473
3016476,12067.6518131488
3016477,36.3577544465861
3016465,0
3016464,13.5066609867244
3016478,4.31439659149605
3016479,53.3038855902723
3016480,42.4499828337702
3016496,31.6502927321776
3016494,1091.61764064849
3016495,7.49302739856891
3016481,3.0971930610437
3016490,11.0875006155285
3016482,653.842604105395
3016489,688.952332340395
3016491,17.9005525670159
3016492,665.564040848536
3016493,190.134530525059
3016483,24.031135395823
3016484,12.9634266762694
3016485,15.6161549283318
3016488,693.675921946045
3016486,163.343230943163
3016487,8.66086671591273
3016498,0
3016499,10.3858557626842
3016500,7504.15962361286
3016501,0
3016502,1409.40805245574
3016497,16.7526751840372
3016511,5.35126222413456
3016512,66.9799219988716
3016513,52.6518563456276
3016514,3.84153192153986
3016515,805.720816303828
3016503,30.746159184337
3016504,3611.2458165536
3016505,1881.34470737304
3016506,815.223288671215
3016507,460.173127052889
3016509,14967.8333718782
3016510,45.0955014909538
3016516,30.5921260668298
3016517,16.1838105028798
3016518,19.7507994247823
3016519,203.921074460308
3016508,309.732780330477
3016520,10.742306114482
3016529,39.5128813337525
3016528,9.233549655918
3016527,1362.79808410502
3016526,235.828976109379
3016524,21.9155818480783
3016525,825.516995019715
3016523,13.7521254584926
3016522,877.050387251249
3016521,860.384917839554
3016530,11.2807080450802
3016531,0
3016532,6.99349837384716
3016533,5152.6264167076
3016534,0
3016535,949.049664097098
3016536,20.7034662497696
3016541,208.564007152024
3016542,10344.5197310928
3016543,30.365847894589
3016544,3.60336639730521
3016545,44.5191873552787
3016546,35.2241951672549
3016547,2.58676298422112
3016548,546.086670243484
3016549,20.3335051956084
3016537,2479.61151213364
3016554,579.355294477772
3016555,590.57728098454
3016556,9.26023519183307
3016557,14.7572419181026
3016558,555.876366297765
3016559,158.799582683665
3016560,923.652278685172
3016561,6.21757282009571
3016562,26.4341951133554
3016550,10.8270009695612
3016538,1291.79907202937
3016539,548.944918350283
3016540,309.865656645786
3016551,12.9579908456418
3016552,136.423598787371
3016553,7.23352047819909
3016595,34.5692288529509
3016570,3159.42494859428
3016583,14.0671777720526
3016571,1689.34584773686
3016569,26.8993547753422
3016584,16.9457685053977
3016572,722.565413825547
3016573,402.59858567896
3016574,270.980576588798
3016564,0
3016565,9.08642985717364
3016566,6522.71277128691
3016567,0
3016568,1249.21543192379
3016582,26.077229587462
3016585,177.25083999165
3016586,9.39828293824689
3016587,752.737895148539
3016575,12593.9257789066
3016576,39.4533797247461
3016577,4.68173927676183
3016578,58.5997318842426
3016579,46.0643215606225
3016580,3.36089881727225
3016581,714.142987756612
3016588,752.49069722619
3016589,12.0315288620329
3016590,19.1736147498977
3016591,717.550067749903
3016592,206.323243714406
3016593,1200.07200889282
3016594,8.07829448033323
3016563,14.7523076213006
3016842,37.3107929949
3016874,3.86398560307546
3016879,20.9696182658559
3016867,2443.36481384412
3016868,1349.65523126634
3016871,223.648730686348
3016872,10127.2190424388
3016880,11.6100810348221
3016881,13.8951981429888
3016882,149.173259047208
3016883,7.75669635156044
3016801,1919.8373093071
3016802,1026.53781608304
3016800,16.6675838193872
3016803,444.818820864095
3016804,249.461213044485
3016799,769.03007644887
3016798,0
3016797,3963.55271606694
3016794,9.08167475992102
3016795,0
3016796,5.63020312302258
3016826,21.420049822396
3016825,4.62970012670179
3016814,8.71641221791812
3016811,2.0825058152218
3016812,436.783637274942
3016813,15.7432007846779
3016815,10.6375509889459
3016816,109.117469690145
3016817,5.8234359128621
3016805,167.907056189313
3016806,7407.8727244208
3016809,36.3100137951842
3016810,28.3576778080436
3016824,733.987207075531
3016818,469.460833566782
3016819,457.25400632926
3016807,24.4464047190868
3016808,2.90093507698094
3016822,444.613857793781
3016823,127.843585365477
3016820,7.4550678801833
3016821,11.8805017307518
3016833,17.2387397693324
3016834,1909.62675800455
3016831,0
3016832,764.940031417075
3016835,1075.61640975106
3016829,5.82313594687761
3016830,4099.37364495708
3016836,460.061637035726
3016837,258.009617999568
3016838,173.660806416072
3016839,7711.71867941579
3016840,25.284121190855
3016841,3.00034278643523
3016827,9.39288078898945
3016828,0
3016843,29.329423718081
3016844,2.15386802344877
3016845,451.75110802365
3016846,16.2826804655236
3016859,22.1540607646392
3016847,9.01510162331646
3016858,4.78834824285839
3016857,764.092886827932
3016855,459.849650399285
3016856,132.224461756145
3016854,12.2876164826789
3016852,476.009023511234
3016853,7.71053420470598
3016848,10.7195195218169
3016849,115.831412869419
3016850,6.02299033579456
3016851,482.400146671015
3016862,7.49931426676071
3016863,5143.78642299828
3016864,0
3016875,48.3641883837254
3016876,38.0183228504756
3016877,2.77385473125183
3016865,972.394319295459
3016861,0
3016878,574.267515276782
3016866,22.2008773747502
3016873,32.5621061398639
3016869,592.489481558693
3016870,332.277183098076
3016860,12.0966031961904
3016891,6.16666494127468
3016892,28.3460903180092
3016884,621.258087604362
3016885,609.052891746755
3016890,984.035533360959
3016889,170.285015068952
3016888,592.216474982593
3016887,15.8245829109396
3016886,9.92999643030888
3016922,116.053518814589
3016925,19.3185731857209
3016905,7809.86074311837
3016916,5.2863835705706
3016893,8.2441391924783
3016904,152.422232596669
3016906,22.1918939609288
3016907,2.6334033309052
3016908,32.7477136931484
3016911,401.693988393477
3016919,6.76754221202035
3016903,227.932997208504
3016917,482.225244965347
3016923,675.021277077665
3016915,98.4121811820296
3016894,0
3016895,5.11097120907332
3016896,3460.31159614219
3016897,0
3016898,658.414662363012
3016899,15.1304560713559
3016900,1859.90945182168
3016902,401.178569447783
3016921,403.610416300415
3016909,25.7424593156206
3016910,1.89045173535628
3016912,14.2913220342133
3016913,7.91256210811061
3016901,919.82397107316
3016918,428.806037974376
3016920,10.7848510912374
3016924,4.45610520686198
3016914,9.34753337539454
3015340,0
3015341,8.62214484732289
3015317,397.393710034964
3015316,798.331501740201
3015330,4.17193267603264
3015318,171.082028218696
3015319,101.729630781883
3015314,291.95435667135
3015315,6.75293059167087
3015329,3.53148526828031
3015331,43.637948375127
3015332,2.35938567645657
3015320,68.0281382463692
3015321,3141.13608735873
3015322,9.90454741807674
3015323,1.17532411644509
3015324,14.520997526737
3015325,11.3407219186797
3015326,0
3015327,178.119225867888
3015328,6.37841353262067
3015333,206.986207642076
3015334,188.908525564508
3015335,3.02044714438543
3015336,4.81342733604097
3015337,180.136878524894
3015338,51.7962812077916
3015339,299.318064973509
3015313,0
3015312,1504.72201125835
3015309,3.67947268028983
3015311,2.28109672756264
3015310,0
3015711,7.77455232684782
3015710,354.075981533763
3015709,0
3015708,1755.04792212492
3015705,4.23612422781355
3015706,0
3015707,2.6261940101844
3015713,485.095556468839
3015712,861.228451355063
3015737,9.92655194292277
3015714,204.80299200966
3015725,4.06574843870032
3015726,4.80308637170172
3015727,50.897567822188
3015715,116.360552036185
3015723,195.938735893874
3015724,7.34337619770556
3015728,2.71632695639601
3015716,78.3198217891904
3015717,3175.22021850128
3015721,13.2273671082479
3015722,0.971379571679398
3015736,2.15951191742562
3015729,217.559127462721
3015730,206.46016065994
3015718,11.4029636659615
3015719,1.35313383134412
3015720,16.7178165949003
3015734,59.6323171280312
3015735,342.366476778001
3015731,3.47739756180321
3015732,5.5416299912348
3015733,207.389009715898
3015383,380.675389601362
3015382,730.707351382919
3015384,162.822118862753
3015385,95.5667637617766
3015379,0
3015380,274.267514968719
3015381,6.34383234848834
3015378,1404.40020708175
3015377,2.12901299548574
3015375,3.45656711523022
3015376,0
3015386,63.9069361303731
3015387,2875.06032985548
3015388,9.30452156363497
3015407,8.09980802457282
3015389,1.10412198802387
3015406,0
3015392,0
3015393,164.095174195333
3015394,5.9920038494373
3015395,3.31754490572714
3015396,3.91919346817733
3015391,10.6536913990597
3015405,277.550963657803
3015397,41.2618347737555
3015399,195.715679086362
3015400,175.170661076686
3015401,2.83746590333464
3015390,13.8199179067585
3015404,48.6584187112288
3015398,2.21645209789752
3015402,4.52182583945667
3015403,169.224034162505
3015590,0
3015589,16.2603858454414
3015580,1174.82346785152
3015581,566.091108981397
3015582,255.060576804807
3015584,96.2784589870763
3015585,4445.56840383227
3015586,14.0176489752422
3015588,20.6852986996283
3015579,0
3015583,143.975306946265
3015587,0
3015591,257.054815853533
3015577,0
3015578,413.195425885128
3015576,2185.72751767292
3015575,3.2074466838883
3015574,0
3015573,5.20746221600823
3015597,298.714533652413
3015598,267.35733476937
3015599,0
3015600,0
3015601,254.943050305284
3015592,0
3015593,0
3015594,5.90442807050787
3015595,62.9766086683659
3015596,0
3015602,73.3059328757039
3015603,423.61709118478
3015604,0
3015605,12.202697890353
3016602,11.6271106755001
3016599,2747.00213575933
3016600,0
3016601,522.688906323605
3016598,3.90210023976899
3016597,0
3016596,6.33526962856333
3016608,5338.46834854829
3016609,17.0535247560159
3016610,2.0236582319307
3016611,25.1652223623754
3016612,19.6537316605114
3016613,1.45273159315341
3016603,1339.25595432156
3016604,716.100721587522
3016605,310.300384073451
3016606,174.021211757096
3016607,117.129989965296
3016621,318.975023375739
3016622,5.20056777728231
3016623,8.28769844512472
3016624,310.157404243336
3016625,89.1821833509035
3016626,512.020853384985
3016614,296.870003734457
3016615,10.9822719293695
3016616,6.08046677006249
3016617,7.1831810347342
3016618,77.1157427372181
3016619,4.0623604839336
3016620,325.367165481526
3016627,3.22962442252278
3016628,14.9423751311833
3017431,130.645109117715
3017435,1.3690878954386
3017428,877.068971789504
3017430,270.547601107907
3017432,79.2432481552666
3017445,289.27406539043
3017429,494.017888357446
3017434,11.5374098005416
3017444,2.74835368823883
3017436,16.9149272659193
3017433,3635.26131763537
3017438,0.982832579199909
3017448,5.60696833251345
3017440,7.42995794728143
3017441,4.11368546435182
3017442,4.89142923554884
3017443,51.8337235679511
3017446,218.625311497929
3017447,3.51839766267859
3017449,260.072675738032
3017437,13.3833237902537
3017451,348.663601731243
3017439,202.155369383357
3017427,7.86621783934573
3017450,60.3354093037829
3017426,355.9280749191
3017425,0
3017452,2.18497354638303
3017424,1919.89360188549
3017453,10.3083272880766
3017423,2.65715803354446
3017422,0
3017421,4.28607006160856
3018422,186.046453407796
3018417,18.468222401433
3018418,2127.24188383028
3018419,1167.41858253488
3018421,327.340910149909
3018416,835.644140649247
3018415,0
3018420,704.854730751555
3018414,4391.74470957121
3018423,8816.95782460989
3018412,0
3018413,6.2384473099381
3018411,10.0627896077303
3018440,141.654830880762
3018441,818.588687926907
3018442,5.5824869159645
3018443,24.2017809360329
3018431,9.65806688764554
3018432,11.4095916519279
3018433,122.488787392693
3018434,6.45255549602413
3018435,720.098371008924
3018424,27.0874077586692
3018425,3.21432996853962
3018426,39.712685947818
3018427,31.4212249491113
3018428,2.30748385396198
3018429,480.83271459747
3018430,18.0206098367689
3018436,520.006974476737
3018437,8.26045653172946
3018438,13.1639804894169
3018439,651.631178205859
3017728,143.30027170288
3017732,1.65560676796956
3017725,1192.35620165314
3017730,4691.47601696107
3017723,405.942858317904
3017724,9.51243783290587
3017726,567.113694926943
3017727,322.938593342882
3017729,95.8270527398976
3017731,13.951926544859
3017733,20.7226645854266
3017734,16.0792225878755
3017735,1.18851702314047
3017722,0
3017721,2203.96463385569
3017720,3.19240841379307
3017736,252.542889284006
3017718,5.1830467756181
3017719,0
3017737,8.98487869495591
3017738,4.9745860136299
3017739,5.87674487174165
3017740,62.2749618756474
3017741,3.32352143509719
3017742,267.928275788469
3017743,264.37860313524
3017744,4.25471805144607
3017745,6.78037892967153
3017746,277.938930863779
3017747,73.4383525789894
3017748,416.181598476053
3017749,2.64223867823132
3017750,12.1454849465845
3017005,19.5080135607036
3016998,13.3005836608318
3016999,1634.97261079647
3017000,808.580760738479
3017003,133.988337619296
3017004,6776.60808738334
3016997,578.786208358674
3016996,0
3017001,494.590785704252
3017002,200.366855046437
3017008,22.4824644310809
3017007,28.7872159056244
3017006,2.31492039302943
3016995,3183.51932485584
3016993,0
3016992,7.24709569387578
3016994,4.49285202202702
3017009,1.66182112054588
3017010,350.823932379891
3017011,12.5629342197951
3017012,6.95561943368582
3017013,8.21704574505341
3017014,87.6429805083183
3017015,4.64705006987407
3017016,372.1967843734
3017017,374.502543769844
3017018,5.94907786947635
3017019,9.48053472625832
3017020,388.622776568156
3017021,103.353834507289
3017022,589.537373490671
3017023,3.84149007238155
3017024,16.9821912606469
3017923,1547.13118601159
3017924,849.057039492394
3017926,244.348541938449
3017928,6755.03231307758
3017921,627.84962459779
3017922,13.785882167672
3017925,474.146206702325
3017927,138.87717121027
3017919,3408.75160047635
3017920,0
3017934,368.385625620755
3017929,20.2198026140146
3017918,4.65678275118476
3017932,23.4548455881035
3017933,1.7224560016159
3017930,2.39938491269554
3017931,29.6441312617019
3017917,0
3017916,7.51152053483392
3017935,13.0213181053348
3017936,7.20940917791012
3017937,8.51686116160954
3017938,91.4335962147428
3017939,4.81660702448823
3017940,503.678359420898
3017941,380.666127378325
3017942,6.16614192326182
3017943,9.82645107579783
3017944,449.8976433547
3017945,105.740377419982
3017946,611.047828548673
3017948,18.1836721352231
3017947,3.82925930416673
3018014,15.2508362413828
3018013,3.38318108679983
3017986,0
3017987,516.408406770795
3017988,11.9445730066775
3017999,1.49239643947757
3018000,319.182258075309
3018001,11.2821278218286
3017989,1497.21721716209
3017984,4.03480030303755
3017985,2678.91798269756
3018012,526.000881464497
3018002,6.24648558671819
3017990,730.883460051542
3017991,410.816943951257
3017983,0
3017997,25.852324289821
3017998,20.190349883509
3018003,7.37930795398352
3018004,79.2212824661402
3017992,179.939210883537
3017993,120.328063906704
3017982,6.50824548826333
3017996,2.07891144812042
3018010,355.879180003958
3018011,92.8167855842179
3018005,4.17327767267511
3018006,334.250870275016
3017994,5777.1533722049
3017995,17.5191478910262
3018009,8.51398269939171
3018007,338.516235210223
3018008,5.34256215715017
3018121,1316.57656926333
3018123,406.121575321854
3018125,118.181593955436
3018122,722.529940751514
3018127,17.2066328941169
3018124,212.032841836689
3018129,0
3018126,5528.37647742916
3018131,0
3018119,541.282792379649
3018120,0
3018134,0
3018135,7.39048517048032
3018136,76.3045406079271
3018137,0
3018138,420.33724386714
3018139,319.752254090617
3018128,0
3018130,19.9595874068012
3018132,309.436867887514
3018133,0
3018118,0
3018117,2771.66497751098
3018116,3.93713366018746
3018115,0
3018114,6.39214827101844
3018140,0
3018143,89.9828693228647
3018144,516.61782443069
3018145,0
3018146,15.473928063022
3018141,0
3018142,382.853568697405
3017566,18.2430453104237
3017558,566.468890340756
3017559,12.4381270099386
3017561,781.145064383655
3017562,450.641421251179
3017564,125.300062287274
3017557,0
3017571,321.735586036713
3017560,1432.67197875465
3017563,224.804281274995
3017565,6055.12420028908
3017567,2.16481280826711
3017568,26.7460192425687
3017569,21.299911725871
3017570,1.55406279094488
3017556,3016.06973759033
3017555,4.20151968604185
3017554,0
3017572,11.7483093545342
3017573,6.50459259195929
3017553,6.77716850569914
3017574,7.68422358218961
3017575,82.4947340229921
3017576,4.34571898982536
3017577,469.459052992063
3017578,345.692103566865
3017579,5.56331872491181
3017580,8.86578349148624
3017581,430.385217403411
3017582,95.4028351927134
3017583,547.73542489443
3017585,16.5130318115964
3017584,3.45489777149733
3018546,1286.880929159
3018547,0
3018545,1.88843391292646
3018544,0
3018543,3.06597403423452
3018548,240.131011134317
3018549,5.62697746336303
3018550,639.760400173062
3018551,331.134078766784
3018552,180.169009431761
3018553,84.7676918924561
3018554,56.6854339150182
3018555,2566.8189755039
3018556,8.25310794324904
3018557,0.979355884916213
3018558,12.0998320239335
3018559,9.44982119813087
3018560,0
3018561,145.55237218143
3018562,5.31490568618235
3018563,2.94266137450334
3018564,3.47632347586368
3018565,36.5992355432055
3018566,1.96599237154572
3018567,157.462482174585
3018568,155.376325850697
3018569,2.51683143784997
3018570,4.01085821537172
3018571,155.063479214085
3018572,43.1600033623539
3018573,246.187624710685
3018574,0
3018575,7.18452738157541
3018176,63.0197661953249
3018177,357.138553762454
3018178,0
3018153,8.16292287510817
3018154,1003.42629054304
3018156,303.543554282675
3018157,122.173235453867
3018158,81.6990849920792
3018152,352.913577921194
3018166,7.6602206491226
3018167,4.2411731750855
3018155,489.833853586646
3018169,53.4401085999971
3018170,2.83352824109084
3018171,226.946145168995
3018159,3897.08035516117
3018150,1842.71971274173
3018151,0
3018165,213.914097137306
3018179,10.3548526073775
3018168,5.01032500766129
3018172,226.871616417443
3018160,11.8949670265409
3018161,1.41151745965667
3018163,13.7086316990156
3018164,1.01329165941945
3018173,3.62743673903789
3018174,5.78073454849248
3018162,17.5529396121132
3018175,240.064556339617
3018149,2.72174546613513
3018147,4.41890016369919
3018148,0
3017260,0
3017261,289.503216210525
3017262,6.8281824864358
3017263,791.629006640019
3017259,1482.41535948312
3017273,0.853136836717648
3017274,178.936456220692
3017275,6.44949196255685
3017276,3.57083869479121
3017264,412.413642687587
3017272,11.4670982823633
3017286,300.691368762851
3017287,1.93401453801764
3017288,8.71822650074592
3017277,4.21842298634182
3017265,234.845821633879
3017266,102.863264152781
3017258,2.30651633591799
3017285,52.3734777670856
3017278,44.1242318122665
3017279,2.38567770481735
3017267,68.7862159773447
3017268,3114.76427416003
3017269,10.0149196409038
3017270,1.1884214473779
3017271,14.7786269003279
3017280,191.076394042036
3017281,187.322519670692
3017282,3.05410577119446
3017283,4.86706620029898
3017284,196.930539107768
3017257,0
3017256,3.72047521795386
3017650,0
3017620,0
3017621,3.08429822052433
3017643,255.509390048825
3017631,4359.1178987055
3017632,13.3920572536677
3017633,0
3017634,19.7621373586902
3017648,70.4913847697439
3017649,404.711542484656
3017644,250.489669241602
3017462,1036.65969679346
3017464,296.404162928632
3017465,165.207974983954
3017479,441.209829064703
3017463,609.831748074134
3017477,5.72982503801418
3017470,28.2671696183491
3017467,24.0534323627524
3017468,2.85430297275645
3017466,7480.91592152455
3017461,1888.97620723968
3017475,10.1316391561477
3017476,108.06402697881
3017478,623.020360393231
3017480,7.3352287617046
3017469,35.4947134183206
3017483,125.788518554606
3017471,2.04902984087335
3017481,11.6895244147326
3017460,16.3996548636503
3017474,8.57629717493254
3017482,571.165369046841
3017484,722.188470795155
3017472,418.725316761145
3017473,15.4901311501164
3017485,4.55527837884896
3017486,21.7724117342
3017454,8.93568817535453
3017456,5.53969843681944
3017458,0
3017459,756.668031203083
3017455,0
3017457,4028.75354539037
3017532,1977.27570794575
3017530,77.834466992269
3017531,47.8289304396636
3017524,0
3017529,150.054728014888
3017525,205.266011635061
3017526,4.74782135538071
3017527,529.373439618647
3017528,288.633724750695
3017523,1092.90486451243
3017522,1.59338595514097
3017521,0
3017533,6.96364653961152
3017520,2.5869478044935
3017534,0.82634181764502
3017542,31.2853349234589
3017543,1.65882671948034
3017541,2.933184457265
3017544,171.223550590768
3017545,129.406008219796
3017535,10.2093603988626
3017536,8.02541658843243
3017537,0.593209291121965
3017538,120.438151353997
3017539,4.48450751455639
3017540,2.48290145224268
3017546,2.1236029691464
3017547,3.38420375989294
3017548,151.949447324131
3017549,36.4167063039234
3017550,209.0789027427
3017551,1.31878677610104
3017552,6.06202046350021
3017599,15.0819395787354
3017596,154.906638340608
3017597,103.588405141365
3017598,4877.34766901482
3017600,1.78969987839156
3017590,0
3017591,447.468349163687
3017593,1272.27041923844
3017594,629.205270265499
3017595,384.870805861929
3017609,3.59270451371733
3017610,287.750948903726
3017611,285.791507400489
3017588,3.45097221180648
3017589,2367.02495425652
3017603,1.28477897827724
3017604,271.227274599917
3017592,10.2828818787916
3017606,5.37749431561004
3017607,6.35272202661573
3017608,67.7581103997892
3017601,22.1115411009603
3017602,17.4949563426084
3017605,9.71259396785773
3017587,0
3017586,5.60283900952987
3017612,4.5993218477852
3017618,13.1291882543866
3017617,2.85624239559706
3017616,449.889533306797
3017613,7.32954441878979
3017615,79.9044086379713
3017614,302.410731289935
3017651,11.658105370269
3017624,394.754984247393
3017625,0
3017626,1122.3924334393
3017627,555.082648898535
3017637,242.408732688196
3017638,0
3017639,0
3017640,5.64092016500489
3017628,343.977368925357
3017629,137.549852842241
3017622,2115.52293274724
3017623,0
3017641,60.1660342913535
3017642,0
3017630,91.9816609280974
3017635,15.4339881878636
3017636,0
3017645,0
3017646,0
3017647,266.785670293144
3017619,4.97505910343917
3017693,293.026118624508
3017691,4.91505100611687
3017694,152.338243112227
3017690,212.495972677052
3017692,577.290232499323
3017689,0
3017688,1102.3431744945
3017695,74.0428644036568
3017696,49.5135800365665
3017697,2271.42130584927
3017687,1.64950882852249
3017686,0
3017685,2.67806630821055
3017698,7.2089228656362
3017699,0.855447557564415
3017700,10.6379267337651
3017701,8.25422768971576
3017702,0.614103544536817
3017703,127.966691449028
3017704,4.64246262054053
3017705,2.57035519398894
3017706,3.03649824597301
3017707,31.7614314488274
3017708,1.71725457347197
3017709,137.540293430517
3017710,133.095477909897
3017711,2.19840135692276
3017712,3.50340352972959
3017713,139.014972680386
3017714,37.6993900066842
3017715,216.443162950666
3017716,0
3017717,6.27553935753309
3017758,405.096480919801
3017764,5.12488636620863
3017766,7.56259523076308
3017771,1.82728800619855
3017759,205.622480322349
3017761,52.6377204153712
3017762,35.1996374494688
3017763,1532.89763556912
3017765,0.608145156562366
3017767,5.86800271539219
3017768,0
3017769,89.2146964596462
3017757,3.49415278259402
3017772,2.15867318208989
3017760,106.898891961316
3017774,1.22081130772638
3017775,97.7785985152419
3017770,3.30036731327152
3017773,22.7268229785435
3017756,150.08585540449
3017776,94.0053046696327
3017777,1.56286276764784
3017755,0
3017754,758.589238584016
3017753,1.17265026465083
3017752,0
3017751,1.90386078011388
3017778,2.49060023522028
3017779,96.9172403427085
3017780,26.8008263454469
3017781,153.871339108447
3017782,0
3017783,4.4613358602206
3017817,5.17881639502172
3017822,410.922471860427
3017823,9.50467382185702
3017821,0
3017826,331.180331405241
3017827,143.183310634398
3017824,1145.78359292109
3017825,574.070356381981
3017830,13.9405390421231
3017831,1.65425546881104
3017828,95.7488391095622
3017829,4537.64885447148
3017834,1.18754696063268
3017835,250.700806160227
3017836,8.97754527541766
3017837,4.9705257778153
3017838,5.87194829772803
3017839,62.2241333182826
3017840,3.32080879112553
3017841,265.973969505634
3017842,264.162818450821
3017843,4.25124536878139
3017844,6.77484481340711
3017832,20.5715105742376
3017833,16.1709388014152
3017847,418.55550680082
3017848,2.64008209433013
3017849,12.1355718537501
3017845,279.524300193347
3017846,72.9026829732942
3017820,2159.6113752857
3017818,0
3017819,3.18980278370828
3018451,2126.18391738163
3018448,0
3018449,885.581485760198
3018450,19.4449778008277
3018452,1229.16152557828
3018456,8812.57278235004
3018447,4594.03862571121
3018461,2.42952306620357
3018462,499.720037031728
3018453,668.782915125573
3018454,356.046436040733
3018455,195.886159360774
3018457,28.5200183916142
3018460,33.0830443953758
3018458,3.38433085351724
3018459,41.8130277988554
3018446,6.52580461789138
3018463,18.3665606898559
3018464,10.1688669405781
3018465,12.0130271103423
3018445,0
3018444,10.5949948123611
3018466,128.967027791283
3018467,6.79382106472045
3018468,733.922467308308
3018469,536.929324244219
3018470,8.69733915873343
3018471,13.8602028296659
3018472,659.83509306135
3018473,149.146733344661
3018474,856.294775675528
3018475,5.4011677495506
3018476,25.481775279311
3017126,2.27024144791912
3017124,3.68585910426511
3017125,0
3017127,1527.07026855173
3017128,0
3017129,292.461098931762
3017133,229.653755005805
3017134,101.906201885808
3017135,68.1462140063599
3017136,3229.52834518122
3017132,408.576456117126
3017146,43.7136903262027
3017147,2.36348083860623
3017148,189.298577555723
3017149,184.376473585994
3017137,9.92173864208934
3017145,4.17917385790313
3017150,3.02568970432134
3017138,1.17736411477317
3017139,14.5462014770875
3017130,6.76465158584079
3017131,784.263517532357
3017151,4.82178195378466
3017152,193.833386428444
3017140,11.3604058964264
3017141,0.845199065330443
3017142,178.428385628914
3017143,6.38948448127241
3017144,3.53761483198288
3017153,52.2247689773587
3017154,299.837588348861
3017155,1.89125656058721
3017156,8.63711021800393
3017041,11.107678328121
3017039,1.15117206032991
3017036,66.6302094628545
3017038,9.70101616938562
3017040,14.2226015845395
3017042,0.826396470910628
3017043,174.459005271577
3017031,6.61416277749102
3017032,776.856956897137
3017033,396.897152051661
3017034,223.089020317031
3017035,99.6391608282399
3017037,2920.59234682833
3017044,6.24734177172494
3017045,3.45891581345843
3017030,285.954906896827
3017029,0
3017046,4.22127733432547
3017028,1464.24606832403
3017047,43.0201298993329
3017027,2.21973686156633
3017026,0
3017025,3.60386219174015
3017054,50.731905285623
3017055,289.378273547795
3017056,1.86124992656265
3017057,8.44496603913541
3017048,2.31090201611317
3017049,185.087375101735
3017050,183.827021709744
3017051,2.95837915147742
3017052,4.71451490371718
3017053,188.292589781346
3017070,2435.45230939412
3017069,55.2020320775425
3017083,152.297662440902
3017071,8.03713225703918
3017063,233.847019665088
3017064,5.47972501891496
3017065,656.295379542034
3017067,176.599097903221
3017068,82.5494050905883
3017082,153.341844485873
3017084,2.4509684441024
3017072,0.953727108370104
3017073,11.783191366576
3017074,9.2625801973381
3017062,0
3017076,145.479593461468
3017077,5.17581985202058
3017078,2.86565483175462
3017066,330.968505962802
3017080,35.4103976398395
3017081,1.91454429229513
3017085,3.9058980159763
3017086,153.981134379609
3017087,42.0305486881752
3017075,0.684655877022395
3017079,3.38535152283098
3017061,1189.66189757234
3017088,239.74513764413
3017060,1.85101603502446
3017058,2.98574052093277
3017059,0
3017089,1.55207741913359
3017090,6.99651539360686
3017894,85.1241866131194
3017895,4034.13421473287
3017891,500.507026264604
3017892,308.146753438395
3017893,127.295150183284
3017886,1945.1122319054
3017888,365.324963764265
3017889,8.4499993486374
3017890,992.482495608516
3017887,0
3017885,2.83585023008717
3017884,0
3017883,4.60415538553392
3017896,12.3936442252975
3017903,4.41897748119867
3017904,5.22037475677835
3017905,55.6804984723214
3017906,2.95231931656941
3017902,7.98136297483384
3017907,236.460494194844
3017908,231.8150067528
3017897,1.47069303964836
3017898,18.170247417297
3017899,14.2833438473719
3017900,0
3017901,224.336525235505
3017915,10.7889630072014
3017909,3.77951114056031
3017910,6.02308246799201
3017911,245.295412567517
3017912,65.661767673972
3017913,372.111008344368
3017914,0
3017960,131.010096296945
3017959,224.586917689904
3017973,436.621172923794
3017961,6208.72084627357
3017962,19.0743969255862
3017957,795.7670835412
3017958,471.177547048237
3017972,4.54375722520535
3017974,366.178245021174
3017963,2.26346523137155
3017951,4.39298663235986
3017953,0
3017954,573.331154202803
3017955,13.0049433941198
3017956,1507.73510241532
3017970,8.03440040725472
3017971,86.8169463040642
3017964,28.1473447236328
3017952,3174.09308071366
3017966,1.62488279875233
3017967,336.397359581399
3017968,12.2836901416301
3017969,6.80101259559813
3017965,21.9827328440889
3017950,0
3017975,5.81684405080553
3017976,9.26980504051548
3017949,7.086010033392
3017980,3.61234050069531
3017981,17.1536085931702
3017979,572.696209808312
3017978,99.7504262762713
3017977,405.521626628748
3018051,2017.92370455074
3018049,0
3018050,2.98052636865526
3018052,0
3018053,383.962691708846
3018048,4.83904487845543
3018054,8.88109167632572
3018055,1063.67005868771
3018056,526.041316869201
3018057,311.471613308597
3018058,133.789347440801
3018059,89.4669542555266
3018060,4295.45942731171
3018061,13.0259288820397
3018062,1.54572316209201
3018063,19.0972361578415
3018064,14.9147084614993
3018065,1.10963444143317
3018066,234.252840714815
3018067,8.38854695213217
3018068,4.64441978122434
3018069,5.48670181935591
3018070,57.7647890468682
3018071,3.10293734075474
3018072,248.523963154191
3018073,248.442348281681
3018074,3.97232988383877
3018075,6.33036114741629
3018076,259.491958715606
3018077,68.1196875422535
3018078,391.094938890053
3018079,2.46687172566127
3018080,11.3393818870404
3018091,177.61869167302
3018097,17.4988977807468
3018085,0
3018088,1146.78091366109
3018086,471.474876346521
3018090,351.451657782662
3018087,10.2851985089116
3018092,104.287865371684
3018089,645.935842673316
3018094,15.0853373884065
3018096,22.116522609327
3018093,4691.72710773934
3018095,1.79010307981825
3018098,1.28506842609096
3018084,2494.0150509036
3018099,267.78212930932
3018100,9.71478211783299
3018101,5.37870581112737
3018082,0
3018081,5.60410127294587
3018083,3.45174968122246
3018102,6.35415323115196
3018103,67.7733756222505
3018104,3.59351391399895
3018105,380.698362185347
3018106,285.855893359782
3018107,4.60035802885287
3018108,7.3311956916106
3018109,329.167867126452
3018110,78.8894579936337
3018111,452.927323454792
3018112,2.85688587835233
3018113,13.3040940793707
3018483,0
3018484,2294.14038618805
3018491,0
3018488,201.952535826998
3018494,0
3018495,515.195810727241
3018496,0
3018497,0
3018485,1250.84908914862
3018486,775.134620874576
3018487,362.328588186678
3018501,776.595631891764
3018489,10213.9724387156
3018490,0
3018504,14.289437894243
3018492,43.1079307600872
3018493,33.6667680260738
3018482,907.08772009312
3018498,0
3018499,132.098975743559
3018500,0
3018502,549.968584948163
3018503,0
3018505,689.176673729427
3018480,5154.21589180092
3018506,0
3018479,0
3018481,0
3018478,0
3018507,877.089785959564
3018477,0
3018508,0
3018509,25.9313806483003
3018521,86.4198821052999
3018524,1.49307880822568
3018525,18.5671965852169
3018523,12.582290832018
3018519,327.409964646818
3018520,149.113910163762
3018534,319.602744754481
3018522,3862.67202880266
3018536,3.83703997862988
3018537,6.11476123889501
3018538,279.960348841625
3018526,14.5953793042986
3018527,0
3018528,221.902135616066
3018516,8.5786187986501
3018517,981.712563773977
3018518,535.265528472231
3018532,56.5280245837995
3018533,2.99725727112916
3018535,233.81773063439
3018539,65.7996621818359
3018540,377.774998513152
3018541,0
3018529,0
3018530,4.48623978854334
3018531,5.29983532267594
3018542,11.0966017300892
3018515,388.162562597211
3018514,0
3018513,2053.30829251491
3018512,2.89780251743506
3018511,0
3018510,4.67423632980711
3017855,181.75844695497
3017854,0
3017853,949.04218515513
3017852,1.42011444282905
3017851,0
3017850,2.30563218418798
3017858,249.01495601764
3017859,121.305373414742
3017860,63.7458492551695
3017861,42.6278107217427
3017862,1856.38475278767
3017863,6.2063902306607
3017864,0.736481921511279
3017865,9.09915146904199
3017857,490.583919720286
3017871,2.61421760233553
3017872,27.7024620045898
3017873,1.47843890231627
3017874,118.412798885459
3017875,118.373912311456
3017876,1.89267342139504
3017877,3.01619116284677
3017878,118.906467824099
3017866,7.10632629172679
3017856,4.23152322699609
3017870,2.21290027132134
3017879,32.4565999942494
3017867,0
3017868,107.341198567494
3017869,3.99684324431836
3017880,186.342780616195
3017881,0
3017882,5.40281077862286
3017395,659.169567293681
3017394,0
3017403,0
3017405,0
3017406,149.968166462708
3017407,0
3017404,0
3017396,336.77052339589
3017397,188.065652565323
3017398,85.6516534301742
3017408,0
3017400,2576.77105795348
3017401,8.33917174687039
3017402,0
3017409,3.51257474302368
3017410,36.9808941186345
3017411,0
3017399,57.2765523259489
3017412,159.104508455689
3017413,158.021085522045
3017393,242.635108781867
3017392,0
3017390,1.90812659192104
3017391,1250.53242243317
3017414,0
3017389,0
3017388,3.09794615782783
3017415,0
3017416,160.810394864161
3017417,43.6100779378008
3017418,252.011994631824
3017419,1.63149138315151
3017420,7.25944797608743
3017790,8.53361766756576
3017789,371.347629498244
3017793,278.620134257077
3017803,8.06034382763357
3017788,0
3017797,12.5162875123272
3017798,1.48524651765009
3017791,995.805593295493
3017792,508.758273279424
3017801,1.06621983186995
3017802,225.087664113433
3017804,4.46270617904995
3017805,5.27203380943948
3017806,55.1448829771203
3017794,128.554819684652
3017795,85.9665466052395
3017796,3842.40948836534
3017810,3.81691189704624
3017811,6.08268484308823
3017799,18.350054004358
3017800,14.3311683149182
3017814,375.793292293597
3017807,2.98153446416951
3017808,238.800426803328
3017809,232.591185593389
3017812,252.604063715483
3017813,65.4544948195075
3017815,0
3017816,10.8957269147972
3017785,0
3017787,1913.91201797899
3017784,4.64971654093038
3017786,2.88260142341231
3016955,79.3190289075588
3016956,455.393615012959
3016957,2.87244226711396
3016958,13.6401179088924
3016928,3.47054523772537
3016929,2491.33819346752
3016930,0
3016941,22.2369520693811
3016942,17.7089948165592
3016943,1.29206591387059
3016931,444.190195854421
3016932,10.3412037374395
3016926,5.63461686991882
3016927,0
3016954,348.637623154862
3016944,269.240263475097
3016945,9.76768130029761
3016933,1153.02539470686
3016938,4748.05739611106
3016939,15.1674804571208
3016940,1.79985059533647
3016946,5.40799407891096
3016934,645.242551683325
3016935,362.679671491213
3016937,104.855736349358
3016951,281.858519030645
3016952,4.6254080171922
3016953,7.3711157077129
3016947,6.38875303041723
3016948,68.5870831770716
3016936,183.293170824952
3016950,398.004723690376
3016949,3.61308140876312
3016962,1092.6864648624
3016963,0
3016964,219.017214596763
3016965,5.09894558522386
3016966,598.889305264981
3016961,1.71122451191558
3016967,305.973265146857
3016959,2.77826503981192
3016960,0
3016968,162.203601190838
3016969,76.8131472284821
3016970,51.3661099390177
3016971,2295.88876143211
3016972,7.47864170162408
3016973,0.887453770389191
3016974,10.9643917151061
3016975,8.56305616880264
3016976,0.637079971985924
3016977,132.754511724839
3016978,4.81615841913179
3016979,2.66652395927048
3016980,3.15010755871613
3016981,32.9497721315281
3016982,1.78150493559744
3016983,142.686306023098
3016984,140.795913241709
3016985,2.2806536248517
3016986,3.63448190851747
3016987,145.157248422023
3016988,39.1098969270073
3016989,226.006547121461
3016990,1.4536497991893
3016991,6.51033603968077
3017193,2180.36811764974
3017194,0
3017195,423.046892603644
3017196,9.84896593336506
3017206,16.5401350303537
3017207,1.23056401290132
3017208,259.782055188593
3017197,1171.94280277779
3017198,606.586778831905
3017199,359.162971720369
3017204,1.71417831508704
3017205,21.1784806637447
3017200,148.369904648563
3017202,4581.26170504664
3017203,14.4455135117715
3017201,99.217192743715
3017190,5.36641101059434
3017191,0
3017192,3.3269176479002
3017209,9.30274297046372
3017222,12.5751641781366
3017220,433.717032795367
3017221,2.80782509088687
3017219,75.5434699298921
3017216,4.40524015829123
3017218,287.771768890188
3017210,5.15057538787281
3017215,275.517955878575
3017217,7.02025309039431
3017213,3.44109995440373
3017214,275.608465258312
3017212,63.644762983152
3017211,6.16432093369887
3017223,4.81538421225696
3017234,89.0295026935751
3017235,4330.42495228944
3017236,12.96223818213
3017224,0
3017225,2.98530744021475
3017237,1.53816529877557
3017238,19.1278700933836
3017226,2008.05700143337
3017227,0
3017233,133.135180106086
3017239,14.8417825128423
3017240,1.10420884799882
3017228,379.608144748185
3017229,8.83766729178093
3017230,1017.95698631908
3017231,537.26723008296
3017232,301.988611881124
3017246,3.08776542842526
3017241,233.10745388551
3017242,8.34753088092186
3017243,4.62171074072373
3017244,5.49550305470138
3017245,57.8574497235045
3017255,11.2839376131258
3017254,2.53595687226842
3017247,247.308797210867
3017253,391.722295490233
3017252,68.6741894940331
3017250,6.29940864216228
3017251,263.311362171634
3017248,245.62474673869
3017249,3.95290704859494
3017290,0
3017289,7.91512748216583
3017291,4.90699971616243
3017293,0
3017294,661.585067267787
3017295,14.5266213818123
3017296,1662.38494266197
3017297,924.253116710582
3017298,526.308929008918
3017299,262.551321150113
3017300,146.339281027628
3017301,6890.22627804112
3017302,21.3062474650739
3017303,2.5283080003176
3017304,31.440799649189
3017305,24.8763944009027
3017306,1.81500653189826
3017307,383.162616567646
3017308,13.7209759743854
3017309,7.59678316122937
3017310,9.03305018649924
3017311,95.1012567572254
3017312,5.07541162318911
3017313,559.090032071497
3017314,406.372106068547
3017315,6.49745935851636
3017316,10.3544432317691
3017317,509.233043525823
3017318,111.421990182976
3017319,639.706052888003
3017320,4.03501200778111
3017321,19.1607121856027
3017292,3568.62250340637
3017329,1224.69800346312
3017328,10.0934312206184
3017327,436.376648422362
3017326,0
3017325,2263.74558461984
3017324,3.4094964570833
3017323,0
3017322,5.49961293433948
3017352,441.600819189988
3017353,2.91519656723445
3017354,12.887297567963
3017331,397.958103498919
3017332,152.052655873926
3017333,101.679904026165
3017334,4945.74472752925
3017335,14.8040716217365
3017336,0
3017337,21.8457919731877
3017338,16.9506846138087
3017330,613.608733492131
3017344,65.6501414991938
3017345,0
3017346,282.449457813741
3017347,284.19923244565
3017348,0
3017349,0
3017350,306.651561734489
3017351,77.9237639953246
3017339,0
3017340,269.71614363475
3017341,0
3017342,0
3017343,6.23568019113416
3017653,0
3017652,18.0447366980549
3017654,11.1868719809112
3017655,8188.75816346669
3017656,0
3017657,1498.48889613118
3017658,33.1174777080673
3017659,3814.60024338616
3017660,2107.09229522548
3017661,1297.27179818955
3017662,602.46475281281
3017663,335.798191320876
3017664,16983.3642200964
3017665,48.5735228392879
3017666,5.76398197756291
3017667,71.2133503169363
3017668,56.7126667223843
3017669,4.13781269438154
3017670,879.226088317998
3017671,31.2807847070043
3017672,17.3189821901758
3017673,20.8629952432172
3017674,219.648626586332
3017675,11.5708138095123
3017676,1299.71695847319
3017677,944.693497308168
3017678,14.8127675258439
3017679,23.6058360643236
3017680,1191.53941578126
3017681,254.017446940084
3017682,1467.90481700025
3017683,9.19893323486644
3017684,44.254137742127
3018015,6.6754230754163
3018016,0
3018017,4.13844239529149
3018044,93.9705552503269
3018045,539.51228916449
3018046,3.40302949346225
3018047,16.2651221535242
3018030,26.5163940771181
3018018,2875.72855134284
3018019,0
3018020,561.605530620291
3018021,12.2513937771033
3018027,5887.134618542
3018028,17.9691630108737
3018029,2.13231253761961
3018043,432.277129228111
3018031,20.7089802860324
3018032,1.53073169223924
3018033,316.905379201649
3018034,11.5719323337522
3018022,1402.01441246197
3018024,446.772486215458
3018025,219.993722920905
3018026,123.418936158986
3018040,338.294682008323
3018041,5.47979678547785
3018042,8.73268174621058
3018035,6.40693933580564
3018023,759.47346388315
3018037,81.2562430215982
3018038,4.28047683919323
3018039,471.522727806283
3018036,7.5688605608774
3018256,439.175185351607
3018257,249.608231436637
3018258,12062.3151750567
3018250,0
3018251,1121.13750215196
3018252,24.6171517715349
3018254,1576.48161342526
3018255,996.174748787563
3018180,21.7577022495885
3018209,306.285210430294
3018210,1781.49732990834
3018211,11.9921637537438
3018212,53.3600666176121
3018184,0
3018185,1854.45034961338
3018186,39.9318777151891
3018187,4629.5237058678
3018183,10401.0917552876
3018197,4.98922750026193
3018198,1067.05755753645
3018199,39.2183141313949
3018200,20.8826132553317
3018188,2573.92352651013
3018182,13.4887326835402
3018196,68.3821181197282
3018201,25.6515456997117
3018189,1605.43474556757
3018190,735.942229332705
3018181,0
3018195,86.4268527319835
3018202,268.312294063845
3018203,13.9516760962178
3018191,402.268505616885
3018194,6.95000463228298
3018208,1418.14713687128
3018204,1567.15252011679
3018192,20477.937033961
3018193,58.5682276685554
3018207,28.4630782390699
3018205,1161.52298056528
3018206,17.8607086771416
3018218,1522.4085894535
3018217,0
3018215,11.0017649753789
3018216,8265.53447284933
3018214,0
3018219,32.5694892140734
3018213,17.7461539323368
3018220,3800.60143231178
3018221,2045.44428021528
3018222,1284.13141936157
3018223,588.654594732234
3018224,330.241803640332
3018225,17142.5971586801
3018226,47.7697861579104
3018227,5.66860648335603
3018228,70.492013121385
3018229,55.412655578246
3018234,20.7864322719434
3018235,217.423752688343
3018236,11.3793537928513
3018237,1294.947260211
3018238,953.550771973416
3018239,14.5676635284947
3018240,23.2152348637013
3018241,1156.67808580736
3018242,249.814269408754
3018230,4.06934510857048
3018243,1443.6156800954
3018231,864.677704402272
3018232,31.5740676635229
3018233,17.0324083438352
3018244,9.84495115150355
3018245,43.2397105327592
3018259,36.1060644277747
3018253,2910.23985446788
3018249,6206.87496575556
3018248,8.31551629113769
3018247,0
3018246,13.4131598393194
3018260,4.28452977007648
3018278,32.4701902476951
3018275,188.818306124159
3018276,1105.42185534906
3018277,7.4411562025722
3018261,52.9348843642301
3018274,868.589475710075
3018262,41.6112746035268
3018263,3.07575244702169
3018272,11.0107463362566
3018264,649.31631638956
3018271,679.747274637929
3018273,17.7766342865582
3018265,23.5563387129245
3018266,12.8736861201302
3018267,15.407508262288
3018270,966.116136887396
3018268,164.336427982814
3018269,8.60091104098642
3018281,10.3139586867489
3018282,7698.55409204671
3018283,0
3018284,1372.60459415289
3018293,5.31421760159509
3018294,66.0850066063773
3018295,52.2873688541476
3018296,3.81493855084594
3018297,800.143137195232
3018285,30.5333159683224
3018286,3516.94641575246
3018287,1942.67556822013
3018291,14482.4767240145
3018292,44.7833235858184
3018298,29.6001259964175
3018299,15.9675794190562
3018300,19.6140726341862
3018288,1235.58235520836
3018289,562.727272253961
3018290,307.588625651662
3018301,205.161002226564
3018279,16.6367031941167
3018280,0
3018308,234.196427555798
3018309,1362.19541837682
3018311,40.536458382806
3018310,9.11018066013773
3018307,1056.51661384171
3018306,21.763869144927
3018304,888.141259547565
3018305,13.6569250598974
3018302,10.6679414770288
3018303,1182.81249662198
3018312,11.2026162689711
3018313,0
3018314,6.94508521511218
3018315,4985.54401919734
3018323,207.120202943473
3018324,9944.19040777055
3018325,30.1556374197084
3018326,3.57842175014187
3018327,44.4994997810305
3018328,34.7535664549083
3018316,0
3018317,924.267409107798
3018318,20.5601445323209
3018336,776.012817187896
3018337,575.155709994185
3018338,9.19613033153281
3018339,14.7507158713973
3018341,157.70027744435
3018329,2.5688558710325
3018330,538.790433516825
3018331,20.3245131762782
3018319,2368.19763353962
3018322,362.056670060751
3018332,10.7520500239052
3018320,1308.13471106293
3018321,815.923587236832
3018335,7.1834457435808
3018333,13.0367809985818
3018334,139.050259472846
3018344,27.2959361519585
3018342,911.311406721754
3018343,6.21482324325456
3018340,706.811686925416
3018377,35.6961677685374
3018376,8.022371717207
3018352,3097.00240963592
3018351,26.7131414293182
3018365,13.969796393803
3018353,1721.8720262123
3018345,14.5552027759809
3018346,0
3018347,9.02352818086028
3018348,6735.34982166559
3018349,0
3018350,1240.56761908864
3018364,26.7527574864063
3018366,16.8284598085649
3018354,1060.1035487426
3018355,492.321673330536
3018356,270.860741736943
3018357,13089.3425131695
3018358,39.1802599450391
3018359,4.64932949060827
3018360,57.8167837933187
3018361,45.4488584609475
3018362,3.33763267503058
3018363,709.19926489038
3018367,177.172454933876
3018368,9.33322242927084
3018369,1055.21582745536
3018370,766.978936417637
3018371,11.9482394572908
3018372,19.1651356651161
3018373,967.388508992228
3018374,204.89495140422
3018375,1184.03790671996
3018626,2.13895766686623
3018630,10.6453126267223
3018628,16.1699620588165
3018629,8.95269372349712
3018666,870.902569406855
3018643,0
3018667,616.75476149364
3018583,1894.18645890431
3018585,615.504270217902
3018582,16.5522008825448
3018584,1039.51905409515
3018581,768.689990799768
3018580,0
3018579,3987.6528198874
3018578,5.59122750553699
3018577,0
3018576,9.01880600122139
3018586,305.056118441163
3018587,166.744703597023
3018588,7501.55009070238
3018589,24.2771721535098
3018590,2.8808530775503
3018591,35.5926163929396
3018592,28.1613690818973
3018593,2.0680894703241
3018594,436.590479879219
3018597,10.2926108789648
3018598,109.780950798267
3018599,5.78312262298036
3018600,637.049061790946
3018601,451.144658388385
3018602,7.40345946256885
3018603,11.7982578257138
3018604,572.740780798164
3018605,126.958575966648
3018606,724.180440661009
3018607,4.59765058652207
3018595,15.6342169774555
3018596,8.65607202396258
3018608,21.9749339677104
3018621,8120.02715408705
3018622,25.1090894531963
3018615,17.1194029510149
3018617,1075.14074343306
3018618,600.400069086844
3018619,307.406753704668
3018620,172.458622939701
3018623,2.97957262766573
3018616,1946.39416169252
3018624,37.0525054759459
3018625,29.1263879882982
3018614,769.591195535276
3018613,0
3018612,4260.63379047182
3018611,5.78282473353896
3018610,0
3018609,9.32785767690626
3018627,448.623817941873
3018631,113.542866377545
3018632,5.98129561140933
3018633,671.862106483732
3018634,472.713805698542
3018635,7.65715729712279
3018636,12.2821825703322
3018637,604.039548185487
3018707,19.1848385224411
3018638,131.309125323153
3018639,753.883879929876
3018640,4.75520044598082
3018641,22.5806086709497
3018654,10594.2863321715
3018650,1384.61790855606
3018651,819.838974551813
3018652,403.694125694955
3018655,32.3366918580517
3018649,2556.05278639099
3018663,13.6206628837162
3018664,148.140592950326
3018653,222.10050104207
3018656,3.83723679463204
3018648,22.0471896861366
3018662,11.5297091428135
3018657,47.7179968782945
3018647,1010.6461262807
3018661,20.8244540857206
3018646,0
3018660,577.759308556781
3018658,37.2671734236405
3018659,2.75465245762092
3018645,5668.43059117926
3018644,7.44739954932001
3018665,7.70299988211797
3018679,0
3018700,414.901295985063
3018688,22.0382684608531
3018689,2.61517334547342
3018692,1.87736490312266
3018680,649.617616943901
3018683,907.534248936539
3018685,226.355109321082
3018699,420.471957780995
3018701,6.72069325634153
3018702,10.7101919321295
3018690,32.5210145253666
3018691,25.5642546886292
3018705,666.002351508773
3018693,401.516348578121
3018681,15.0257140477852
3018696,9.34339964635998
3018697,98.3686606858336
3018698,5.24978807669115
3018703,456.500725889612
3018704,116.759174082103
3018642,12.0128633081708
3018677,5.07559002397715
3018668,9.86125508402985
3018669,15.7150357281952
3018670,762.878889934166
3018671,169.106200829779
3018672,977.22345363622
3018673,6.12397561574572
3018674,29.2701581478118
3018687,7267.38867370316
3018686,151.367075170875
3018675,8.1870683535329
3018678,3504.0694857414
3018684,551.519460047362
3018682,1847.03405145547
3018694,14.1923889959556
3018695,7.85778664311973
3018676,0
3018706,4.39656740775463
3017120,51.4377165167105
3017122,1.88714469819861
3017123,8.56245722822076
3017121,297.246007153919
3017098,792.804975865622
3017099,399.810034568915
3017094,1484.61749561973
3017095,0
3017096,289.933274823993
3017097,6.70618278632591
3017111,3.50703822508046
3017112,4.14305207463981
3017100,223.269347611451
3017101,101.025397721429
3017103,3119.39127355078
3017104,9.83598224500931
3017105,1.16718782328067
3017106,14.4204745380021
3017107,11.3357067484112
3017108,0.837893770434781
3017109,176.886178558126
3017110,6.33425835729569
3017113,43.335860520291
3017114,2.34305260434226
3017102,67.9980543858529
3017116,187.600788299743
3017117,2.99953781128275
3017118,4.78010592675166
3017119,187.223058453681
3017115,187.662416337498
3017091,3.65400118013218
3017093,2.26530561815532
3017092,0
3017492,351.624856820223
3017493,7.72073224771536
3017491,0
3017490,1896.68183108762
3017489,2.60801393196212
3017488,0
3017487,4.20679925428825
3017496,262.111821958952
3017497,135.077831721872
3017498,77.777645361645
3017499,3387.11354189811
3017500,11.3240255636701
3017501,1.34376663348911
3017502,16.7104235296843
3017495,481.73743626611
3017509,51.2070469073912
3017510,2.69752292426698
3017511,280.254387821083
3017512,207.715527161443
3017513,3.45332494590416
3017514,5.53917933437447
3017515,248.707021859131
3017503,13.1357993993238
3017494,877.810295951556
3017508,4.76983654872319
3017516,59.219506731785
3017504,0.964655104055082
3017505,198.416508584348
3017507,4.03760290780617
3017517,337.792135381368
3017518,2.14456249044936
3017506,7.29254097640348
3017519,9.98690964459627
3017166,201.715705164252
3017167,94.9051937353803
3017165,373.154171428905
3017163,6.29991656470493
3017164,720.944406956493
3017162,270.603040399597
3017161,0
3017160,1358.86021743642
3017158,0
3017159,2.11427470020212
3017157,3.43263870008201
3017168,63.4645342768578
3017187,275.629590670735
3017188,0
3017189,8.04373633188708
3017169,2692.81712297721
3017174,0
3017175,165.0929433731
3017173,10.579940205416
3017176,5.95052363195583
3017177,3.29457888506829
3017178,3.89206247802832
3017170,9.24011012670692
3017171,1.09647859837658
3017172,13.5468700015314
3017186,48.3215761722114
3017179,40.9761957916877
3017181,176.293668533433
3017182,171.709715621949
3017183,2.81782327530502
3017184,4.49052306930715
3017185,177.028645740738
3017180,2.20110849709748
3017367,4560.73038733139
3017368,13.9206104648069
3017366,95.6119621826826
3017369,0
3017370,20.5421027487761
3017359,0
3017361,0
3017362,1166.69064047468
3017363,573.249699056786
3017365,142.97862416799
3017360,410.335041185997
3017364,352.932175582483
3017358,2170.5966107065
3017371,16.0431316422904
3017372,0
3017357,3.20602826525832
3017356,0
3017373,251.976039013402
3017355,5.17141306272426
3017374,0
3017375,0
3017376,5.86355410469903
3017377,62.9487587292112
3017378,0
3017379,265.593748712207
3017380,262.075005257834
3017381,0
3017382,0
3017383,284.624764079052
3017384,73.7516644502578
3017385,420.684561514783
3017386,0
3017387,12.1182235517058
3018380,3.87508757912204
3018383,532.752608008487
3018381,2727.98575177887
3018382,0
3018379,0
3018378,6.29141312102433
3018384,11.5466208941816
3018385,1304.28435714227
3018386,701.952316128075
3018387,418.341575563974
3018388,198.109861924606
3018389,116.319146451266
3018390,5267.14133957478
3018391,16.9354701062727
3018392,2.0096492650345
3018393,24.9910137131839
3018394,19.6450402552027
3018395,1.442674920304
3018396,302.585853297415
3018397,10.9062461057023
3018398,6.0383741595855
3018399,7.13345477970893
3018400,76.0854031500754
3018401,4.03423840647907
3018402,392.736109288326
3018403,316.766888388972
3018404,5.16456635140722
3018405,8.23032606310315
3018406,362.397557027092
3018407,88.5648111906345
3018408,508.476340249291
3018409,3.20726703978474
3018410,15.2300713190391
3019209,7.81348283923328
3019210,894.152596139916
3019213,116.943219143149
3019218,16.8015298607764
3019219,13.293602199014
3019208,355.848991580515
3019222,7.38014762659268
3019223,4.08610738199309
3019211,490.706000239147
3019212,204.494093439532
3019226,2.72992876853556
3019214,78.7120026716395
3019216,11.4600631875244
3019217,1.35990955181852
3019231,208.427495286761
3019232,59.9309216730812
3019220,0.976243685117243
3019221,202.110452663799
3019224,4.82713748173622
3019225,51.8222066795685
3019227,218.648539167753
3019215,3610.89058319736
3019229,3.49481038033701
3019230,5.56937930539973
3019228,220.003067054268
3019206,1882.37546765564
3019207,0
3019233,344.080852320699
3019205,2.62223299591081
3019234,2.17032551824963
3019235,9.97625843882278
3019204,0
3019203,4.25733631563342
3020196,4477.28748816038
3020197,0
3020198,835.458469629824
3020199,18.344411730243
3020194,0
3020195,6.19662485773679
3020200,2154.61644235956
3020193,9.99532882518734
3020201,1167.15919485085
3020202,492.764141145859
3020203,274.558043469443
3020204,184.799200923596
3020205,8757.84907865747
3020222,140.705179132617
3020223,807.829357705892
3020224,5.50911206841381
3020225,23.5749954811866
3020208,39.9629514516011
3020209,31.0082320258491
3020218,519.891434595151
3020206,26.9058142050233
3020207,3.19278115121543
3020221,489.343851917747
3020210,2.29201451866217
3020211,480.725878809425
3020214,11.3331019297595
3020216,6.40929766592611
3020217,513.340709800934
3020219,8.20507856165205
3020220,13.1610555964412
3020212,17.8997999531403
3020213,9.59331935982366
3020215,122.461571719278
3019513,13.8583930497361
3019502,3.17100655822555
3019505,408.501070927285
3019507,1184.36266451592
3019509,247.290043419619
3019512,4782.85698755819
3019514,1.64450760635489
3019515,20.4502909323059
3019503,2132.96688811986
3019504,0
3019506,9.44866659996609
3019508,566.987688445543
3019510,142.339588945461
3019511,101.581548206602
3019501,0
3019500,5.14829971192404
3019529,72.4730967698898
3019530,421.53726000796
3019531,2.62452515187857
3019532,12.1427863522167
3019519,8.92464421014176
3019520,4.94123646759063
3019521,5.83734726697129
3019518,250.849845744304
3019522,62.2611250579237
3019523,3.30124059990636
3019517,1.18054922379535
3019524,264.406691826619
3019525,259.212175209137
3019516,15.9714277336905
3019526,4.22619448885171
3019527,6.7349233764538
3019528,252.046616566686
3018785,147.687077699589
3018786,6687.53800216727
3018784,199.023598815907
3018778,0
3018779,574.906034762386
3018782,808.401102907076
3018783,352.581807175447
3018780,13.2114167581125
3018781,1613.48292924905
3018787,19.37723214601
3018777,3080.96654696676
3018788,2.29940120328921
3018789,28.5942268650175
3018790,22.3317423447472
3018774,7.24548546820688
3018791,1.65068029800973
3018776,4.46273201305629
3018775,0
3018798,369.701583011494
3018797,4.61589631962683
3018799,371.991884633374
3018800,5.909195345432
3018792,346.212788109782
3018793,12.478712507274
3018794,6.90898907089789
3018795,8.16195880020401
3018796,87.0554233517082
3018801,9.41697737124145
3018802,352.41934496309
3018803,101.334116835223
3018804,585.585124253201
3018805,3.86569877107056
3018806,17.2007277572031
3019706,832.464955459618
3019708,204.947977839092
3019703,619.597322141357
3019704,13.6934618314304
3019705,1526.79607074426
3019707,367.831198836105
3019716,361.186715568233
3019717,12.9340233944873
3019718,7.16107741268667
3019709,137.94614084867
3019701,3277.55544239088
3019702,0
3019710,6369.53490572345
3019700,4.62556375319578
3019714,23.2976046738563
3019715,1.71090868379506
3019711,20.0842493767536
3019712,2.38329947414998
3019713,29.4453974740868
3019699,0
3019698,7.46116341984687
3019719,8.45976425894449
3019720,90.2318153088025
3019721,4.78431656709618
3019722,383.190887750825
3019723,388.080774723321
3019724,6.1248042052304
3019730,17.4838182873529
3019725,9.76057470303897
3019726,365.278072538771
3019728,603.016364804849
3019729,3.80358801029208
3019727,105.031495600406
3019796,15.3469455355282
3019770,11.8644967779594
3019783,11.2064926151634
3019771,1487.17989659356
3019772,725.983628882969
3019768,0
3019769,512.946412970813
3019784,6.20460924603635
3019785,7.4258116386021
3019773,314.582840209986
3019767,2695.80026458135
3019781,1.48239143732647
3019782,314.987004261066
3019786,78.1800172359255
3019774,178.732901256728
3019775,133.495684779085
3019765,0
3019766,4.00775106555393
3019780,20.1858638078422
3019794,522.474579865724
3019795,3.36050029424658
3019787,4.14530008509331
3019788,332.010057721698
3019776,6044.92606253227
3019777,17.401699800359
3019778,2.06497445861804
3019779,25.6790107162366
3019793,91.0029805812158
3019789,336.24682771777
3019790,5.30674570485859
3019791,8.45690509389189
3019792,318.555032153468
3019764,6.46461431333722
3019908,5636.05866668203
3019910,0
3019906,174.406480834022
3019907,117.389306416772
3019921,328.107614778913
3019909,17.0912798990514
3019911,0
3019900,0
3019901,520.44988018151
3019902,0
3019903,1333.51902542101
3019904,731.827867001746
3019905,310.987364363582
3019919,0
3019920,326.087502423451
3019912,19.8257786481781
3019913,0
3019914,313.418877510158
3019915,0
3019916,0
3019917,7.19908402436807
3019918,78.2984341638839
3019899,2789.1317419808
3019898,3.91073917833441
3019897,0
3019922,0
3019896,6.34929541000245
3019923,0
3019924,312.872494080946
3019925,89.3796255886109
3019926,509.827525648052
3019927,0
3019928,14.9754563574071
3019344,327.581515010339
3019340,566.343027127905
3019342,1441.70053892281
3019339,0
3019353,321.664099896455
3019341,12.3547420029805
3019343,770.877884025344
3019345,184.911560086486
3019346,124.460052649382
3019347,5975.53712345669
3019337,4.14629593521444
3019338,3054.88223850414
3019352,1.54364437854784
3019348,18.1207442228941
3019349,2.15029993740351
3019350,26.740076568628
3019351,21.0199508770136
3019336,0
3019335,6.73173447511299
3019367,15.8774776304933
3019365,544.063415259899
3019366,3.43173619142296
3019364,94.763256092901
3019363,329.567234430383
3019354,11.6695488742391
3019362,8.80634741903451
3019355,6.46098590599228
3019360,347.870621750367
3019361,5.5260223240778
3019359,345.728831345491
3019356,7.63270866870171
3019357,81.4104433432662
3019358,4.31658535837787
3020327,1.87577388181057
3020326,0
3020325,3.04541979274995
3020354,42.8706593817204
3020355,244.537186764273
3020356,0
3020357,7.18293105790349
3020332,665.073510117718
3020333,328.914161134493
3020331,5.58925429535223
3020345,2.92293381914133
3020346,3.45301825820576
3020334,144.391083213927
3020335,84.1994106252985
3020330,240.077656641102
3020344,5.27927464243519
3020347,36.1181841105949
3020348,1.95281238974863
3020336,61.2734836927864
3020337,2616.81569476254
3020343,147.425422896369
3020349,156.40685618192
3020350,156.355492420192
3020338,8.1977792379927
3020339,0.972790298537095
3020340,12.0971435731475
3020328,1261.73298794465
3020329,0
3020351,2.49995863965537
3020352,3.98396948526553
3020353,149.095390272253
3020341,9.38646974612131
3020342,0
3019938,210.831593974535
3019939,121.354188013664
3019941,3947.23020181781
3019942,11.8152233555299
3019943,1.40205466890844
3019935,8.0556314061723
3019936,983.817556902082
3019937,492.920739129944
3019951,53.0818469562712
3019952,2.81453231253098
3019940,91.8263013265788
3019954,228.301339389377
3019955,3.60311846045116
3019956,5.74198059541226
3019944,17.4352649822818
3019934,348.274967859345
3019948,7.60886665091874
3019949,4.21274041712826
3019950,4.97673586797069
3019953,225.424701797424
3019957,214.886896341686
3019945,13.6167292486953
3019946,1.00649856814424
3019947,208.374081506778
3019961,10.3525518719973
3019958,61.7882479252876
3019959,357.059201468664
3019960,0
3019933,0
3019932,1794.99636889535
3019931,2.70349892753246
3019930,0
3019929,4.38927592681829
3019044,6.78240645892879
3019043,291.327637463395
3019057,6.40625467033879
3019045,801.816138973424
3019046,406.992978274835
3019047,176.357981030806
3019056,176.584559047605
3019058,3.54689984859889
3019059,4.19014274529048
3019060,43.8284236593391
3019048,102.173670455091
3019041,1472.47727033461
3019042,0
3019069,1.92104893511128
3019061,2.36968415917683
3019049,74.3536882736936
3019050,3175.43391875055
3019054,11.390223036653
3019055,0.847417420843452
3019062,189.795420915295
3019063,190.971203709642
3019051,9.94777977786214
3019052,1.18045428877118
3019053,14.6795512190834
3019067,52.0223667996112
3019068,298.675538577446
3019064,3.0336310943578
3019065,4.83443746538952
3019066,180.923157999794
3019040,2.29105348684387
3019070,8.71628940584724
3019039,0
3019038,3.69553321087445
3019268,20.9344343434794
3019266,726.739632650774
3019267,4.52473986456841
3019243,1888.55649731651
3019242,16.2897118365511
3019256,8.51880181417323
3019244,1036.42936230856
3019245,431.915816713286
3019246,243.805660072004
3019239,3950.02453866495
3019240,0
3019241,751.595340676894
3019255,15.3862855556228
3019257,10.06371680732
3019258,108.040016329927
3019259,5.69141238148786
3019247,164.100423329869
3019248,7382.58858577897
3019249,23.8921785322253
3019250,2.83516777072373
3019251,35.2567574203638
3019252,27.7147788697172
3019253,2.03529317719384
3019254,421.364083186656
3019260,455.843030542199
3019261,455.693332419129
3019262,7.28605350397928
3019263,11.6111580277452
3019264,434.533985278277
3019265,124.945234313615
3019238,5.50256038602362
3019237,0
3019236,8.87578346300661
3019305,1114.19255881768
3019306,0
3019307,210.629762921621
3019308,4.71599203602757
3019309,532.709499806809
3019310,286.698728820243
3019303,0
3019304,1.58270392087245
3019311,120.256889837911
3019302,2.56960494728473
3019312,70.5835414877081
3019313,47.5082860456706
3019314,2068.9229954114
3019315,6.91696236323228
3019334,6.02138077408996
3019321,4.4544434470319
3019322,2.46625612013552
3019323,2.91352043500643
3019320,121.197140928838
3019324,31.0755985324256
3019319,0.58923242540671
3019333,1.30994565039027
3019325,1.64770597136163
3019326,131.969928215184
3019316,0.820802035155338
3019317,10.2070919902654
3019318,7.91993246861784
3019332,207.677241082061
3019327,129.377255615312
3019328,2.10936636839317
3019329,3.36151611135544
3019330,126.621720481486
3019331,36.1725692802286
3019368,5.56527766533219
3019381,14.9808304940871
3019369,0
3019380,5136.71665519641
3019394,4.56848806678476
3019382,1.77770175868324
3019370,3.42783694862225
3019371,2413.1300685032
3019372,0
3019379,114.179107754571
3019393,285.728007642708
3019383,22.1066281575463
3019384,17.2650069000268
3019385,1.27616584030577
3019373,441.586934231975
3019378,153.868146684624
3019392,285.821871088605
3019386,269.408971236262
3019374,10.2139456011409
3019375,1255.54800690499
3019376,624.987088074785
3019377,270.819072826267
3019391,3.5686190794204
3019387,9.64748089135161
3019388,5.34144367868006
3019389,6.3101334785193
3019390,67.3038610982152
3019400,13.2119271282332
3019399,2.83709419170426
3019398,449.78957275635
3019396,274.238666019919
3019397,78.3429344365406
3019395,7.28040726880956
3019432,0
3019433,11.7315736221389
3019430,69.5648631873422
3019431,401.99836269809
3019429,243.511114557599
3019428,0
3019401,4.94170638581329
3019402,0
3019414,13.3022771134273
3019415,0
3019403,3.04375895636866
3019404,2101.34050043036
3019412,101.385709725149
3019413,4502.21375593533
3019427,0
3019416,19.62965230207
3019417,15.3305189749019
3019405,0
3019406,392.108553069941
3019408,1122.14305007481
3019409,562.225768153736
3019410,238.915621690864
3019411,136.627720802009
3019425,253.796459134865
3019426,255.368728415535
3019418,0
3019419,240.783628374197
3019407,0
3019421,0
3019422,5.60310352534257
3019423,59.7626821480592
3019424,0
3019420,0
3019471,0
3019469,1.63845054739754
3019470,1087.85424445406
3019472,211.071403033561
3019473,4.88210058182735
3019474,566.008955031021
3019475,289.174654732858
3019467,2.66011259399248
3019468,0
3019476,126.945709758654
3019477,73.5464822105369
3019478,52.1466273253399
3019479,2127.90965907354
3019480,7.16059436064255
3019481,0.84971265065417
3019482,10.5666102410162
3019483,8.1988914776968
3019484,0.609986604076788
3019485,125.465994794787
3019487,2.55312357337884
3019488,3.01614160970724
3019489,31.5485033142101
3019490,1.70574212594323
3019491,136.61822547643
3019492,129.648528700653
3019493,2.18366330895965
3019494,3.4799167678184
3019495,131.081641044363
3019496,37.4466538917119
3019497,214.992131405945
3019498,0
3019486,4.61133962448115
3019499,6.27414500109203
3019541,202.919828551952
3019542,87.3590471057119
3019543,52.2848379693576
3019538,151.031681941201
3019539,3.47072803754547
3019540,410.309492853816
3019554,2.14420147118318
3019555,22.5744627163684
3019536,763.36979455568
3019537,0
3019551,90.3627619187133
3019552,3.27824170294759
3019553,1.81503789627528
3019544,36.3551286318721
3019535,1.16478883580393
3019549,5.82866371789987
3019550,0
3019548,7.46319432208241
3019545,1635.55310965083
3019546,5.09052920898035
3019547,0.604068161041178
3019534,0
3019533,1.89109732752409
3019556,1.21262700800762
3019557,97.1230923356513
3019558,94.5977170026172
3019559,1.55238536034602
3019560,2.47390329059367
3019561,92.5829321662814
3019562,26.6211540290675
3019563,152.839788082158
3019564,0
3019565,4.46034460002159
3019599,5.14409769173234
3019600,0
3019609,142.223411982134
3019622,3.29854614145703
3019610,102.82762716268
3019602,2159.13153317815
3019603,0
3019604,408.167654101455
3019605,9.44095463872464
3019606,1183.39599277786
3019607,566.52491552077
3019608,242.313502930225
3019623,264.190884216331
3019611,4566.24467843683
3019612,13.8470818886387
3019613,1.64316536628458
3019614,20.4335994923681
3019615,15.9583919227271
3019616,1.17958566457128
3019617,244.208076586532
3019618,8.91735995373223
3019619,4.93720345153278
3019620,5.83258284911407
3019621,62.2103077941102
3019624,265.827546969241
3019625,4.22274508699675
3019626,6.72942636081737
3019627,251.840897196928
3019628,72.4139445384692
3019629,413.054115222958
3019630,2.62238302568179
3019631,12.2120490531938
3019601,3.189094044299
3020226,10.523966134535
3020227,0
3020228,6.48205572683766
3020229,4838.34172274067
3020230,0
3020231,873.941618530855
3020232,19.3146189768724
3020233,2210.30967328757
3020234,1236.90758256455
3020239,28.3288206389196
3020240,3.36164235294609
3020241,42.0765294537303
3020242,32.8612561884456
3020243,2.41323558195306
3020244,499.609004686513
3020245,18.2434315571741
3020246,10.1006950172718
3020247,11.9324919663947
3020235,518.825665911499
3020238,8925.97798147557
3020236,289.078988992885
3020237,195.842635591348
3020248,128.102434874589
3020249,6.74827539564173
3020250,540.490497101971
3020251,550.959680905637
3020252,8.63903233442713
3020253,13.8571232436751
3020254,515.224482935281
3020255,148.146856000766
3020256,850.554189028453
3020257,5.36495840629351
3020258,24.8218401220204
3018910,0
3018909,1516.83281359834
3018911,288.617061521257
3018908,2.25502178512101
3018907,0
3018906,3.66114916306495
3018912,6.71930146848761
3018913,825.969306671366
3018916,101.88355943854
3018917,73.184317967301
3018918,3249.88052028594
3018919,9.85522346299155
3018920,1.16947108434952
3018929,2.3476361004061
3018930,188.029522882618
3018931,185.538396280127
3018932,3.00540552834804
3018933,4.78945680374837
3018921,14.6378702311369
3018914,403.206226749519
3018915,173.584375697959
3018934,180.409446384549
3018922,11.3578817380661
3018923,0.839532864150213
3018924,176.083166411866
3018925,6.3466494782608
3018926,3.51389871804191
3018927,4.15115674238872
3018928,43.9891697723948
3018935,51.53833934129
3018936,297.827481893863
3018937,1.90317507641211
3018938,8.6351911462591
3018817,98.971181468299
3018818,72.0231772255606
3018820,9.63598071025753
3018815,399.398359495518
3018819,2938.99763716766
3018821,1.14345462102543
3018822,14.2194414774956
3018814,756.737667231378
3018828,4.16579389378403
3018816,169.722756882054
3018823,11.1052103230716
3018812,284.037869718944
3018813,6.56982153473137
3018827,3.43572729649423
3018824,0.820856322026317
3018825,173.289434856606
3018826,6.20545969119234
3018811,0
3018810,1435.63209696491
3018809,2.20485578071718
3018808,0
3018829,42.7317236281855
3018830,2.2954097655083
3018807,3.57970195654605
3018831,183.846552263346
3018832,181.410844135717
3018833,2.9385462243869
3018834,4.68290887028977
3018835,175.252377862707
3018836,50.3917993941283
3018837,289.313976849672
3018838,1.86083637711683
3018839,8.49818539788118
3018855,11.7805732698926
3018854,0.947333336904029
3018868,145.193711117418
3018856,9.1408351005494
3018846,5.44298902896521
3018848,326.618336578678
3018849,140.612511130034
3018850,81.9959951831026
3018852,2450.80029416531
3018853,7.98325144937088
3018867,3.87971293738853
3018845,235.320700953268
3018859,5.14112123750814
3018847,647.66919301495
3018861,3.36265617970887
3018862,35.1730068935296
3018863,1.90170921760848
3018851,59.6700171226147
3018865,152.263823560372
3018866,2.43453719037728
3018857,0.680065954840076
3018858,145.447269481548
3018860,2.84644352703853
3018864,152.313843183168
3018844,0
3018869,41.7487765538325
3018870,239.691868887798
3018843,1189.39756766617
3018842,1.83860685277084
3018841,0
3018840,2.96572416365373
3018871,1.55173256444891
3018872,7.04060675655339
3019678,12.3105574302248
3019675,126.441765507658
3019676,92.0140342953042
3019677,4139.54909765514
3019668,1970.14304247897
3019670,362.875830979152
3019672,1011.81415443432
3019673,506.947835365318
3019674,219.670366579622
3019669,0
3019671,8.39335068651013
3019667,2.83522013507718
3019666,0
3019665,4.57328920057278
3019679,1.46083353674681
3019684,7.92785604355231
3019685,4.38935272598247
3019686,5.18537744688836
3019683,219.952590699665
3019697,10.8569540080076
3019687,55.6681268724855
3019688,2.93252701451638
3019696,0
3019689,234.875266777726
3019682,0
3019690,236.330319255616
3019691,3.75417335758848
3019680,18.1662101863789
3019681,14.2801702440593
3019695,369.616382023605
3019692,5.98270381828844
3019693,223.895680920749
3019694,64.3786199980062
3019740,342.509692678439
3019739,800.781930694025
3019753,86.2349268677085
3019741,193.338142464829
3019742,130.131806681268
3019737,12.9177584590776
3019738,1507.40010011007
3019752,7.98053791386421
3019754,4.51329594855679
3019755,361.483998175181
3019743,6329.65484125676
3019733,4.33524628665124
3019734,3299.68098378635
3019735,0
3019736,580.709105603949
3019750,12.2013404769971
3019751,6.75541871461002
3019756,368.485864885644
3019744,18.9465224699635
3019746,27.9586453693203
3019747,22.1212658991681
3019748,1.61398961014188
3019749,345.187669072373
3019757,5.77784802019232
3019745,2.24829099622211
3019732,0
3019758,9.26774539087755
3019759,344.585903078417
3019731,7.03850553408375
3019763,16.601028246534
3019762,3.58812342705193
3019760,99.0817009945248
3019761,572.568962952955
3019835,381.388611890059
3019833,2004.39557591767
3019834,0
3019836,8.82155297804469
3019837,1042.88405471389
3019830,4.80660399804488
3019831,0
3019832,2.97986412818427
3019838,519.127157998491
3019839,232.383855445448
3019840,132.892425769367
3019852,57.3775348137543
3019841,96.7083002458397
3019842,4294.50502304802
3019843,12.938603260618
3019844,1.53536065843504
3019845,18.9692085883666
3019846,14.9113945758514
3019847,1.1021954696695
3019848,234.200792286994
3019849,8.33231026590015
3019850,4.61328366439065
3019853,3.08213529784726
3019854,246.857862431766
3019855,246.776794704072
3019856,3.94569944705845
3019857,6.28792250630073
3019858,235.318132718104
3019859,67.6630142332291
3019860,388.473044598849
3019861,2.45033385658784
3019862,11.3368623999859
3019851,5.44991905704625
3019867,0
3019870,1192.15507458459
3019876,14.9842055248959
3019877,1.77810225705393
3019878,22.1116085590761
3019868,468.314116224575
3019869,10.2162467006091
3019871,641.605498989514
3019873,152.905023446246
3019875,4877.362548877
3019879,17.381585446499
3019866,2445.27756286824
3019872,270.880085646268
3019874,102.917131084578
3019880,1.27645334766592
3019882,9.64965437200401
3019881,265.986922145261
3019865,3.42860920589556
3019883,5.34264705235058
3019863,5.5665314665542
3019884,6.31155508828294
3019864,0
3019886,3.56942305349532
3019887,285.886263888532
3019888,285.792379296143
3019889,4.56951730131092
3019890,7.28204747152347
3019891,272.52209480101
3019892,78.3605843136606
3019885,67.7583171169258
3019893,452.826687940486
3019894,2.8377333605613
3019895,13.0441084286106
3020272,0
3020273,0
3020271,10211.7030053734
3020285,0
3020274,0
3020266,2278.76050528538
3020269,0
3020270,0
3020284,549.846387923316
3020275,33.4410665451461
3020263,0
3020264,918.760640823773
3020265,0
3020279,0
3020267,1258.73181906177
3020268,527.979926256642
3020282,0
3020283,0
3020276,0
3020277,525.230838735828
3020278,0
3020280,0
3020281,131.213386297275
3020262,4988.17978408287
3020260,0
3020286,14.1936417283664
3020287,0
3020288,0
3020259,0
3020261,6.68279778254168
3020289,876.894906169515
3020290,0
3020291,25.4246353687844
3020300,531.677116826295
3020302,127.534136303492
3020303,85.8405245810593
3020304,3811.90200900357
3020313,5.26430531040761
3020301,223.01402148039
3020315,2.97716370573876
3020316,238.450359081065
3020317,232.250220262427
3020305,12.4979393530744
3020306,1.48306923148527
3020307,18.5630711565205
3020298,8.52110787376207
3020299,975.131178257031
3020314,56.5154646728997
3020318,3.81131652323656
3020319,6.07376797615979
3020320,227.303650336142
3020308,14.4975321120427
3020297,380.57717603609
3020311,0
3020312,4.45616410788141
3020321,65.3585422861724
3020309,0
3020310,220.414507204845
3020324,10.8797544043854
3020322,375.242400891787
3020323,0
3020296,0
3020295,2013.1829980412
3020292,4.6429003233028
3020293,0
3020294,2.87837569514209
3019637,180.539941198281
3019636,0
3019635,936.568205958549
3019638,4.20315516213838
3019639,500.139555213529
3019634,1.41059401804146
3019633,0
3019632,2.29017526245309
3019641,107.879053514295
3019642,63.3184980889172
3019643,44.3144459983362
3019644,2006.638267037
3019645,6.16478268861238
3019646,0.731544558345533
3019647,9.09712973676749
3019648,7.05868559254365
3019649,0
3019640,248.959627608708
3019654,27.5167451369969
3019655,1.46852747127378
3019656,117.618961352597
3019657,115.308226911436
3019658,1.87998496868136
3019659,2.99597066494544
3019660,112.120691984791
3019661,32.2390114606869
3019662,183.893536520201
3019650,111.588319146066
3019653,2.59669192883287
3019663,0
3019651,3.97004847035669
3019652,2.19806502286518
3019664,5.36659042052483
3019180,85.0774460988339
3019181,61.5110535282532
3019182,2626.96162472416
3019183,8.28326607123434
3019184,0
3019178,336.695696656434
3019179,146.848856054774
3019185,12.3030567795875
3019177,654.750504929111
3019191,3.48902649744347
3019173,1258.41315674332
3019174,0
3019175,242.581197905449
3019176,0
3019190,0
3019186,0
3019187,0
3019188,149.934845170792
3019189,0
3019172,1.8953345413963
3019192,36.7329747887438
3019170,3.07717757573184
3019171,0
3019193,0
3019194,158.037874344778
3019195,156.961714661363
3019196,0
3019197,0
3019198,150.650164119569
3019199,43.3177166643244
3019200,250.322510201482
3019201,1.6417728839661
3019202,7.21078075155159
3019570,0
3019571,366.466726754912
3019572,8.47640842954952
3019573,989.129728331299
3019577,91.7235759020138
3019578,3994.44036399483
3019581,18.3459768223762
3019582,14.2350923889607
3019583,1.05907191096286
3019584,225.037652087952
3019585,8.00630740996274
3019586,4.43278826733425
3019574,495.582288976158
3019575,220.4058819064
3019576,127.692990204591
3019590,237.199512514972
3019591,234.056952736778
3019579,12.432378518596
3019580,1.47528944846196
3019594,227.586775095024
3019595,65.0156889203876
3019596,373.273979999418
3019597,0
3019598,10.8933060030415
3019587,5.23669017807664
3019588,54.7751925529047
3019589,2.96154630422856
3019592,3.79132337999384
3019593,6.04190662000371
3019569,1913.48676759048
3019567,0
3019568,2.84471321280362
3019566,4.6185449147033
3018740,13.2007199220889
3018739,2.85318545953846
3018712,0
3018713,444.091501634632
3018725,1.28340392439803
3018726,263.978830062736
3018714,10.2718764709698
3018710,3.46977412040293
3018711,2474.63630158048
3018738,455.292431515552
3018727,9.70219891918516
3018715,1160.2916491642
3018716,640.916855811368
3018709,0
3018723,22.2320112610169
3018724,17.5902739951027
3018728,5.37173897204969
3018729,6.34592293104059
3018717,270.589346674471
3018708,5.59684248744716
3018722,1.78778442538213
3018736,274.006039149289
3018737,78.7872753909656
3018730,67.6855912707184
3018718,153.737625828567
3018719,103.477538104514
3018721,15.0657979077753
3018735,7.32169986446854
3018731,3.58885936808375
3018732,287.442979155446
3018720,4535.71598067932
3018734,4.5943993549242
3018733,281.795893140011
3018746,217.548926650474
3018747,5.06476233458145
3018748,598.756238589322
3018745,0
3018743,1.69975248982424
3018744,1092.44368184033
3018742,0
3018741,2.7596395948803
3018751,76.2981931030738
3018752,55.8859418599948
3018753,2386.72915202695
3018754,7.42850500581539
3018755,0.881504294333852
3018756,10.8908866062802
3018757,8.50564957553923
3018758,0.632808997919293
3018750,129.99324218417
3018764,1.76956175465613
3018765,141.729739281895
3018766,140.76462992448
3018767,2.26536415898394
3018768,3.61011639922587
3018769,135.104376542424
3018770,38.8477047959266
3018771,223.03597214473
3018759,133.591117810863
3018749,303.922025211546
3018763,32.7288773797491
3018772,1.45332681404889
3018760,4.78387096918295
3018761,2.64864762477735
3018762,3.1289892874127
3018773,6.50888951397626
3018980,598.613950038384
3018982,147.375235151973
3018983,113.713292631548
3018978,9.78293862135678
3018979,1171.68240986135
3018981,256.038594530944
3018984,4670.49591186195
3018985,14.3486710174209
3018975,2165.7509642378
3018976,0
3018977,420.21079291957
3018986,1.7026864907459
3018988,16.5364599926396
3018989,1.22231433120116
3018990,256.367543165044
3018987,21.1737750361894
3018974,3.3046140445524
3018973,0
3018991,9.24037752856868
3018972,5.33043467596608
3018993,6.20316788769185
3018994,63.2180894976701
3018995,3.41803087467716
3018996,273.760790461703
3018992,5.11604601184917
3018997,273.670887855419
3018998,4.37570749787075
3019004,12.5723701137271
3018999,6.97318942459298
3019000,262.666372236793
3019001,75.0370277010331
3019002,430.809400660031
3019003,2.80720122275733
3019014,234.27548628017
3019027,57.8445944288295
3019015,132.242643962127
3019013,540.653036174735
3019028,3.06706509777833
3019016,103.373173265891
3019026,5.42327150182485
3019029,245.650842941728
3019017,4386.1513237069
3019009,0
3019010,379.523799956199
3019011,8.7784197098878
3019012,1051.37324872935
3019018,12.8753395421543
3019007,2.965293986302
3019008,2033.89782110399
3019022,1.09680624932782
3019023,233.055659950158
3019024,8.2915691657832
3019025,4.59072686493876
3019019,1.52785346291486
3019020,18.9996371544889
3019021,14.9353139899752
3019006,0
3019031,3.92640682219523
3019030,243.978082317309
3019005,4.78310195257878
3019032,6.2571775061529
3019037,11.5037271138111
3019036,2.58535245684404
3019033,235.695607262064
3019034,67.3321737401221
3019035,389.096195410294
3019103,18.5434757059543
3019102,4.00796135103223
3019076,665.754312339065
3019101,639.56391717593
3019075,0
3019089,378.12642051363
3019077,14.4292351415824
3019072,0
3019073,4.87410326759355
3019074,3614.54556760089
3019088,1.80283875678466
3019090,13.6289907682381
3019078,1683.7774576632
3019071,7.86206459258066
3019085,2.51135826342954
3019086,31.4338138462157
3019087,24.7096234458743
3019091,7.54585444694207
3019079,906.191567642942
3019080,385.082530929515
3019083,7256.63669730456
3019084,21.1634107186967
3019098,10.2850272079386
3019099,384.905093073558
3019100,110.675018921204
3019092,8.97249276076688
3019093,95.7005756742088
3019081,215.960185995068
3019082,145.35822479971
3019096,408.933023755713
3019097,6.45390049363365
3019094,5.04138614385636
3019095,403.780394726584
3019108,0
3019107,2278.01149022784
3019109,430.641020102105
3019110,10.0257650171868
3019111,1248.55277578641
3019105,0
3019106,3.40873890413448
3019104,5.46274361611895
3019134,444.383744818107
3019135,2.85822844357985
3019136,13.1383174508051
3019133,76.8995530316801
3019117,14.7048253594817
3019118,0
3019119,21.5586562073926
3019120,16.9469183564521
3019130,0
3019131,0
3019132,269.186123708685
3019121,0
3019115,115.780288487252
3019116,4944.64583696006
3019122,266.171060373639
3019123,0
3019113,265.829532715083
3019114,151.033297271308
3019128,280.555921111126
3019129,284.136086474009
3019124,0
3019112,613.472396319963
3019126,66.0638623378526
3019127,0
3019125,6.27497684426196
3019466,42.2750154479081
3019465,9.13726373179869
3019464,1458.06400629928
3019434,17.9237650683294
3019437,8186.93871066128
3019438,0
3019439,1478.79312326773
3019440,32.8954586607529
3019436,11.1118753678984
3019450,56.3324659007108
3019451,4.11007286345389
3019452,884.766886042465
3019453,31.0710788205501
3019441,3914.27854278017
3019435,0
3019449,70.7359371415489
3019463,252.314517989153
3019454,17.2028760072046
3019442,2106.62412228505
3019447,48.2478867096121
3019448,5.72534033345352
3019462,877.498318744975
3019455,20.5887771181296
3019443,877.902837737023
3019444,492.341368136454
3019446,16543.5236275529
3019460,14.7134629663853
3019461,23.6005911048568
3019456,218.176105664042
3019457,11.4932432565467
3019445,331.384541729418
3019459,950.646864308705
3019458,920.529823820874
3019797,6.63067114458724
3019798,0
3019799,4.08404771700153
3019829,15.63910952854
3019828,3.38021563750433
3019801,0
3019802,554.223924391167
3019800,2950.87344549358
3019814,1.5204696911593
3019815,320.983497875948
3019803,12.1692606267878
3019804,1410.84977161413
3019805,769.246800402393
3019811,2.11801754805694
3019812,26.3386285901716
3019813,20.5701476093869
3019827,542.912243401338
3019816,11.4943542822178
3019817,6.36398731572501
3019818,7.5181190392617
3019806,326.888392460857
3019808,122.591537560937
3019809,5697.48852334646
3019810,17.8486980259531
3019824,8.67413798575623
3019825,324.619451289673
3019826,93.3405781326191
3019819,80.1882307657699
3019807,182.135488305263
3019821,340.538414628414
3019822,338.219516617436
3019823,5.4430603144062
3019820,4.25178059009279
3020041,35.8640099423097
3020034,24.4521187749979
3020035,2909.59323089421
3020038,365.971173579679
3020039,246.327441673085
3020032,0
3020033,1128.20280219625
3020031,6327.77300652037
3019963,0
3019962,21.6118389574687
3019971,1065.45161732186
3019972,593.647725224094
3019973,399.571703910882
3019970,2556.66798385518
3019984,264.78566265937
3019985,13.8581442800986
3019986,1109.94214843377
3019974,20606.9870114663
3019964,13.3983044327453
3019965,10331.3630004925
3019966,0
3019967,1830.07590615449
3019968,39.6641750378913
3019969,4750.49655244726
3019983,25.4795781426232
3019987,1168.84278598637
3019975,58.1755871956157
3019976,6.90341191103495
3019977,86.4076496273703
3019978,67.9236854802588
3019979,4.95577979792761
3019980,1066.82046897823
3019981,39.2096002494795
3019982,20.7426165460034
3019988,17.7409707683608
3019989,28.2722622122583
3019990,1058.05628883605
3019991,304.231879218731
3019992,1769.55419995545
3019993,11.8345416758993
3019994,50.9737112878732
3019999,0
3020000,1512.20238632314
3020001,32.3511438729648
3019998,8317.62307122825
3020002,3874.62987165194
3020003,2058.33447212829
3019997,10.9280093168067
3019996,0
3019995,17.6271839967552
3020004,863.376349392554
3020005,484.194690806911
3020006,325.901185854435
3020007,16917.2790393409
3020008,47.4495382662478
3020009,5.63060423505291
3020010,70.0194357791597
3020011,55.4003434901815
3020012,4.04206428325635
3020013,870.126819619172
3020018,11.3030667848124
3020019,905.297994987813
3020020,959.55995666176
3020021,14.4700021423619
3020022,23.0596002959648
3020023,862.978523897976
3020024,248.139518493585
3020025,1433.93770338449
3020026,9.77895075452945
3020014,31.9803807254423
3020017,214.565987869982
3020027,41.5754989493064
3020015,16.9182233474021
3020016,20.6470803584081
3020037,652.569848094713
3020040,12297.265980381
3020042,4.25580635019143
3020036,1555.76072329281
3020030,8.25976920130312
3020029,0
3020028,13.3232382276782
3020043,53.2684748829001
3020044,41.6020290318781
3020048,12.787381131779
3020047,24.8090244152245
3020049,15.6057808423469
3020050,165.372060248863
3020051,8.54325066925797
3020060,31.4242068976053
3020052,684.255684656284
3020046,653.408244980069
3020053,702.061197138817
3020045,3.05513265121229
3020059,7.3912708089569
3020054,10.936930466783
3020055,17.5429825377273
3020056,652.269157761063
3020058,1098.01112469595
3020057,187.552471183143
3020069,1942.24392688429
3020070,809.399947979183
3020067,30.3286211004827
3020068,3608.84680253346
3020082,19.3562700435046
3020071,453.923897529327
3020072,305.526556365048
3020065,0
3020066,1390.26805080341
3020080,30.571803180195
3020081,15.860533018911
3020073,14479.2588755473
3020078,3.7893632630753
3020079,794.778990245358
3020074,44.4830968920544
3020064,7597.366173227
3020075,5.27859117075613
3020076,66.0703232382444
3020077,51.6001164205542
3020063,10.3116670375522
3020062,0
3020061,16.5251709987554
3020083,202.464416011795
3020084,10.5964237659152
3020093,38.9762896684084
3020092,9.10815647729718
3020085,848.700743962159
3020086,876.467747275388
3020087,13.5653692500688
3020088,21.6179645100383
3020089,809.026993664598
3020091,1353.06328181407
3020090,232.626378405657
3020103,545.023669625994
3020104,305.65762819734
3020097,4952.12101086188
3020098,0
3020099,912.119063529878
3020101,2430.08037293006
3020102,1299.36499662787
3020116,135.449091428207
3020117,7.13528803681089
3020105,205.731672375341
3020106,10337.6476849549
3020096,6.89852547355913
3020110,34.5205790944845
3020111,2.55163430185981
3020112,538.670720155383
3020100,20.4223096482168
3020114,10.6799684504223
3020115,12.8654287262483
3020118,571.487550800366
3020119,578.780285619832
3020107,29.9534745028914
3020108,3.55443206726629
3020109,44.2011758375696
3020113,20.855607597754
3020120,9.13447961908473
3020121,14.7474384231154
3020095,0
3020094,11.1275141065
3020122,544.772534288457
3020123,156.643057275952
3020124,905.201989449381
3020126,26.0752142367624
3020125,6.17315916642305
3020159,34.0997728311745
3020135,1710.32862335334
3020136,712.752852310488
3020128,0
3020129,8.96303459050327
3020130,6733.8533003514
3020131,0
3020132,1216.32472229037
3020133,26.534056951231
3020134,3076.2401544129
3020148,16.9345111337615
3020149,177.133089145592
3020137,397.131228243549
3020138,267.30061415732
3020140,38.9175961013972
3020141,4.61816045916044
3020142,57.4291809882461
3020143,45.4387602199959
3020144,3.31525723831019
3020145,704.444804223568
3020146,25.8909535152467
3020147,13.8761430994951
3020150,9.27065265356551
3020151,742.515586192794
3020139,13171.830283011
3020153,11.8681386487457
3020154,18.9132337925484
3020155,707.805615489653
3020156,203.521338887249
3020157,1176.10013530055
3020158,7.96858986396452
3020152,771.812363453164
3020127,14.4576249265361
3020406,36.8041060646473
3020412,10.5053932318588
3020413,112.781676795274
3020367,441.64137049422
3020366,1039.28808429222
3020365,1931.08158454937
3020363,753.668421777588
3020364,16.4412351893452
3020362,0
3020361,4118.5546701829
3020368,246.073487238927
3020360,5.55374400467862
3020359,0
3020358,8.95834406828207
3020387,126.107447679253
3020388,728.744155717957
3020389,4.56682800963073
3020390,21.1291618937515
3020376,430.852041010405
3020377,15.5294054338519
3020378,8.59804185387578
3020379,10.4930912328444
3020373,35.5847081015411
3020374,27.9725757085086
3020375,2.05422503118989
3020380,109.044981038603
3020371,24.1144183749605
3020372,2.86153988403452
3020386,438.575925799568
3020381,5.7443526602865
3020369,165.626849738596
3020370,8214.88922520938
3020384,7.35382678730295
3020385,11.7191624916571
3020382,460.083183162982
3020383,465.954290320092
3020395,0
3020396,764.431868319585
3020394,4096.65035904756
3020397,17.0046347441097
3020393,5.74405676789122
3020398,1908.35815941049
3020399,1074.90185887904
3020400,456.775303476537
3020401,254.505803397242
3020402,171.302463056278
3020404,24.9407585142138
3020405,2.95959761984569
3020403,7909.73209660387
3020392,0
3020391,9.26532386641603
3020457,8.13218237664262
3020472,32.5137887104223
3020407,29.1199164223686
3020408,2.12461812846208
3020409,442.727215810132
3020410,16.061558888652
3020480,5.21459358036918
3020411,8.89267500622313
3020414,5.94119710013208
3020415,475.849070431396
3020416,475.692802356784
3020423,21.8532048422523
3020417,7.60582383558235
3020418,12.1207485558411
3020419,453.604813743831
3020420,130.428831021609
3020422,4.72332165732089
3020421,743.975013936373
3020433,588.257183296968
3020434,327.764802299308
3020446,145.245662394934
3020447,7.65135909261201
3020435,220.611542792167
3020429,1010.42157172762
3020430,21.8993856748159
3020431,2457.67533190258
3020432,1375.33545197341
3020436,10730.6196346889
3020428,0
3020442,573.886019280541
3020443,20.6848472745465
3020444,11.4524141548841
3020445,13.706498983116
3020427,5630.42952205452
3020441,2.73618531106724
3020437,32.1199071867398
3020440,37.2588930639227
3020438,3.81151201978736
3020439,47.7073944595205
3020426,7.39747230040676
3020425,0
3020424,11.9323292623504
3020448,612.821296851992
3020456,28.14360721491
3020455,6.08292057997368
3020454,970.672163042712
3020449,624.69151257261
3020453,167.972515531214
3020452,584.174074281138
3020450,9.79514538574968
3020451,15.6096823769636
3020466,395.730496074899
3020468,167.931326216721
3020458,0
3020459,5.04156334864834
3020460,3458.01285037553
3020461,0
3020462,645.26259070356
3020463,14.924981898208
3020470,21.8905242572858
3020471,2.59764126468387
3020473,25.2282443551054
3020474,1.86477907847361
3020475,398.824589321023
3020476,14.0972434443598
3020464,1846.62366062214
3020469,7653.85594247315
3020483,6.67563783493479
3020484,10.6383909746325
3020485,398.129318032649
3020486,114.477492242299
3020487,661.537482266781
3020488,4.36709288931673
3020489,19.5585224459209
3020477,7.80510816561357
3020465,907.332604718667
3020482,422.982778868498
3020478,9.34132364480281
3020479,98.9885704661831
3020467,224.837628244498
3020481,417.65312041929
3018880,782.384540472355
3018881,402.329598716512
3018882,170.968375422642
3018884,73.5017338457543
3018893,3.48352709622907
3018894,4.11527711898969
3018895,43.0453375960491
3018883,100.348125051258
3018897,187.620719794133
3018885,3139.04937548822
3018879,6.66122464288089
3018896,2.32734481670187
3018898,186.343115578986
3018886,9.77004197544264
3018887,1.15936301455441
3018892,6.29179358934667
3018899,2.97942895718719
3018900,4.74806017214213
3018888,14.5113509730482
3018889,11.2597123494687
3018877,0
3018878,287.989566730382
3018905,8.61641700507034
3018901,177.69058900171
3018902,51.092878877874
3018890,0.832276543836111
3018891,178.000898137841
3018903,295.253274618306
3018904,1.89903730146465
3018876,1484.28762979473
3018873,3.62950481395207
3018875,2.25011904508196
3018874,0
3019274,347.003185394458
3019273,0
3019272,1776.84676029382
3019271,2.57373483242307
3019275,7.66897258071059
3019270,0
3019269,4.17859693855294
3019299,335.527582242727
3019300,2.13018537739646
3019301,9.85564413807459
3019286,0.958188071478592
3019287,195.808570350354
3019288,7.24365189691637
3019276,877.615256072041
3019284,16.4907857952022
3019285,13.0477372076901
3019289,4.01053488170445
3019277,481.630399458772
3019278,204.666937785119
3019282,11.2481094752055
3019283,1.33475804320907
3019297,204.572631604731
3019298,58.8225000942953
3019290,4.73785963986171
3019291,50.8637556739712
3019279,114.780355900397
3019280,77.2562252559906
3019281,3430.70084553424
3019295,3.43017391002772
3019296,5.50204476363324
3019292,2.67943877320228
3019293,214.604637418576
3019294,211.761427942238
3018949,94.2689508160356
3018947,375.505752906525
3018948,160.610966727898
3018943,0
3018944,268.788921892158
3018946,749.469687721507
3018945,6.25768202359085
3018942,1358.55829350786
3018950,66.8394693913765
3018941,2.1001006360165
3018951,2817.62995710558
3018940,0
3018939,3.40962634447073
3018958,5.91063141554266
3018959,3.27249208027558
3018960,3.86597015266836
3018957,166.133343125929
3018971,7.98981125060534
3018961,40.7014920225047
3018962,2.18635230050941
3018963,175.111798564942
3018952,9.17816457440685
3018953,1.08912782317691
3018954,13.4560519990753
3018955,10.509012453437
3018956,0.781856527325748
3018970,0
3018964,172.791813633174
3018965,2.79893263258765
3018966,4.46041867359866
3018967,166.925942926371
3018968,47.997629089011
3018969,273.781774249696
3019137,5.13674399125764
3019138,0
3019139,3.18453510242176
3019140,2142.06681783781
3019150,13.8272869121899
3019151,0
3019152,20.5375385174569
3019153,16.0395670333117
3019141,0
3019149,4772.12152877991
3019142,407.584161552986
3019148,105.387166814513
3019143,0
3019144,1181.70427924609
3019145,573.122329222151
3019146,251.596810684709
3019147,142.020097730562
3019154,0
3019159,62.1213755853203
3019160,0
3019161,263.813212417096
3019162,263.726576579552
3019158,5.82424493062251
3019163,0
3019164,0
3019155,253.563967627141
3019156,0
3019157,0
3019165,251.480880215088
3019166,72.3104258088028
3019167,417.864298861005
3019168,0
3019169,12.1945914238288
3020162,3.84910905321615
3020161,0
3020160,6.24923558686234
3020163,2657.33550522212
3020164,0
3020165,522.341674903165
3020192,14.6438957689795
3020191,3.18576557222332
3020178,300.557322517623
3020166,11.4692125301381
3020167,1329.68931926068
3020174,1.99617660811322
3020175,24.6625379193405
3020176,19.5133402157141
3020177,1.43300325043187
3020179,10.8331308041232
3020180,5.99789299462309
3020168,710.985437800167
3020169,304.102021368947
3020187,8.17515008721137
3020188,305.945413812773
3020189,87.9710740956946
3020190,505.067522897946
3020181,7.08563221157097
3020182,76.0684978028361
3020170,171.657974031323
3020173,16.8219349822527
3020183,4.0071929359411
3020171,115.539344731244
3020186,5.12994318018509
3020184,320.948623900129
3020172,5440.04469356777
3020185,318.763122665562
3020991,7.76110137372839
3020992,882.400072324554
3020995,116.159233649661
3021000,16.688892670046
3020989,0
3020990,355.769925813385
3021004,7.33067123350685
3021005,4.05871418266278
3020993,477.997539470551
3020994,203.123168268023
3021008,2.71162736920288
3020996,78.1843186493413
3020998,11.3832351049788
3020999,1.35079273966906
3021013,207.030200651415
3021001,13.1188743314103
3021002,0.969698962876406
3021003,198.160855100242
3021006,4.82606494440419
3021007,51.1410682242361
3021009,217.182722815716
3020997,3586.68322977797
3021011,3.47138122676358
3021012,5.53204227452989
3020988,1919.04053780429
3021010,224.288305586678
3020987,2.6216503643218
3020986,0
3020985,4.22879520023731
3021014,59.5291457210651
3021015,344.004401305839
3021016,2.1557756902654
3021017,9.90937775986908
3021979,0
3021980,829.857569249274
3021981,18.2214310838365
3021982,2112.51140652898
3021977,6.15508278259427
3021978,4333.05771523771
3021983,1166.89986479994
3021984,486.287369363085
3021976,0
3021975,9.92832029866476
3021985,272.717410683911
3021986,183.560310000345
3021987,8755.90318005387
3022007,23.2651314858956
3022005,807.649866828054
3022006,5.50788800376224
3022004,139.761893834787
3021992,2.27664888954181
3021993,471.331640487457
3021990,39.4376881568406
3021991,31.0013423346867
3021994,18.2484537856012
3021995,9.52900589840531
3021988,26.725438051692
3021989,3.17137679682211
3022003,486.063298465892
3021996,11.25712499348
3022001,8.1500718446111
3022002,12.9880698890796
3021997,121.640591277307
3021998,6.36632983563761
3021999,509.899281792969
3022000,523.167740105245
3021286,0
3021285,2188.70287577418
3021287,623.316627961273
3021288,9.38532288836438
3021282,5.11378559199601
3021283,0
3021284,3.14974818035961
3021289,1161.21811245299
3021290,563.186611940341
3021295,14.1283280133217
3021296,1.63348285334433
3021291,245.6322148756
3021293,94.5465134387661
3021294,4719.99228091369
3021292,141.385346590069
3021311,71.9872382741851
3021312,415.996676992608
3021313,2.60693037672664
3021314,11.9831845276452
3021310,250.35690003144
3021309,6.68977255654666
3021306,262.634113542114
3021307,264.26113209937
3021308,4.19786214777032
3021297,20.3131925050007
3021298,15.8643555345048
3021303,5.79821378312084
3021304,61.4427800034293
3021305,3.27910913508263
3021299,1.17263484045114
3021300,250.794109642875
3021301,8.86481353636213
3021302,4.9081104963811
3020560,0
3020561,894.513257224735
3020562,13.1228476289003
3020563,1666.4483980094
3020558,4.43281392814982
3020559,3100.38249999568
3020564,797.775675820811
3020565,350.218104310769
3020557,0
3020566,197.689347753924
3020556,7.15025257296442
3020570,2.28398605395181
3020567,132.197848114411
3020569,19.7546635289237
3020568,6556.85162028335
3020586,581.659370832176
3020587,3.81488896850873
3020588,16.7552578143307
3020576,6.86267131732535
3020577,8.10724115736253
3020575,12.395055415783
3020578,85.9111880829027
3020579,4.58495142362903
3020574,350.668051191868
3020580,367.223109440095
3020581,371.909232091368
3020582,5.86958019319871
3020571,28.2183913156227
3020572,22.182030696899
3020573,1.63961416337184
3020583,9.35384610372844
3020584,350.056731242517
3020585,100.654774516991
3021485,623.501964506069
3021483,3385.14707366712
3021484,0
3021486,13.6016610796627
3021480,7.41114389816307
3021481,0
3021482,4.59455404687608
3021496,23.1414179002139
3021497,1.69943877901045
3021487,1536.41779183159
3021493,19.9496048862535
3021494,2.36732187213028
3021495,29.2479959946438
3021488,821.523238959852
3021489,365.365264290667
3021490,203.57400983374
3021491,137.021352099905
3021492,6204.57465574865
3021498,356.439365401345
3021499,12.8473139060021
3021512,17.3666070457906
3021500,7.11306966285366
3021501,8.4030501330128
3021502,89.0458303182114
3021503,4.7522425844203
3021504,380.621982093579
3021505,390.526422210431
3021506,6.08374361460754
3021511,3.77808881636598
3021507,9.69513996444226
3021508,362.829254111692
3021510,598.973752622571
3021509,104.327366113349
3021578,15.0470389354673
3021577,3.38167784189994
3021576,518.971918537156
3021575,90.3928980372034
3021574,316.41944425093
3021573,8.40021013575754
3021547,0
3021546,6.42127564111845
3021560,2.05113090247308
3021548,3.98088316573103
3021557,118.720116980904
3021558,5850.19692895776
3021559,18.090224973457
3021561,25.3414920574524
3021549,2712.78893697184
3021550,0
3021552,11.7849573790134
3021553,1486.84946143099
3021554,725.822323233947
3021555,312.473881819478
3021556,177.534678710598
3021570,329.784267540334
3021571,331.827281358846
3021572,5.27116936549729
3021562,19.7913961419548
3021563,1.47245350855172
3021551,846.223562604528
3021565,11.1313644657286
3021566,6.16301364368082
3021567,7.32820858012213
3021568,77.1524381421364
3021569,4.11751005881663
3021564,316.972021880123
3021687,310.918266361022
3021688,173.237262542051
3021685,1324.57913494356
3021686,736.439775399438
3021700,76.2706363005417
3021701,0
3021689,116.602330361249
3021683,523.729704961648
3021684,0
3021698,0
3021699,7.15082147881083
3021690,5490.09421868236
3021679,0
3021680,3.90987025471655
3021681,2788.51202730963
3021682,0
3021696,309.299376165506
3021697,0
3021691,16.9767002286423
3021692,0
3021693,0
3021694,19.5651934452422
3021695,0
3021678,6.30672983388966
3021702,323.901416959233
3021703,325.90798651338
3021706,308.760174266932
3021707,88.7804259908208
3021708,509.714247529038
3021709,0
3021710,14.8750611345922
3021704,0
3021705,0
3021123,12.2719160077916
3021121,0
3021131,2.13588436059688
3021120,3054.20347696935
3021134,1.53329581102291
3021122,569.912066078946
3021124,1450.78599620344
3021126,323.275863409872
3021127,183.671915909182
3021129,6131.68228688886
3021133,21.0152804730489
3021125,765.709930870343
3021128,123.625674422831
3021130,17.999263039923
3021132,26.3886115188657
3021119,4.14537467345279
3021135,319.50766885289
3021118,0
3021117,6.68660503355006
3021149,15.7710352713151
3021136,11.5913164029596
3021137,6.41767155855903
3021138,7.58153911037993
3021139,81.3923548301397
3021140,4.28764703833532
3021141,343.411070722503
3021142,352.347218778709
3021148,3.40872988621547
3021143,5.48897595772573
3021144,8.74730980507343
3021146,94.127964721269
3021147,540.416022719941
3021145,329.494008183218
3022108,0
3022110,1303.15163449209
3022109,1.86319872334325
3022107,3.02500334657555
3022118,55.9279450446582
3022119,2650.49036755886
3022120,8.24944084943833
3022111,0
3022112,311.348837881248
3022113,5.55178402286376
3022114,673.632054337526
3022115,326.709125794936
3022116,144.359001089118
3022117,83.6349391067774
3022131,156.372104283331
3022132,154.300393932234
3022133,2.48319895643328
3022121,0.966268727745329
3022122,11.9381416661408
3022123,9.3235430012451
3022124,0
3022125,148.354483644868
3022126,5.24388246864234
3022127,2.90333851699878
3022128,3.4298692783588
3022129,36.1101590437784
3022130,1.93972076634126
3022134,3.95726101678114
3022135,148.095857131504
3022136,42.5832551585615
3022137,242.897813327777
3022138,0
3022139,7.08852036258533
3021742,0
3021740,61.3740204874215
3021741,354.665482223385
3021739,213.446297983723
3021714,1794.59754026787
3021715,0
3021716,545.427429931938
3021713,2.70289823953924
3021727,13.5254429109499
3021728,0.999751017645598
3021729,212.432809665363
3021717,8.00162658050049
3021718,990.017479940082
3021712,0
3021726,17.3183792413095
3021730,7.55785692910748
3021731,4.18449827193113
3021719,486.441909061432
3021720,213.544694846112
3021724,11.9672683701288
3021725,1.39265531655988
3021732,4.94337190934189
3021733,52.7259870929444
3021721,120.540631454559
3021723,3920.76803290919
3021737,3.57896321121987
3021738,5.70348644822119
3021734,2.79566373237605
3021722,80.6073380771155
3021736,228.250613320279
3021735,223.913458158177
3021711,4.35985029035338
3021743,10.216480453147
3020826,6.73693731318695
3020827,781.050448436108
3020839,6.36330724024464
3020840,3.52312148805323
3020828,409.557808638562
3020829,175.175679912348
3020830,101.488699782656
3020824,0
3020825,363.352699268051
3020841,4.16205209452832
3020842,43.8186854613374
3020843,2.3537978340136
3020831,67.8670240538052
3020823,1491.42594538947
3020837,0.841736347842912
3020838,176.545323883379
3020844,188.523035412157
3020832,3093.19551661151
3020833,10.0104697233597
3020836,11.3138631613754
3020850,296.673222485755
3020851,1.90817025340196
3020845,188.461124748473
3020846,3.01329367943116
3020834,1.17254054186987
3020835,14.4866067753208
3020849,51.6736096745154
3020847,4.80202747300338
3020848,179.710252007063
3020822,2.26094043815102
3020821,0
3020852,8.6578555393837
3020820,3.67075841461643
3021215,11.5023178167909
3021025,1863.733770964
3021026,1029.48115623874
3021027,431.81984972675
3021028,242.171190778896
3021029,163.000296684575
3021031,23.7320057448304
3021023,746.556657387848
3021024,16.1805058657686
3021038,8.46169190140406
3021039,9.99624980884566
3021040,104.559653037859
3021041,5.65325724280399
3021042,452.787066067549
3021030,7191.39194794016
3021044,7.2372079164048
3021032,2.81616085078311
3021022,0
3021036,421.270460680295
3021037,15.2831361403539
3021043,455.592082327781
3021045,11.533317007778
3021033,35.0203966756578
3021034,27.528979430055
3021035,2.0216486038906
3021049,4.49440608000509
3021050,20.6592772402679
3021046,431.620876306402
3021047,124.107603436852
3021048,712.537848207529
3021018,8.81628035090379
3021021,3872.83403669793
3021020,5.46567130813357
3021019,0
3021087,1128.53062241359
3021089,210.582963284191
3021094,70.1103505407611
3021086,1.57209349879289
3021088,0
3021090,4.68437609992849
3021091,515.54898232964
3021092,284.776705071937
3021093,120.230170067805
3021084,2.55237835631667
3021095,47.1897912466289
3021097,6.87059115683391
3021096,2150.78313435671
3021085,0
3021106,31.0686938731597
3021098,0.815299391279941
3021099,10.0729324606514
3021100,7.86683736647941
3021101,0.585282220536377
3021102,120.384637210909
3021103,4.4245809285411
3021104,2.44972237807181
3021105,2.89398824004239
3021107,1.63665977656259
3021108,131.085203901492
3021109,128.509912537767
3021110,2.09522520958645
3021111,3.33898056045528
3021112,124.95743544566
3021113,35.9300689472835
3021114,206.284976139049
3021115,1.30116379544658
3021116,5.98101353251543
3021160,152.836617060295
3021157,1255.26903782349
3021158,624.848222756255
3021159,269.003506040853
3021173,3.54469511349446
3021161,102.204150694084
3021151,0
3021152,3.42707532061613
3021154,0
3021155,747.701983600035
3021156,10.1454714712064
3021170,5.30563472465047
3021171,6.26783044337644
3021172,66.4192355501406
3021174,283.905725780677
3021162,5069.20090331739
3021150,5.52796813179256
3021164,1.76578407417987
3021165,21.9584256716524
3021153,2396.95248265026
3021167,1.26761044467518
3021168,267.602857749629
3021169,9.58280433188163
3021175,285.664521993882
3021163,15.2726283900906
3021166,17.149262566548
3021182,12.9537425835557
3021181,2.81807435706782
3021180,446.774190567054
3021179,77.8177246418593
3021176,4.53786099496499
3021177,7.23159953350645
3021178,270.634139826732
3021214,0
3021189,0
3021202,0
3021190,1121.89372212059
3021191,554.836009673627
3021187,0
3021188,655.343555401051
3021203,0
3021204,5.56554040783506
3021192,238.862537243935
3021184,0
3021185,3.02335364441512
3021186,2100.87360547605
3021200,0
3021201,240.730128876546
3021205,59.3620340711607
3021193,135.711770720406
3021194,90.7525076938694
3021183,4.90857726427943
3021197,0
3021198,19.4980554231761
3021199,15.3271127006903
3021213,399.303372025947
3021206,0
3021207,252.095011682689
3021195,4589.90826004567
3021196,13.4734583816141
3021210,0
3021211,241.878619892965
3021212,69.0985014436261
3021208,253.656740494943
3021209,0
3021254,268.442022227458
3021252,1080.56128678682
3021253,0
3021249,2.64227924119088
3021250,0
3021251,1.62746640081453
3021281,6.19167916823007
3021255,4.84937105666166
3021280,0
3021256,565.883194010783
3021279,213.550827553773
3021277,130.20287179383
3021278,37.1956121156613
3021265,8.14392623876893
3021266,0.605897263520557
3021267,127.909832158514
3021262,7.20571973336116
3021263,0.844016190469243
3021264,10.4277252911303
3021268,4.58042527649561
3021269,2.53600747328105
3021257,292.895918671548
3021258,124.464964901777
3021260,48.8519288288576
3021261,2226.53887271449
3021275,2.16902406463723
3021276,3.45658746078799
3021270,2.99592144400938
3021271,31.3370026464431
3021259,73.0534277557971
3021273,135.702339051339
3021274,133.036339751686
3021272,1.69430685768082
3021315,1.87841944091882
3021316,0
3021327,1572.60388087718
3021328,5.08939814887754
3021329,0.600018497633549
3021317,1.15698010985181
3021324,87.9095753666975
3021325,51.9343212416868
3021326,34.7292638143537
3021330,7.46153608165383
3021318,753.336248012088
3021319,0
3021320,187.150056462745
3021321,3.44746033161763
3021322,402.291315901952
3021323,202.8747419779
3021331,5.7895884484252
3021332,0
3021333,89.7569713904992
3021334,3.2562644223657
3021335,1.80286991089539
3021336,2.12982677839774
3021337,22.4231238749837
3021338,1.20449757570487
3021339,96.4719806591321
3021340,93.9635354024308
3021341,1.54197819341722
3021342,2.45731828202003
3021343,91.9622576518052
3021344,26.4426862330582
3021345,151.815152557652
3021346,0
3021347,4.40171891760142
3021391,141.269948475269
3021384,2130.75243449441
3021385,0
3021386,618.770069377132
3021387,9.37766262798925
3021388,1145.27448823581
3021389,570.09510071486
3021390,242.259663511122
3021404,3.27643274024017
3021392,94.4693449791279
3021393,4535.6326462571
3021394,14.0252740145561
3021395,1.63214961163025
3021396,20.1650252403843
3021397,15.748638708414
3021398,1.17167774091289
3021399,242.570909499468
3021400,8.85757811349248
3021401,4.90410451759919
3021402,5.79348130584566
3021403,61.793250873552
3021405,262.419752702636
3021406,262.333574475035
3021407,4.1944358706509
3021408,6.68431239281621
3021409,251.784940894669
3021410,71.9284825983894
3021411,410.285006960563
3021412,2.60480261131003
3021413,11.9734039037182
3021381,5.10961174208128
3021382,0
3021383,3.14717736937477
3022017,512.006347798495
3022022,3.3391059557243
3022023,41.5234858047966
3022024,32.6409548461506
3022018,287.141008017988
3022020,9774.76914209529
3022019,193.268527716711
3022013,868.08272772809
3022012,0
3022026,499.497997011474
3022014,19.1851340764133
3022008,10.4534136318427
3022009,0
3022010,6.4806154847104
3022011,4932.58335609999
3022025,2.39705728873962
3022015,2195.49179215969
3022016,1228.61537367359
3022021,28.1389046729382
3022027,18.1211278802524
3022039,5.32899180990152
3022040,24.6554348980157
3022028,10.0329801174622
3022029,11.8524967287798
3022030,127.243638175147
3022031,6.70303506400891
3022032,536.867057348893
3022033,554.431775497455
3022034,8.58111639814975
3022035,13.7642253083855
3022036,511.770426141986
3022037,147.153681818787
3022038,850.3652051588
3020692,0
3020691,1556.46876643158
3020693,339.504474108773
3020690,2.25452074386038
3020689,0
3020688,3.63660487692019
3020699,67.2355744451566
3020700,3145.19000606138
3020701,9.9173301275496
3020702,1.16163096867713
3020703,14.3518202231409
3020694,6.67425537760466
3020695,789.030517383471
3020696,405.747193371583
3020697,170.192228392898
3020698,100.544426762681
3020712,186.76897593199
3020713,184.294549802884
3020714,2.98525733716998
3020715,4.75734836100719
3020716,179.199984306371
3020704,11.2085965084588
3020705,0.833904649093172
3020706,177.192825486744
3020707,6.34523932192602
3020708,3.49034159655409
3020709,4.12332745317406
3020710,43.4109868452301
3020711,2.33189758508052
3020717,51.1928271286274
3020718,297.761307873743
3020719,1.89041622076911
3020720,8.52169229826075
3020597,401.915329306642
3020594,363.598557743568
3020595,6.52577755496261
3020596,756.569528370257
3020598,168.584938201456
3020599,98.3076802314335
3020607,174.381488105576
3020608,6.16385838746592
3020609,3.4126942349814
3020600,65.7398283082613
3020592,1444.67931151157
3020593,0
3020601,2957.51891586559
3020605,10.9592461449661
3020606,0.815353314212595
3020602,9.69670572820432
3020604,14.032544604046
3020603,1.13578891931212
3020590,0
3020591,2.19007446239893
3020589,3.55570369118696
3020618,50.0539735671567
3020619,287.374420519897
3020620,1.82447232605281
3020621,8.33211574685744
3020610,4.11103971406354
3020611,42.4452508281231
3020617,174.07748869042
3020612,2.28002137470673
3020613,182.614047881662
3020616,4.65151472321109
3020614,182.554077720043
3020615,2.91884625692625
3020627,280.435658570495
3020626,0
3020640,141.680429627939
3020628,5.40649931651168
3020625,1196.8930360377
3020639,0.675506803423549
3020641,5.10665524195918
3020629,651.750741593347
3020630,328.676653728419
3020631,136.970883392858
3020637,11.6257322858025
3020638,9.07955508645619
3020642,2.82736101460572
3020643,3.34011298580848
3020644,34.9372076110323
3020632,81.446295326893
3020633,54.464365943017
3020635,7.98147765791729
3020636,0.940982429180843
3020650,144.220334772079
3020645,1.88896018905974
3020646,151.292733584955
3020634,2450.25575305398
3020648,2.41821609151753
3020649,3.85370340315391
3020647,150.262504970752
3020623,0
3020624,1.81444065237332
3020622,2.94584199571763
3020651,41.4688934154265
3020652,238.084978385793
3020654,6.90302078351169
3020653,1.54132977385348
3021455,500.284636562343
3021456,219.621558218603
3021457,125.594101909415
3021458,83.9866699795773
3021452,564.60920900135
3021453,8.33708179611874
3021454,1031.52235696202
3021449,2.79795469257538
3021450,1931.64294484484
3021451,0
3021448,0
3021447,4.54262994202794
3021459,4165.63613547777
3021460,12.3881373718378
3021475,222.394687813303
3021476,63.9470267466913
3021477,367.138479638283
3021478,0
3021479,10.6447898248468
3021463,14.0924751665018
3021464,0
3021465,219.903719631523
3021461,1.45104013179694
3021462,17.9274379468619
3021466,7.87470782189271
3021474,5.94259586641453
3021467,4.35992657465719
3021468,5.15061475841093
3021473,3.72900543871337
3021469,54.5802727047988
3021470,2.9128673997436
3021472,230.209761142966
3021471,233.300666700166
3021522,335.816444358682
3021521,816.379629541657
3021535,84.5497430854685
3021523,192.042006612396
3021524,129.259405105298
3021519,12.8311580104624
3021520,1497.29451365514
3021534,7.92703651377839
3021536,4.48303888382561
3021537,359.060615162691
3021525,6205.9621325933
3021515,4.33428304218109
3021516,3172.68273964325
3021517,0
3021518,580.580078370488
3021532,12.1195428832147
3021533,6.7101304942797
3021538,368.403991343009
3021526,18.819505282671
3021514,0
3021528,27.7712110524977
3021529,22.11635079501
3021530,1.60316944929576
3021531,338.442088332885
3021539,5.73911341835221
3021527,2.23321848890537
3021513,6.99131950418831
3021545,16.4897352154577
3021541,342.275804628474
3021544,3.56406870428762
3021543,565.04325604108
3021540,9.14593240404375
3021542,98.4174588365015
3021612,4.77438060078406
3021613,0
3021614,2.94069752028734
3021615,1978.05028894644
3021616,0
3021617,510.960382451587
3021618,8.76241342625624
3021644,11.1878534434358
3021619,1049.45620910514
3021643,2.43390685712739
3021620,522.398647111433
3021642,385.868727445549
3021641,67.2094024548532
3021629,1.09480636865501
3021630,231.122514148775
3021627,19.0887507052099
3021628,14.8114288222079
3021631,8.27645058952412
3021625,13.0201410862771
3021626,1.52506762483887
3021640,233.740563674277
3021632,4.58235628359228
3021633,5.41338288579395
3021621,229.32945868228
3021622,132.001517046646
3021623,88.2714051094238
3021638,3.91924754030556
3021639,6.24576837316469
3021634,56.9928767269009
3021635,3.06147271150678
3021636,245.202931222261
3021624,4210.58275998759
3021637,246.721963590188
3021649,0
3021650,462.158709610804
3021651,10.1477571441401
3021648,2460.68746543601
3021652,1184.16288580006
3021653,633.172392672435
3021646,0
3021647,3.42784740630229
3021661,17.153126123347
3021654,270.819899043866
3021645,5.52921352755098
3021659,1.76618188761581
3021660,21.9633726846491
3021655,151.879950584889
3021656,102.227176263829
3021657,4940.12722438363
3021658,14.8837516478003
3021662,1.26789602459053
3021663,267.663145988641
3021664,9.58496324155407
3021675,446.874844309739
3021676,2.81870924094695
3021677,12.9566609317959
3021665,5.30683003092292
3021666,6.26924252269068
3021667,66.4341991375311
3021668,3.54549369773989
3021669,283.969686892291
3021670,287.593415213883
3021671,4.53888332951915
3021672,7.23322874032728
3021673,270.695110983184
3021674,77.835256194482
3022051,0
3022052,0
3022050,527.862614872077
3022064,0
3022065,0
3022053,9818.67460118352
3022049,1258.45214257191
3022063,131.184232113083
3022044,4987.07146490665
3022047,0
3022048,2308.08489161883
3022062,0
3022054,0
3022043,6.63799641179257
3022057,33.4336363046716
3022045,0
3022046,918.556502223992
3022060,0
3022061,0
3022055,0
3022056,42.5318784037805
3022058,0
3022059,518.327332592186
3022042,0
3022066,553.311466650495
3022067,0
3022041,0
3022068,0
3022069,0
3022070,0
3022071,871.01621657308
3022072,0
3022073,25.2541890149693
3022082,531.558983966285
3022084,126.679149468692
3022085,85.2650510605076
3022086,3713.1801529196
3022080,8.46398250120585
3022081,981.276360577403
3022095,5.22901349078017
3022083,225.883892758437
3022097,2.95720484729327
3022098,236.851791641189
3022099,236.774009891159
3022087,12.4141533651129
3022088,1.47312675878919
3022089,18.2003157440932
3022079,387.990090779244
3022093,0
3022094,4.42629005410746
3022096,56.1365858906503
3022100,3.78576551748178
3022101,6.03304953161028
3022102,225.779810255579
3022090,14.4003408858177
3022078,0
3022092,218.936851830989
3022106,10.8068167027534
3022103,64.92037965132
3022091,0
3022105,0
3022104,372.726781764861
3022077,2039.08978195183
3022076,2.85907910995883
3022075,0
3022074,4.61177439289101
3021418,0
3021417,930.289467503137
3021419,216.556487565131
3021416,1.40113741803123
3021415,0
3021414,2.27482196367729
3021420,4.17497727633926
3021442,111.369036637179
3021443,32.0228816372156
3021444,183.85267738085
3021445,0
3021446,5.33061288313523
3021421,503.291386291181
3021422,245.687362935803
3021423,105.770905017752
3021424,62.8940118781314
3021425,42.0581742215098
3021426,1892.12307101895
3021433,3.94343332813631
3021434,2.18332922968028
3021435,2.57928374716848
3021436,27.33227331235
3021437,1.4586824863084
3021438,116.830445694013
3021439,116.034888198871
3021427,6.28486085240753
3021431,0
3021432,109.407685004625
3021440,1.86738157915419
3021428,0.726640295184443
3021429,8.97755928051165
3021430,7.05711722954556
3021441,2.97588572494257
3020960,336.620886542663
3020961,144.9187104784
3020962,84.5070882443708
3020958,0
3020959,663.176206846462
3020973,3.46563611892958
3020963,56.5111643254876
3020957,289.088115562531
3020971,0
3020972,0
3020956,0
3020970,148.929684337667
3020964,2626.37794248537
3020955,1233.8215264129
3020969,0
3020965,8.33546641243037
3020953,0
3020954,1.89491341872059
3020968,9.4822449810272
3020966,0
3020967,12.2205772813196
3020952,3.05654822588209
3020975,0
3020976,156.978390932095
3020974,36.4867175061237
3020977,156.926839479269
3020978,0
3020979,0
3020980,150.616691295208
3020981,43.0273153762062
3020982,248.644352048069
3020983,1.60968972301642
3020984,7.16243979132012
3021351,1888.33636384108
3021350,2.82564230037011
3021364,14.2319295065962
3021352,0
3021353,478.359997672062
3021354,8.41958272136107
3021358,126.836938415749
3021359,84.8177734940663
3021362,1.46539913130835
3021363,18.1048417740054
3021377,64.5798247690825
3021365,1.0519719096046
3021366,223.529003223842
3021367,7.95263325158222
3021355,1001.85841228918
3021356,505.23528313272
3021357,220.356910121892
3021371,2.94169214459604
3021372,235.609330730712
3021360,4045.84309462318
3021361,12.510726164919
3021375,6.00140177348247
3021376,226.06103695055
3021368,4.403070924826
3021369,5.20158348986005
3021370,54.4079805274522
3021373,237.068930735416
3021374,3.76590640795548
3021378,370.771557135054
3021348,4.58758226256596
3021379,0
3021380,10.7501270436766
3021349,0
3020522,13.0272128764973
3020521,2.83405774929669
3020518,272.169106991998
3020520,446.395207970112
3020519,78.2590867415464
3020517,7.27261530425654
3020498,616.249224082813
3020499,265.30154977795
3020495,446.89012330249
3020496,10.2030139733992
3020497,1130.24204533554
3020511,6.30337996397348
3020512,66.7959483542856
3020500,152.706971213994
3020490,5.55932134383878
3020491,0
3020492,3.44651280952054
3020494,0
3020508,262.209120156736
3020509,9.6371555309211
3020510,5.335726918852
3020513,3.5647997115824
3020501,102.783826323957
3020502,4033.6939183428
3020503,14.9647970366341
3020504,1.77579914684051
3020505,21.9397991230256
3020493,2318.28524072873
3020507,1.27480000476604
3020514,285.515965964651
3020515,276.289100402192
3020516,4.56359857423813
3020506,17.134715459306
3020523,2.74113901463722
3020524,0
3020525,1.68835737598775
3020526,1099.32815620577
3020555,6.42333825644505
3020554,1.41568809189899
3020552,38.5872703967501
3020553,222.98641598284
3020528,255.905986798212
3020529,5.03080824791127
3020530,587.055477199059
3020531,303.854497050333
3020527,0
3020541,134.432996107481
3020542,4.75179997378845
3020543,2.63089113294823
3020544,3.10801259266644
3020532,130.812447016761
3020537,0.875594703471989
3020538,10.8178742745426
3020539,8.44862783517005
3020540,0.628566656395325
3020545,32.5094635028961
3020533,75.7866912219861
3020550,3.58591423592359
3020551,134.198638936669
3020546,1.75769864061116
3020534,50.679703327915
3020535,2309.84389403647
3020536,7.47531872549374
3020547,140.779585349012
3020548,141.651715000246
3020549,2.2501771934538
3020758,0
3020759,596.911454227165
3020757,2193.6210795176
3020767,14.6281556571398
3020769,21.0318263828824
3020770,16.3191087924929
3020771,1.21411995523677
3020760,9.71735395540501
3020762,598.480944543655
3020763,254.322115838497
3020765,97.8913509169699
3020766,4699.92892512715
3020768,1.69127170741358
3020761,1171.42207480136
3020764,146.387233903974
3020756,3.28245996420906
3020772,254.648859206151
3020773,9.17843018361075
3020755,0
3020754,5.29469952611675
3020775,6.20178961140253
3020776,62.7942764244937
3020777,3.3951164496966
3020778,271.925502447739
3020779,275.395535307115
3020774,5.08174812021684
3020780,4.34637282393914
3020781,6.92644127286361
3020786,12.4071219448855
3020782,259.213949452881
3020783,74.533980652875
3020784,427.921261244591
3020785,2.84332588481854
3020797,131.356091366377
3020810,3.046503541821
3020798,87.8397992236295
3020796,229.697326775711
3020811,244.004003571814
3020809,57.0842991765991
3020799,4328.50081962943
3020792,672.550555418092
3020793,8.71956932284759
3020794,1037.5542549716
3020795,537.028506762281
3020800,13.1261265055482
3020789,2.94541470226807
3020790,2007.16476381184
3020791,0
3020805,233.003877522854
3020806,8.23598261709867
3020807,4.55995070456753
3020808,5.49306124424923
3020801,1.51761075743884
3020802,18.7499105540123
3020803,14.7390078626824
3020804,1.08945327756134
3020812,245.515608581924
3020788,0
3020813,3.9000842528946
3020787,4.75103611265944
3020819,11.1331500727395
3020814,6.2152294870121
3020815,234.115507634859
3020816,66.8807799111849
3020817,386.487700663799
3020818,2.60164509783838
3020853,7.80935743576891
3020885,18.4191605377997
3020884,3.9810920414588
3020883,631.157644912666
3020882,109.933055342969
3020858,657.003799904473
3020859,14.3325017771683
3020855,4.84142735629613
3020856,3661.05959590633
3020857,0
3020871,378.042404944619
3020872,13.5376222294594
3020860,1640.1704511189
3020854,0
3020868,30.8195412396087
3020869,24.3848461771285
3020870,1.79075255424318
3020873,7.4952671579507
3020861,905.990221754216
3020867,2.49452215730978
3020881,382.324695410911
3020874,8.85456050254909
3020862,377.557333662962
3020863,214.512392320227
3020866,21.0215315476104
3020880,10.2160765480351
3020875,93.8304162859529
3020876,5.00758877079946
3020864,144.383745557244
3020865,7068.70200171352
3020879,6.41063364669291
3020877,403.690679124134
3020878,400.941745457157
3020891,701.259748586924
3020890,0
3020888,3.36393527070084
3020889,2307.3262378095
3020886,5.42612146922526
3020887,0
3020892,9.95855244691396
3020918,12.7150842884213
3020917,2.95205491462212
3020914,267.381504188355
3020915,76.3840196431323
3020916,441.4046032139
3020904,267.848444638315
3020902,16.9431529359169
3020903,0
3020905,0
3020893,1232.14210237842
3020894,605.40906464823
3020900,0
3020901,21.5538661089755
3020906,0
3020907,6.23290949863969
3020895,264.047415727742
3020896,150.020772432656
3020897,100.321152926993
3020898,4975.8065165233
3020899,15.0890732206463
3020913,7.09836535777468
3020908,64.7728570172976
3020909,0
3020910,278.675078648648
3020911,285.926684594665
3020912,0
3021216,17.8036044304984
3021248,41.9916044122706
3021247,9.07600766010516
3021246,1448.28916823777
3021220,0
3021219,8132.05360289476
3021233,4.0825189999145
3021221,1488.11233442539
3021222,32.6749280256239
3021223,3837.78658112313
3021218,11.0373815309944
3021232,55.9548139393387
3021234,884.570300484459
3021235,30.8627787990455
3021236,17.0875481982496
3021224,2092.50134745292
3021217,0
3021231,70.2617245365463
3021245,250.623005447004
3021237,20.7185255991192
3021225,872.017390983284
3021230,5.68695774231572
3021244,871.615583880167
3021238,216.71345649875
3021226,489.040719383229
3021227,329.162944997383
3021229,47.9244336394046
3021243,23.2903906869261
3021239,11.4161927353427
3021240,914.358606425916
3021228,16865.7597938929
3021242,14.6148241431244
3021241,956.637748851962
3021587,764.089782006232
3021590,121.769685830017
3021591,6000.47119392158
3021584,550.508415958525
3021585,12.0876780958144
3021586,1419.74081034465
3021588,324.696937842482
3021589,180.914454869319
3021603,338.255450477091
3021604,340.350943281117
3021582,3008.35081052402
3021583,0
3021602,4.22327672019293
3021579,6.58621922999539
3021580,0
3021611,15.5342651853512
3021610,3.35755472527631
3021609,535.776337183797
3021606,8.615986701747
3021608,92.714824371555
3021607,322.443207617061
3021581,4.05666832563278
3021821,244.676066395966
3021816,24.2881921570623
3021813,6285.35171626048
3021600,7.46771768800521
3021592,17.7290406363881
3021597,318.831629577575
3021598,11.4172963127151
3021599,6.32132324530838
3021601,79.1342562027536
3021605,5.4065701240562
3021593,2.10381839187844
3021594,26.162054840241
3021595,20.4322456648122
3021596,1.51027648637247
3021753,1058.30884651297
3021754,589.667920253546
3021755,396.892981520907
3021756,20468.8380961221
3021744,21.4669535305547
3021745,0
3021746,13.3084824115151
3021747,10262.1017061679
3021748,0
3021749,1853.62636385601
3021750,39.3982670351124
3021751,4688.05718347551
3021752,2539.52812208556
3021766,261.305384438622
3021767,13.765239499797
3021768,1102.50111380723
3021769,1161.00688241628
3021757,57.7855789782031
3021758,6.85713154665401
3021759,85.2719285385326
3021760,67.4683261659612
3021761,4.92255632846128
3021762,1059.66852140946
3021763,39.2008883036938
3021764,20.6035583724025
3021765,25.3087634533203
3021770,17.6220355806287
3021771,28.450431272768
3021772,1050.96309619249
3021773,302.192313507168
3021774,1746.29561079815
3021775,11.7552030954843
3021776,50.6319843327598
3021782,1502.06460541731
3021784,3848.65441420971
3021783,32.1342623155732
3021780,8370.03992691346
3021781,0
3021785,2057.87713264469
3021779,10.8547481150042
3021778,0
3021777,17.5090116337422
3021786,857.588287987165
3021787,480.948657249788
3021788,323.716349453551
3021789,16586.6853308258
3021790,47.1314373113912
3021791,5.592856753222
3021792,69.0991173792744
3021793,55.0289404627226
3021794,4.01496634816411
3021795,864.293503168037
3021796,32.6032973129279
3021800,11.2272912036702
3021801,899.228891532694
3021802,953.127081872893
3021803,14.3729954766187
3021804,23.0544767041316
3021805,857.193129508417
3021806,246.475995082091
3021807,1433.6190980569
3021808,9.65041860897845
3021809,41.2967774612235
3021797,16.8048038453811
3021798,20.2435997011568
3021799,211.745784815945
3021823,35.6235781862908
3021820,363.517708614173
3021817,2908.94675099324
3021818,1555.41505021809
3021819,648.195030143381
3021822,12294.533661922
3021814,0
3021815,1127.95212783116
3021812,8.20439583907804
3021824,4.22727549165947
3021825,52.2275141812689
3021811,0
3021810,13.2339194491007
3021832,162.140396187798
3021833,8.48597685175059
3021834,679.668445357265
3021835,706.485518863603
3021826,41.5927855144947
3021827,3.03465109018822
3021828,653.263064790268
3021829,24.3242119718642
3021830,12.7016547307062
3021831,15.4006622621417
3021836,10.863609457732
3021837,17.5390846782282
3021838,647.896355632977
3021839,186.295122379571
3021840,1083.57913406232
3021841,7.38962854914896
3021842,31.2135395110514
3021852,803.973743516067
3021856,44.184882913302
3021847,0
3021848,1399.02938552111
3021849,30.125298503803
3021850,3561.4129996503
3021851,1929.22315428499
3021853,450.880798892074
3021854,303.478311158352
3021855,14570.5057637999
3021857,5.24320357894662
3021846,7595.67812127557
3021860,3.76395943162979
3021861,789.450804451886
3021862,31.5753774089238
3021863,15.7542042561412
3021864,19.3519692912868
3021858,65.6273888351351
3021859,51.5886514371335
3021845,10.1761329990021
3021844,0
3021843,16.4143865134697
3021875,38.7149932382784
3021865,199.803273069064
3021866,10.525385508407
3021867,843.011067583708
3021868,905.239371843723
3021869,13.4744272289427
3021870,21.4730380175166
3021871,808.847236685104
3021872,231.066854840212
3021874,9.04709554017795
3021873,1335.27894778444
3021886,303.608504287151
3021887,204.3524504942
3021878,6.85227786777783
3021880,0
3021881,917.867149601024
3021882,20.285398806998
3021884,1290.65407421983
3021885,541.369839555937
3021899,7.08745317854628
3021900,567.656307289033
3021888,10069.9199824614
3021889,29.7526668830748
3021890,3.53060321084568
3021891,44.1913548180969
3021879,5181.65321824364
3021893,2.53452818581475
3021894,538.551033392944
3021895,20.5814865740779
3021883,2413.78915250405
3021897,13.030988380911
3021898,136.302678494763
3021901,574.900151729491
3021902,9.07324221203884
3021903,14.5536016864874
3021904,541.120387825735
3021892,34.5129089980885
3021896,10.6083701106691
3021877,0
3021876,11.0529154277395
3021905,155.592924694861
3021906,899.133529613876
3021908,25.9004064124952
3021907,6.09202066676135
3021941,33.6515737273225
3021910,0
3021911,8.90294654822025
3021912,6645.34517363659
3021913,0
3021914,1216.05446819517
3021915,26.3561730526555
3021916,3136.1594229083
3021917,1698.86260728476
3021918,703.38460252023
3021919,394.46886676389
3021920,265.508635063232
3021923,4.58720038440698
3021924,57.0441766662548
3021925,45.134139489392
3021926,3.29303180616405
3021927,699.722217385949
3021928,26.0541157987908
3021929,13.7831176553926
3021930,16.820982438678
3021931,174.804894989853
3021932,9.20850234464793
3021933,737.537773434353
3021921,13168.9036458967
3021922,38.656693152013
3021936,18.7864397720233
3021937,703.060497826405
3021938,202.15693504689
3021939,1168.21557857532
3021940,7.9668193301554
3021934,756.72977771828
3021935,11.7885748347555
3021909,14.3607012374522
3022199,7.55483451275703
3022230,608.712952560183
3022229,7.600064502143
3022232,9.72947888584228
3022233,15.505035312934
3022149,435.836543950082
3022147,1905.69991881379
3022145,748.615840585596
3022148,1039.05716580826
3022144,0
3022146,16.3310134083995
3022143,4226.17552146262
3022142,5.51651179261779
3022141,0
3022140,8.89828747118591
3022150,244.423814468322
3022151,164.516489954775
3022152,8484.55768636258
3022153,23.9527556951712
3022154,2.84235616586293
3022155,35.5768015672789
3022156,27.7850480029122
3022157,2.04045353903657
3022158,427.963615734729
3022159,15.4252965451806
3022160,8.5404007171324
3022163,5.70584261081
3022164,456.998792772154
3022165,471.95045516119
3022166,7.30452684870786
3022167,11.6405974114702
3022168,435.6357197223
3022169,125.262025342449
3022170,723.858666411837
3022171,4.53621206680789
3022172,20.9875123262466
3022161,10.4227457150053
3022162,108.313945208579
3022187,2.93975652416249
3022181,1088.73430739972
3022183,252.799600512339
3022184,170.154054050447
3022185,8169.38322812245
3022186,24.7735560631867
3022176,4203.6988346276
3022178,764.26201989085
3022182,450.771560205475
3022177,0
3022179,16.8906359414504
3022180,1971.00343606232
3022189,28.9246969627539
3022190,2.11037472209684
3022175,5.70554870207266
3022174,0
3022188,36.5573719190773
3022173,9.20320928160331
3022191,442.628846648563
3022196,5.9013674086409
3022197,472.658985781415
3022198,481.814287910003
3022200,12.0394912490248
3022192,15.9538824516275
3022193,8.83305865348147
3022194,10.5030590479928
3022195,112.756617936025
3022201,450.563854239234
3022202,129.554438199154
3022203,743.809710797699
3022204,4.69165658355646
3022205,21.7067013022601
3022216,325.567472243222
3022215,584.31351643433
3022220,3.78595970342679
3022214,1375.02986742731
3022228,144.271937769052
3022217,219.132566494846
3022218,10728.2354079713
3022221,47.0803400932134
3022210,0
3022213,2538.35292920171
3022227,13.6146108304894
3022219,31.9045758364393
3022222,37.0091100334951
3022223,2.71784196797228
3022211,1003.64772147494
3022212,21.7525725392519
3022226,11.3756373513325
3022224,577.502593438179
3022225,20.5461763852287
3022209,5449.052835038
3022208,7.3478797629814
3022249,223.330320337075
3022248,395.642569072184
3022246,1810.53735130625
3022206,11.8523351155008
3022269,657.102545437643
3022207,0
3022238,27.954932916797
3022237,6.04214077651281
3022231,624.552712927733
3022234,580.257780516831
3022235,166.846430440979
3022236,964.164792197834
3022262,5.1796350273945
3022250,149.344353161676
3022251,7702.08980194675
3022241,5.00776478761331
3022242,3457.24451761296
3022245,14.8249250553701
3022247,901.249861272058
3022261,97.0541578141885
3022263,414.853180498721
3022264,422.888796705599
3022252,22.0284762227742
3022254,31.8784114749544
3022255,25.2226389142008
3022243,0
3022244,1037.17109047866
3022258,14.0027357470385
3022259,7.75278284378832
3022260,9.27869955867655
3022265,6.63088446436131
3022253,2.58022671868694
3022267,395.460265374813
3022268,113.710036942997
3022256,1.85227762899415
3022257,401.337943288031
3022266,10.5670713696201
3022240,0
3022270,4.3661225688786
3022239,8.07766435447425
3022271,18.9284710457064
3020663,399.632387443334
3020664,172.045801579672
3020677,42.7567623329011
3020665,99.6753928063672
3020676,4.08768836620342
3020667,2921.65436739483
3020662,762.122095681171
3020678,2.31174233382165
3020666,66.6544383330277
3020680,182.701639813748
3020668,9.8316118345093
3020675,3.46017358561403
3020679,185.154678777023
3020681,2.95945491253178
3020669,1.15159066322223
3020670,14.3206173123285
3020660,336.570040785906
3020661,6.61656789811922
3020682,4.7162292517652
3020683,176.49935410047
3020671,11.1117174343809
3020672,0.82669697503581
3020673,171.149992965348
3020674,6.24961350453105
3020684,50.7503530251201
3020685,293.273901330127
3020686,1.84985542671277
3020687,8.44803689824614
3020659,0
3020658,1464.7785149151
3020655,3.6051726710238
3020657,2.23503428255455
3020656,0
3021055,0
3021056,346.926085069043
3021057,7.61755990969565
3021053,2.57316297659735
3021054,1788.04427662889
3021052,0
3021051,4.15058369069674
3021059,481.523386433845
3021060,196.789709089201
3021061,114.010870207916
3021062,76.7383007424862
3021063,3213.94425939602
3021064,11.1727023269986
3021065,1.32580984637595
3021066,16.3802318277778
3021067,12.8762409296142
3021058,860.465093715576
3021072,4.70609710369202
3021073,50.1952148650783
3021074,2.6614758580006
3021075,213.165931319974
3021076,208.97808734041
3021077,3.40717807833002
3021078,5.42972722812874
3021079,203.201179914604
3021080,58.4281549830308
3021068,0.951764393786318
3021069,194.495872788408
3021070,7.19509056904572
3021071,3.98364831922206
3021081,333.278210632549
3021082,2.11590464828232
3021083,9.78957205548746
3020730,161.623121497637
3020726,348.583535999699
3020727,6.21573062217311
3020729,372.988368271853
3020725,0
3020728,749.303163726211
3020724,1385.02040799479
3020731,93.6369732591696
3020723,2.09963401654655
3020733,2798.74061039036
3020734,9.17612528628159
3020732,62.6164561189068
3020722,0
3020721,3.38676826332788
3020735,1.08182632745803
3020736,13.3658428390728
3020737,10.4385601999866
3020738,0.77661497351952
3020739,165.019587818441
3020740,5.87100663591805
3020741,3.25055334507324
3020742,3.84005274984537
3020743,40.4286298630502
3020744,2.17169502923013
3020745,173.937851834046
3020746,173.880730921351
3020747,2.78016863244059
3020748,4.43051609728336
3020749,166.888853801367
3020750,47.6758537419381
3020751,271.946345560748
3020752,0
3020753,7.93624768221652
3020923,0
3020924,630.06073137049
3020922,2141.59087393969
3020925,0
3020926,1181.44171743597
3020927,569.280126182108
3020919,5.10230734069837
3020921,3.14267834911854
3020928,249.910109640989
3020932,14.0052243050911
3020920,0
3020929,141.067997239227
3020931,4558.70392332647
3020933,0
3020930,94.3342971420437
3020934,0
3020949,415.062943203499
3020950,0
3020951,11.9562874274677
3020939,0
3020940,5.78519928462793
3020938,0
3020941,61.7049148648846
3020942,0
3020937,250.231184631128
3020943,262.044612809176
3020936,0
3020944,265.388555943914
3020945,0
3020946,0
3020935,15.932038029338
3020947,249.794956367405
3020948,71.8256578566511
3021943,0
3021944,3.8233046869375
3021945,2709.09531317839
3021946,0
3021947,522.225616276593
3021942,6.20734081022298
3021974,14.64064205496
3021973,3.16440825016073
3021972,501.681558204266
3021948,11.3923231105442
3021960,296.606870317385
3021961,10.7605056663707
3021949,1320.77510307281
3021950,701.640418475507
3021957,24.6570581722396
3021958,19.3825230912095
3021959,1.42339641928174
3021962,5.95768321475101
3021963,7.03813024517424
3021951,304.03445321455
3021952,170.507181685531
3021970,303.894360592365
3021971,87.3813174048585
3021964,75.5585357954122
3021965,3.9803287778103
3021953,114.764770789633
3021956,1.98279427167107
3021966,318.796989396339
3021954,5403.57471989223
3021969,8.12034401019021
3021967,320.771937017383
3021955,16.7091609959103
3021968,5.0955521221558
3022773,7.7142461302199
3022774,860.124402825575
3022775,481.332732992725
3022768,0
3022769,2.58892879877687
3022771,0
3022772,353.622075179271
3022786,7.28641457853139
3022787,4.03421095403549
3022788,4.79692907344092
3022776,197.995443661196
3022781,1.34263774726541
3022782,16.6963852536588
3022770,1846.41909396581
3022784,0.963844706006459
3022785,196.964520369839
3022789,50.1753406684943
3022777,115.45795828727
3022778,77.7123050635813
3022779,3635.27741453805
3022780,11.3145123519732
3022794,5.4986442842975
3022783,13.0396731946443
3022790,2.69525675959864
3022791,215.87154945599
3022792,215.80065758398
3022793,3.45042383877721
3022795,205.780319996851
3022767,4.20326516019359
3022796,59.1697569585301
3022797,341.927581378484
3022798,2.14276086285199
3022799,9.84955296367095
3023757,9.86838114276107
3023758,0
3023759,6.11792337844454
3023760,4335.00306882542
3023761,0
3023762,835.647840873585
3023763,18.1114248425321
3023764,2059.18230176055
3023765,1152.33545494192
3023766,486.505691144334
3023767,271.070963862606
3023768,182.452121534636
3023769,8759.83419800571
3023789,23.124675467022
3023788,5.43914248346635
3023787,802.773931138317
3023785,483.128841986912
3023786,138.918124728639
3023783,8.10086831247021
3023784,12.9096584435832
3023775,462.431201585478
3023778,11.189163591177
3023771,3.1522305925765
3023773,30.4159253381875
3023774,2.26290432765992
3023779,118.569846278595
3023776,17.6724599466546
3023777,9.47147747940089
3023770,26.5640915046643
3023781,506.820922954095
3023782,506.654483772588
3023772,38.9454551285443
3023780,6.32789509289428
3023066,3.13073255218076
3023065,0
3023067,2161.38505125316
3023068,0
3023069,403.312820982751
3023070,9.32866191098961
3023064,5.08291269681978
3023071,1146.7246181657
3023077,13.6823817437966
3023072,567.116206101012
3023073,237.879084441787
3023075,93.9757181744434
3023076,4511.93279049024
3023074,154.933931169249
3023078,1.62362120701673
3023096,11.9108397659919
3023095,2.59119184275713
3023094,413.485226019271
3023092,248.845447861171
3023093,71.5526376400202
3023079,20.0596577587108
3023091,6.64938512864699
3023080,15.7685794061075
3023090,4.17251885644125
3023081,1.16555542113292
3023082,246.058213602576
3023087,3.2593125302431
3023088,261.048541501359
3023089,264.37977380119
3023083,8.81129497283587
3023084,4.87847930083288
3023085,5.76320886492172
3023086,60.2825190270546
3022340,4.4060521882846
3022341,3002.52208730776
3022342,0
3022343,567.604325133579
3022339,0
3022344,13.0436225045825
3022345,1645.64898050324
3022338,7.10708513972002
3022346,803.342098336483
3022347,348.103771077845
3022348,219.469921737443
3022349,131.399744589354
3022370,16.6541031396095
3022369,3.84150708246319
3022350,6559.79536016908
3022368,581.920510474947
3022366,347.943372249465
3022367,100.047102520043
3022365,9.29737515768272
3022364,5.8341444224232
3022354,22.1919894594715
3022355,1.62971550116073
3022352,2.2701971962144
3022353,28.0480315260976
3022356,341.815643018755
3022357,12.3202241113275
3022351,19.1311277150509
3022358,6.8212400667582
3022361,4.55727120079932
3022362,365.006113760461
3022363,372.076203086562
3022359,8.05829620221787
3022360,84.8389060539357
3023265,3321.22330510317
3023266,0
3023267,623.781889645152
3023269,1527.14214572153
3023274,6207.36023866952
3023271,356.141833639414
3023276,2.35302990022574
3023273,136.19412816488
3023278,23.1518073857216
3023279,1.68917894422877
3023280,349.70850644451
3023268,13.5195452675738
3023270,838.087164717438
3023272,202.344994859777
3023275,19.8291653313718
3023277,29.0714202860591
3023264,4.56681585118545
3023281,12.7697522311175
3023282,7.0701267099019
3023262,7.36640141442225
3023263,0
3023283,8.40682273536389
3023284,88.5082437229508
3023285,4.72355239306961
3023286,378.324094874112
3023287,380.667812964331
3023288,6.04701489856853
3023289,9.63660856251771
3023290,360.638784971455
3023291,103.697521983187
3023292,591.497790468022
3023293,3.75527977639044
3023294,17.26176153961
3023360,14.9561971026587
3023334,11.7138093523171
3023335,1430.58324269695
3023336,716.763127909167
3023333,506.431633970103
3023347,11.0641623036245
3023348,6.12580635941594
3023349,7.28396679265303
3023337,310.58741762868
3023338,199.67538908923
3023330,3.95684981773991
3023331,2714.00686067331
3023332,0
3023346,310.986448513007
3023350,75.6955222408135
3023351,4.09265186831449
3023339,118.003381079305
3023329,0
3023343,25.1885006553249
3023344,19.8002816140672
3023345,1.46356402697225
3023359,3.38319606749362
3023352,327.793297262175
3023340,5702.51215718514
3023341,17.1806860149629
3023342,2.03874783552482
3023356,314.509159950124
3023357,89.8471789381966
3023358,515.838786466565
3023353,334.142582396784
3023354,5.23934631457942
3023355,8.34949647122976
3023328,6.3825091801084
3023461,0
3023462,3.86107004948973
3023463,2682.98753963211
3023460,6.26865490768016
3023474,0
3023475,0
3023476,19.5739773622273
3023464,0
3023465,530.825457894594
3023472,5564.47677095182
3023473,16.8742086639945
3023477,0
3023478,291.844005219495
3023466,0
3023471,115.898379939828
3023485,317.680631572752
3023479,0
3023467,1308.04668516561
3023468,727.24806062749
3023469,309.041193716295
3023470,172.191396275102
3023484,321.945962567702
3023480,0
3023481,7.20071582241093
3023482,74.8303719938511
3023483,0
3023490,506.63700577717
3023491,0
3023492,14.689401256172
3023488,306.896130434188
3023489,88.2444416919081
3023487,0
3023486,0
3022907,751.250569624615
3022905,12.1978281193371
3022915,20.7529827666872
3022904,566.471398659634
3022906,1432.6783226126
3022911,5785.63959463506
3022908,317.171250811006
3022913,2.12298962091979
3022910,122.879322738959
3022903,0
3022909,182.563053657398
3022912,17.8905980693089
3022914,26.2292984576096
3022916,1.52403901290412
3022902,2900.64446631317
3022917,313.474213338642
3022918,11.5213374236251
3022901,4.12034825897816
3022900,0
3022919,6.37892685608012
3022899,6.64623672858852
3022920,7.53576791836993
3022921,79.3376528272674
3022922,4.26176169856386
3022923,341.337832844606
3022924,345.693634288225
3022925,5.45583796702996
3022926,8.69450063389724
3022927,325.381499538986
3022928,93.5596963150729
3022929,537.15342851828
3022930,3.38815073627498
3022931,15.6758225350764
3023890,0
3023889,3.00674082665826
3023920,0
3023921,7.04572561842335
3023918,42.3261719568663
3023919,243.006863832906
3023917,147.201774305582
3023892,1286.88662745556
3023893,0
3023894,237.028502116429
3023903,0.960435179856571
3023891,1.85195023866523
3023905,9.26725500078629
3023906,0
3023907,144.609362185779
3023895,5.51826684794599
3023896,660.911455024811
3023897,324.736720731734
3023901,2600.43956351705
3023902,8.09366169533788
3023916,3.93337028019116
3023904,11.8660688367999
3023908,5.21222415390497
3023909,2.88581051077249
3023910,3.40916250589172
3023898,141.632983230831
3023900,55.5902974147911
3023914,153.368853138859
3023915,2.46820741255556
3023911,35.6594578549132
3023899,87.570188108834
3023913,154.420379473135
3023912,1.9280103035514
3023522,61.0034938654182
3023521,212.157682130583
3023523,352.524299325055
3023524,0
3023519,3.55735633035406
3023520,5.66905341693991
3023525,10.1548016196438
3023493,4.33352904583175
3023494,0
3023496,1807.11921579332
3023506,11.6651617368912
3023507,1.38424759182616
3023495,2.66916259610259
3023509,13.3566280023115
3023497,0
3023498,343.851631639988
3023499,7.95331924062184
3023500,977.66078955095
3023501,486.660300224252
3023502,210.879382635044
3023503,136.458189027049
3023504,80.6435272498956
3023505,3846.72981156328
3023508,17.1022236130883
3023510,0.993715330811483
3023511,207.070068651099
3023512,7.51222871092515
3023513,4.15923566085948
3023514,4.91352783394438
3023515,51.7303305607797
3023516,2.77878577928144
3023517,222.561650070431
3023518,219.61302137274
3022608,6.69626514269072
3022609,791.632511965761
3022606,0
3022621,6.32489074548395
3022622,3.50185173427942
3022610,404.446000877244
3022611,174.118111051459
3022612,110.493066830878
3022605,1463.26245207925
3022619,0.836654625591269
3022607,287.627572257986
3022623,4.13692499529415
3022624,43.2717719568028
3022625,2.33958750929657
3022613,67.4572979356796
3022604,2.24729071117459
3022618,11.2455592199732
3022632,294.882149877288
3022620,172.088541285825
3022626,187.384886030279
3022614,3135.10368212368
3022615,9.82143600166697
3022617,14.3991483779383
3022631,51.3616462755502
3022633,1.87213712662648
3022627,182.512541487039
3022628,2.99510185299912
3022616,1.1654616918501
3022630,179.790934058045
3022629,4.77303672082178
3022603,0
3022602,3.64859734866773
3022634,8.54979437632173
3022965,4.87894325076472
3022832,20.6685523530727
3022830,712.857746568105
3022831,4.46727249661736
3022829,123.358342255962
3022828,429.0150990734
3022802,5.432674012035
3022803,3799.7009818377
3022801,0
3022815,34.8089718874755
3022816,27.5413387389818
3022804,0
3022805,737.238670927804
3022814,2.79915915269047
3022817,2.00944352718016
3022818,405.328499841829
3022806,16.0828210777568
3022807,1888.98457160843
3022812,7101.63413500441
3022813,23.5887311173551
3022827,11.4636881818115
3022819,15.1908689438638
3022820,8.41060705977627
3022808,1010.04084426994
3022811,162.016232925408
3022825,446.988862970834
3022826,7.19351551723159
3022821,9.93590054958323
3022809,432.013717971559
3022810,240.709157290569
3022824,450.053504525639
3022822,103.928406547401
3022823,5.61912745477876
3022800,8.76305479143887
3022873,512.436515175251
3022871,206.606398510033
3022869,1057.93815532619
3022870,0
3022872,4.65609563143848
3022874,283.057453999291
3022875,117.959791440653
3022876,69.6870810344288
3022877,46.904897511384
3022868,1.56260247166195
3022867,0
3022878,1951.72917113747
3022880,0.81037727395777
3022879,6.82911209269097
3022866,2.53696916325861
3022881,10.0121202536513
3022882,7.81934377469413
3022883,0.581748760574463
3022884,118.111341687772
3022885,4.39786889285869
3022886,2.45082219638263
3022887,2.87651668321453
3022888,30.284383016679
3022889,1.62677895054594
3022890,130.293817620937
3022891,126.083182552786
3022892,2.08257593692875
3022893,3.31882250044593
3022894,124.203043667474
3022895,35.7131522947706
3022896,205.03959454645
3022897,1.2933084224081
3022898,5.94490501749948
3022935,2306.24561811396
3022939,1231.56503746158
3022936,0
3022943,101.587124818793
3022940,617.049313963992
3022945,14.7905634458182
3022942,170.782732074699
3022934,3.38430101659107
3022948,17.0457292102815
3022949,1.25995763959004
3022937,435.978470631537
3022938,10.0842213324179
3022952,5.2736035998114
3022953,6.22999036017788
3022941,267.379480767475
3022955,3.52329511564515
3022956,282.191732975489
3022944,4941.23191568034
3022946,1.75512370024645
3022947,21.6843563012067
3022950,264.262830197126
3022951,9.52495112151326
3022954,65.1650011700366
3022957,282.09906166115
3022958,4.51046506599974
3022933,0
3022932,5.49459473793392
3022964,12.8755383785246
3022963,2.80106110677419
3022959,7.18794099320632
3022960,270.755642730563
3022961,77.3479242537709
3022962,444.076929896914
3022997,11.4328761388298
3022973,544.358707535348
3022971,0
3022972,1122.39740338236
3022986,5.53194018300767
3022974,235.881225824601
3022975,152.636661295671
3022968,2021.37112934473
3022969,0
3022970,387.128499592729
3022984,0
3022985,0
3022987,58.2410650719204
3022988,0
3022976,90.2046175630439
3022966,0
3022967,3.0051010840632
3022981,15.0376816113725
3022982,0
3022983,236.184277039153
3022989,250.573066202161
3022977,4387.58293474015
3022978,13.133328869695
3022979,0
3022980,19.5068091981229
3022994,68.6813406625323
3022995,396.892701706219
3022996,0
3022990,245.650324091178
3022991,0
3022992,0
3022993,240.418352710662
3023036,208.390648261987
3023037,4.82009448227081
3023033,1.6176410769539
3023034,1074.03773300493
3023035,0
3023032,0
3023031,2.62632729941075
3023038,566.137250839479
3023039,283.65095761405
3023063,6.15429882474739
3023061,212.261580635759
3023062,0
3023060,36.9710551386031
3023047,8.0947598088181
3023045,0.838920704374523
3023046,10.3647711324062
3023048,0.60223934662754
3023049,125.494433852319
3023058,3.43571938557744
3023059,129.416812319841
3023050,4.55277237887606
3023042,48.5570004532427
3023043,2033.65843848803
3023044,7.06964979295734
3023051,2.52069711435414
3023040,123.713546261829
3023041,79.0192925971709
3023055,134.883078248685
3023056,131.375875270883
3023057,2.15592925427071
3023053,31.1478152078154
3023054,1.68407800528321
3023052,2.97783449706309
3023098,0
3023099,1.15749954336863
3023100,753.674463071551
3023097,1.86707906587704
3023111,0.596396071967085
3023112,7.36840652277582
3023113,5.75463560301035
3023101,0
3023108,34.5195966505668
3023109,1522.96624268979
3023110,5.0258759197584
3023114,0
3023102,147.186265737986
3023103,3.42664735861993
3023104,410.402496661681
3023105,200.342604490239
3023106,85.6903499744041
3023107,54.0254256490974
3023115,88.0620365054539
3023116,3.23660573539706
3023117,1.79198564271986
3023118,2.11696860949525
3023119,22.1432544737918
3023128,0
3023129,4.37514490422256
3023120,1.19722579500039
3023121,95.8895609833846
3023122,93.3962596872723
3023127,150.89861563862
3023126,26.283046712479
3023124,2.44248298469075
3023125,91.4070640306458
3023123,1.53266897810637
3023195,11.9011181895497
3023170,1138.36024856205
3023171,559.329651981178
3023183,4.87449750690596
3023184,5.75850495851097
3023172,239.235951590436
3023173,153.803821425448
3023163,5.07876404522997
3023164,0
3023165,3.12817726167026
3023166,2104.1579059508
3023167,0
3023168,402.983638784322
3023169,9.32104789706172
3023185,60.6263717449072
3023186,3.25665229330479
3023174,93.8990155954572
3023175,4567.27969748985
3023176,13.6712142423738
3023177,1.62229601433617
3023178,20.0432851518974
3023179,15.755709159081
3023180,1.16460409978641
3023181,241.106462833284
3023182,8.80410323158873
3023187,260.835474798994
3023188,264.163988161279
3023189,4.16911326440775
3023190,6.64395792896235
3023191,250.264867370397
3023192,71.4942366834021
3023193,407.808038424359
3023194,2.58907692306459
3023790,10.3903043877253
3023791,0
3023792,6.39972907543162
3023793,4745.92167901864
3023794,0
3023795,857.247939740973
3023796,19.0693097770508
3023797,2168.08923323797
3023798,1197.59970304562
3023799,499.081049464269
3023800,285.407483199268
3023801,192.101728896205
3023802,9528.01085901341
3023803,27.9690247593765
3023804,3.31894713867989
3023805,41.2728006320335
3023806,32.4438952003582
3023822,24.5065853533023
3023821,5.29681967390123
3023819,146.265287084229
3023820,839.751554621566
3023807,2.38258579847564
3023818,508.680770849182
3023808,477.479889239141
3023817,13.6811280651626
3023809,18.0117271884444
3023814,533.625888925437
3023815,543.962106756296
3023816,8.52931056814591
3023810,9.97240911034833
3023811,11.7809409541972
3023813,6.66256756783198
3023812,125.655474054033
3022471,0
3022470,3.63823755361394
3022472,2.22638142776523
3022473,1537.04203605879
3022474,0
3022475,284.951422530323
3022476,6.63396162986235
3022477,804.939310087812
3022478,400.682946985696
3022479,170.268637267153
3022480,107.349726145329
3022481,66.8296605082861
3022482,3208.60475963533
3022483,9.73005521687371
3022484,1.15461798182341
3022485,14.2651755577817
3022486,11.1409280818396
3022487,0.82887020829481
3022488,176.123078734789
3022489,6.26604258112632
3022490,3.46926974121305
3022491,4.09843414195695
3022492,43.1489064700835
3022493,2.31781947632708
3022494,185.641416140445
3022495,184.377290003273
3022496,2.96723477146273
3022497,4.7286273451132
3022498,176.963338218117
3022499,50.8837663052345
3022500,295.963666287066
3022501,1.89126493505334
3022502,8.47024522283779
3022372,0
3022373,2.1768525667818
3022371,3.53423723246261
3022385,1.12893194582009
3022386,13.9478274662578
3022374,1417.39856300981
3022375,0
3022376,278.612293386715
3022377,6.48638019604457
3022378,781.929832140637
3022383,2958.84671263447
3022384,9.51359700078027
3022387,10.8930830938648
3022388,0.810430871347435
3022389,168.877314220202
3022379,394.325720366824
3022380,167.567158900437
3022381,101.602965780405
3022382,65.3429444749929
3022390,6.12664600332232
3022391,3.39209115151424
3022400,49.7517882190829
3022401,285.639486545557
3022402,1.82529143440963
3022403,8.28181318109255
3022399,173.02654981858
3022398,4.62343264509559
3022397,2.90122462752774
3022396,179.106799253073
3022394,2.26625645249117
3022395,181.511572180142
3022393,41.9154795527676
3022392,4.11288539126945
3022404,2.92805738791517
3022405,0
3022406,1.81525525694698
3022413,137.032377334764
3022414,85.8350516107643
3022415,54.1355542182489
3022416,2403.98609969117
3022417,7.8818585600074
3022418,0.93530153948061
3022419,11.5555455312448
3022407,1189.66716538395
3022408,0
3022426,34.726285051038
3022427,1.87755617751882
3022428,150.379350608515
3022429,149.355341680187
3022431,3.83043786355208
3022432,143.349649210942
3022420,9.0836314099725
3022421,0.671428640513167
3022409,232.331963100276
3022412,326.692370325275
3022422,140.825077956709
3022410,5.37385925296849
3022411,639.443340272122
3022425,3.31994808913213
3022423,5.0758253940608
3022424,2.81029169899619
3022430,2.40361686154126
3022433,41.2185378272899
3022435,1.53202447317473
3022436,6.86134593555126
3022434,236.647614138014
3023241,3905.06497688319
3023232,1870.67260465343
3023234,360.604940352111
3023236,1018.64763237108
3023233,0
3023238,215.474312219034
3023240,83.4796264964602
3023239,137.629453191606
3023235,8.28674924937098
3023237,503.775336704761
3023242,12.1542047216272
3023231,2.78106290851879
3023230,0
3023243,1.44227992684123
3023229,4.51520522202323
3023244,18.0525253583489
3023245,14.0073962165219
3023246,0
3023247,218.576119097064
3023248,7.82716671467281
3023249,4.33360486959272
3023250,5.11951951855996
3023251,53.8990407620978
3023252,2.89528186584181
3023253,231.892186250996
3023254,233.328758542479
3023255,3.70649272441398
3023256,5.90671928614772
3023257,221.052048830676
3023258,63.5609663970607
3023259,364.92199488484
3023260,0
3023261,10.580525206293
3023300,588.446068698858
3023309,2.21973612460338
3023310,27.6035509751799
3023307,6208.74833843065
3023299,0
3023313,329.898317382835
3023301,12.7536938717886
3023298,3092.59023472399
3023303,811.450990615868
3023304,340.366254112483
3023305,190.882612532821
3023306,128.479041518955
3023320,363.805836106981
3023308,18.7058883538013
3023311,21.8403103160803
3023312,1.59349081074758
3023314,12.0463749002623
3023302,1497.96673346974
3023316,7.87917948830375
3023317,83.4944536396185
3023318,4.45597392636085
3023319,356.892898011784
3023315,6.66962016164218
3023297,4.30811615199415
3023321,5.70446530028356
3023322,9.09071667250412
3023296,0
3023295,6.94911158007547
3023327,16.3901835511119
3023326,3.54255174438994
3023325,561.631982552982
3023323,340.209420567673
3023324,97.82329393938
3023401,1029.63869619685
3023399,376.544709180104
3023400,8.70951307164947
3023396,2.9420177649846
3023397,1978.93834709824
3023398,0
3023395,0
3023394,4.74555675802262
3023402,519.244827229403
3023403,226.467132334046
3023426,11.1203102466411
3023425,2.41921289901808
3023424,383.539164627574
3023404,141.855657546876
3023410,14.626563156818
3023411,1.08819681460748
3023409,18.850498566072
3023423,66.8036465232605
3023412,228.237808164122
3023413,8.22648408488976
3023407,12.774273929738
3023408,1.51586050184333
3023422,232.329427483498
3023414,4.55469172811602
3023415,5.38070126483521
3023416,56.2815323856445
3023405,87.73849386628
3023418,243.722594540884
3023406,4131.07179280907
3023420,3.89558629829515
3023421,6.20806148287553
3023419,246.832730971695
3023417,3.04299001910466
3023430,2398.56886137025
3023431,0
3023432,459.368569676325
3023433,10.0864932063099
3023429,3.40715284026094
3023434,1161.80162568148
3023428,0
3023435,629.349810642782
3023436,263.983210387488
3023427,5.49583261500153
3023441,1.7555191120071
3023437,150.963022467857
3023439,4815.41662566011
3023440,14.79389561137
3023438,101.610011378799
3023442,21.8307756309769
3023459,12.878439108142
3023458,2.80169215773872
3023443,17.1608271274963
3023444,1.26024149540518
3023457,444.176975973831
3023456,77.3653499650797
3023455,269.060873169385
3023454,7.23647614398663
3023453,4.51148122852597
3023451,282.25530794172
3023452,284.003879815006
3023445,255.864428015155
3023446,9.52709699743784
3023447,5.27479168979279
3023448,6.23139391450102
3023449,66.0331232556444
3023450,3.52408887868576
3023825,6.59792156631563
3023826,4861.17578651283
3023824,0
3023838,42.2751053733149
3023839,33.0163415591034
3023827,0
3023823,0
3023837,0
3023840,0
3023828,901.210847224882
3023829,0
3023836,0
3023841,501.966858787752
3023842,0
3023830,2279.2770261261
3023831,1259.01713259775
3023835,9696.12492449921
3023843,0
3023844,0
3023832,507.886931979924
3023834,0
3023848,560.808008139594
3023845,129.546884315693
3023833,0
3023847,0
3023846,0
3023849,0
3023850,0
3023853,871.407264796577
3023854,0
3023855,25.1017246778958
3023852,0
3023851,0
3023886,370.476559369771
3023888,10.7415738971545
3023887,0
3023885,64.5284429852788
3023859,1974.72799189211
3023860,0
3023861,385.64772088779
3023862,8.41288383079187
3023863,956.504617486087
3023864,524.924444757109
3023872,14.2206061261499
3023873,0
3023874,213.409920107506
3023875,7.9463058810162
3023876,4.3995677001093
3023877,5.19744494288708
3023865,224.52018878265
3023871,18.0904369801064
3023878,54.7194508820288
3023866,125.914363375845
3023867,84.7502897479279
3023869,12.3392067627089
3023870,1.46423321267013
3023884,224.416734645636
3023879,2.93935163979704
3023880,235.421872376078
3023868,3812.76604312469
3023882,3.76291013180313
3023883,5.99662686538158
3023881,227.813870632508
3023856,4.58393223469983
3023857,0
3023858,2.84181830618159
3023201,179.41011544172
3023200,0
3023199,912.72225186257
3023198,1.40176646751134
3023197,0
3023196,2.26108843129394
3023202,4.14977214532687
3023203,487.405506802181
3023204,244.204101648135
3023205,105.818391532604
3023206,66.2830732067059
3023207,41.8042610331907
3023208,1832.40013535326
3023209,6.08648562718816
3023210,0.722253429669556
3023211,8.98158981236764
3023212,6.96903533764747
3023213,0
3023214,105.95434297157
3023215,3.91962607192976
3023216,2.17014805631458
3023217,2.56371212115414
3023218,26.8161415533678
3023219,1.44987614300654
3023220,116.125118096988
3023221,112.372365253604
3023222,1.85610784178094
3023223,2.95791973743883
3023224,111.419036468526
3023225,31.8295534168119
3023226,182.742723837719
3023227,0
3023228,5.29843096040783
3022734,3.03809526353528
3022735,0
3022736,1.88347346640117
3022747,8.17806278587433
3022748,0
3022749,12.0680487725797
3022737,1234.37545836829
3022746,2661.96142918064
3022750,9.424998866565
3022738,0
3022739,241.063115626083
3022740,0
3022741,663.473943986849
3022742,334.588642296712
3022744,89.6419460625856
3022745,56.1699956900176
3022751,0
3022752,146.117355518054
3022753,0
3022743,143.109938741277
3022754,0
3022755,3.4447134152507
3022763,42.7675512986111
3022764,247.143238855338
3022765,1.57929298365041
3022766,7.11919878152308
3022756,36.0313163837453
3022757,0
3022762,148.736801435199
3022758,156.030682562044
3022761,0
3022759,152.96531395202
3022760,0
3023134,0
3023137,989.353931847936
3023138,498.929297537684
3023139,216.195778029974
3023133,1889.18414436043
3023147,1.04562095532439
3023135,361.812342445849
3023136,8.36875210085343
3023150,4.37648874912266
3023151,5.17018054209388
3023152,54.4324073334341
3023140,137.195001750045
3023132,2.80858336096495
3023146,14.2383190211019
3023148,217.886145346311
3023149,7.90462169373839
3023153,2.92393259023322
3023141,84.3057124811326
3023142,3969.44300564667
3023130,4.55988615686176
3023131,0
3023145,17.995539404515
3023159,64.1899440975667
3023154,234.18691243817
3023155,232.592215504956
3023143,12.274478596784
3023144,1.45655223834454
3023158,223.239504705672
3023156,3.74317091549403
3023157,5.96517017078228
3023160,368.533138802523
3023161,0
3023162,10.68522648432
3022304,13.0330615258744
3022303,2.81694800422753
3022278,10.1414164395927
3022276,0
3022277,432.784492177103
3022291,9.57897419203806
3022279,1153.03050029239
3022275,2427.36680134794
3022289,1.2671037949407
3022290,262.326840594854
3022292,5.30351412171938
3022280,632.776762484157
3022274,3.42570555689376
3022288,17.1424081978716
3022302,449.509898492579
3022293,6.2653252615651
3022281,270.650680472608
3022282,151.7850502163
3022272,5.52575866468228
3022273,0
3022287,21.8073443874237
3022301,77.7866217666086
3022294,65.9622490815087
3022295,3.54327833845479
3022283,102.163300836757
3022284,4596.14669687242
3022285,14.8744517137937
3022286,1.7650783100107
3022300,270.525970384252
3022296,283.792251833545
3022297,274.621090611481
3022298,4.53604726261698
3022299,7.22870914395589
3022306,0
3022307,1.67816444174145
3022308,1092.69130326772
3022305,2.72459023762263
3022309,0
3022310,214.785902788467
3022311,5.00043630272597
3022312,579.728270437587
3022337,6.38455934303439
3022336,1.42556595394563
3022334,38.3543117142507
3022335,221.640204624832
3022322,0.624771880070612
3022323,131.039314392158
3022324,4.72311245456223
3022321,8.39762186379214
3022325,2.61500794334116
3022317,2281.01407393313
3022318,7.33415778514128
3022319,0.870308571894737
3022320,10.752564712282
3022313,298.116629795567
3022330,138.075800983153
3022331,2.23659244623049
3022332,3.56426539040103
3022333,133.388456257292
3022326,3.08924893015975
3022314,126.683485493531
3022315,79.3526590362238
3022316,50.3737403303944
3022327,32.3131976953247
3022328,1.74708707997633
3022329,139.929672245843
3022540,0
3022542,9.65868844339664
3022543,1149.30140708125
3022538,3.26264312977748
3022539,2083.33036533784
3022553,1.20679008239892
3022541,417.581097939753
3022544,587.179468845142
3022545,251.147849011698
3022551,20.7693221623034
3022552,16.3264353593018
3022546,160.415136142037
3022547,97.3003622333127
3022548,4522.07149181232
3022549,14.1664328376255
3022550,1.68106117879478
3022554,248.220398914863
3022536,5.26273441914878
3022537,0
3022555,9.12301825680168
3022565,74.0840048511197
3022566,425.337819290599
3022567,2.80783752390977
3022568,12.3322177925012
3022564,259.330325190222
3022562,4.32013294544281
3022563,6.88462503095935
3022560,270.283836526909
3022561,266.702956008397
3022556,5.05106864134447
3022557,6.0060364452121
3022558,62.4151754475667
3022559,3.37461948665876
3022570,0
3022583,1.50844865296852
3022571,2.90865214172649
3022569,4.72235320500798
3022584,18.6367137817417
3022572,1956.49507291881
3022582,12.7118137048442
3022585,14.6500256719823
3022573,0
3022574,374.703581664966
3022586,1.08287604114177
3022587,227.121832030715
3022575,8.66692762623296
3022576,1031.29034281159
3022580,87.3094936672182
3022581,4137.69845783929
3022588,8.18626042530226
3022589,4.53242141582863
3022577,526.887474413774
3022578,231.300023386182
3022579,149.672205593547
3022590,5.38933246436357
3022591,56.7396704171442
3022592,3.02811122114024
3022601,11.0659371305866
3022600,2.51952682277318
3022593,242.530905044444
3022594,244.033384207922
3022595,3.87653870329109
3022596,6.17770696578066
3022597,231.1934452453
3022598,66.4770079363226
3022599,384.154400986909
3022667,18.1892657444198
3022666,3.95705743244523
3022665,627.347226298017
3022664,109.269368601914
3022663,380.016528587653
3022662,10.1544001529838
3022661,6.37193143342505
3022637,4.81219873953359
3022641,14.2459737409377
3022660,395.937477236567
3022635,7.76221086124581
3022636,0
3022650,30.8333778670117
3022638,3499.67835869239
3022639,0
3022640,648.803548187307
3022654,13.4558930320759
3022642,1598.76531524343
3022644,382.672669937215
3022645,213.217340253032
3022646,143.512073454152
3022647,6801.20408527255
3022648,20.894620567821
3022649,2.4794622531171
3022658,4.97735700600891
3022651,24.0804919606599
3022652,1.77994144085191
3022653,366.109881857074
3022655,7.45001680610814
3022643,883.119032843342
3022657,93.2639442361916
3022659,398.652100678814
3022656,8.80110383853591
3022668,5.39336294301816
3022669,0
3022670,3.32194903563795
3022671,2205.6182067984
3022672,0
3022673,427.946052367465
3022674,9.89843077378755
3022700,12.63832090886
3022699,2.8963094858287
3022696,264.044239412751
3022697,75.9228748045078
3022698,438.739759762767
3022695,7.05551117750632
3022694,0
3022693,282.357952135778
3022675,1232.69528034579
3022679,99.7154950669679
3022678,167.63625024426
3022692,276.992664253955
3022680,4978.04043623884
3022682,0
3022683,21.2848461617584
3022684,16.7316806141782
3022686,261.086768596221
3022687,0
3022688,5.21022242025141
3022676,605.680866865818
3022677,262.453311313182
3022691,0
3022681,14.5180637698915
3022690,64.3818109734256
3022685,0
3022689,6.15511477838603
3022998,17.6961206880822
3023030,41.7380931185373
3023029,9.02121407752954
3023003,1469.53878016667
3023004,32.4776632772925
3023002,0
3023016,845.578023588853
3023017,30.6764543398814
3023005,3716.65076041797
3023006,2066.38424163083
3023007,872.408888690347
3023001,7926.7647049362
3023015,4.05787205708284
3023018,16.9843874233495
3023019,20.3272852167775
3023020,212.621125933356
3023008,486.088287648496
3023000,10.970746761723
3023014,55.6170040968498
3023028,1430.21265826854
3023021,11.347271010861
3023009,327.175725761459
3023013,69.8375411566422
3023027,249.109946747784
3023022,908.838449801857
3023010,16547.2735059244
3023011,47.6351047284614
3022999,0
3023026,877.697219054278
3023023,944.697680402024
3023024,14.5265916731328
3023012,5.65262449797224
3023025,23.1497821734568
3023362,0
3023361,6.546456973202
3023393,15.440481875105
3023392,3.33728452950507
3023363,4.05848959246096
3023366,554.349548916741
3023367,12.0147024866375
3023365,0
3023379,304.777380665129
3023380,11.3483679257272
3023368,1339.61745930855
3023364,2857.097176752
3023378,1.50115866028999
3023381,6.28316021590157
3023369,759.476826824453
3023370,320.644302800662
3023371,179.822239933717
3023377,20.3088923158544
3023391,532.541753645201
3023382,7.42263365754678
3023383,77.6399164388079
3023384,4.19777999626169
3023372,121.034539101895
3023374,17.6220070497632
3023375,2.09111724054665
3023376,25.8355187758233
3023390,92.1550873621299
3023385,336.21333805812
3023373,5625.1264253766
3023387,5.37392963303441
3023388,8.5639703530954
3023389,320.496556712372
3023386,331.758984413498
3023526,21.4765912547236
3023558,50.3263094238789
3023533,4599.52977952837
3023534,2524.19650833294
3023532,39.1604122118278
3023546,20.4791707760817
3023547,24.9928775619486
3023535,1051.9196349407
3023531,1818.6232221583
3023545,38.2112849941438
3023548,256.370997673183
3023536,586.107982989209
3023537,394.496863186605
3023527,0
3023528,13.2281365747463
3023529,10068.3162663718
3023530,0
3023544,1019.56793129738
3023549,13.6821361337079
3023550,1095.84510512132
3023538,19952.1143482917
3023539,57.4367164593513
3023540,6.81573374073489
3023541,84.7571257053115
3023542,67.0610070627322
3023543,4.89283792068026
3023557,11.8372241813236
3023551,1139.08289103935
3023552,17.515648003855
3023553,28.0953333297538
3023554,1044.61823231051
3023555,300.367921097645
3023556,1747.07962122564
3023564,1483.316908887
3023565,31.9402616688533
3023563,0
3023561,10.7892159383632
3023562,8211.98342788537
3023560,0
3023559,17.403306404009
3023566,3900.79791607491
3023567,2058.8010295614
3023568,846.884484094081
3023569,478.04507883155
3023570,321.762012349713
3023571,16702.4177371704
3023572,46.8468958699398
3023573,5.55909161442773
3023574,68.68195287966
3023575,54.6967202943167
3023576,3.99072723352525
3023577,831.586407687867
3023578,30.763323835724
3023579,16.7033500518572
3023580,20.3848479650361
3023581,210.467435283876
3023582,11.1595099136242
3023583,893.80007587191
3023584,929.065950723623
3023585,14.2862229722312
3023586,22.7667272083008
3023587,852.018091729259
3023588,244.987972672326
3023589,1415.72568941557
3023590,9.59215719837336
3023591,41.0474609698024
3023603,243.198910497643
3023601,644.281753597198
3023602,361.323083143306
3023600,1546.0247140499
3023605,35.4085118767317
3023604,11676.390031401
3023596,0
3023597,1106.6523292695
3023598,24.1415597265476
3023599,2835.51210558965
3023595,5930.63665962626
3023606,4.20175462638517
3023593,0
3023594,8.15486434266165
3023592,13.154023763102
3023607,51.9122067555613
3023620,648.187232787799
3023621,185.170423331948
3023622,1056.22481777949
3023623,7.34501595765779
3023624,30.8239544264422
3023609,3.01633032500979
3023610,628.541905420857
3023611,23.5564430201692
3023612,12.6249724279363
3023608,41.341681966218
3023613,15.3076855381258
3023614,158.047257495732
3023615,8.43474539726371
3023616,675.565157823867
3023617,675.34330330518
3023618,10.7980237834814
3023619,17.433197891812
3023630,1408.79101263971
3023631,29.9434263532935
3023632,3563.01191847656
3023633,1917.57606757353
3023628,7403.92970606474
3023629,0
3023643,774.543130008737
3023644,28.8400680998739
3023645,15.6590931319388
3023646,19.110431845941
3023634,799.120001281183
3023627,10.114697750745
3023641,50.9447587722887
3023642,3.74123569343432
3023635,448.158745847269
3023639,5.21154936279532
3023640,64.8082746868354
3023636,301.646154936684
3023647,194.759357258885
3023637,14388.6471277815
3023638,43.9181303805616
3023626,0
3023625,16.3152897435531
3023653,798.751783747821
3023654,229.671860337637
3023655,1335.87842968899
3023656,9.05115729077625
3023657,38.4812634687189
3023651,13.3930795517836
3023652,21.3434012073876
3023649,837.921649606809
3023650,876.666413987681
3023648,10.461841756397
3023686,541.363327236428
3023660,6.81090936444022
3023661,5050.84543822629
3023673,43.6397899210847
3023674,34.082143542368
3023662,0
3023663,912.325811235237
3023659,0
3023675,2.51922675762732
3023676,521.552219091349
3023664,20.16293200042
3023658,10.9861868773821
3023672,3.50928828848994
3023677,19.6742449190279
3023665,2414.87283836664
3023671,29.5730443804552
3023685,14.5601356177469
3023678,10.5443253648491
3023666,1282.86215036512
3023667,538.101486980823
3023668,301.775562064829
3023669,203.118735926075
3023670,9944.23444055146
3023684,9.0184653249986
3023679,12.868344900215
3023680,132.861797750072
3023681,7.04466487717711
3023682,564.229258314104
3023683,575.15825677822
3023690,25.9120345632951
3023689,6.01598442018122
3023687,154.653580647706
3023688,899.537201282385
3023723,33.6666818135712
3023693,8.84919776845659
3023694,6648.32864326118
3023695,0
3023696,1208.71291633505
3023697,26.1970558285829
3023698,3097.01612313325
3023699,1688.60625096126
3023700,699.138136040258
3023701,392.087383270927
3023702,263.90570898993
3023692,0
3023706,56.6997901340178
3023707,44.8616561143545
3023708,3.27315114751407
3023709,677.636198980027
3023710,25.2317441964829
3023711,13.6999063554815
3023712,16.5033417084443
3023713,172.623105264256
3023714,9.15290886648934
3023715,733.085117772882
3023703,12920.2273164546
3023705,4.55950658417378
3023719,698.815988028045
3023720,200.936475222642
3023721,1168.74005632668
3023722,7.86738318701292
3023716,762.009805426116
3023704,38.4233153511507
3023718,18.6730224659235
3023717,11.7174049687916
3023691,14.2740029557224
3023981,7.50922454147643
3023989,0
3024044,5.14836458666618
3023925,4066.24613892096
3023926,0
3023927,748.951936388375
3023928,16.2324199777582
3023929,1845.54844378942
3023930,1032.78418028999
3023922,8.84456681915548
3023923,0
3023932,242.948181462811
3023933,163.523272648776
3023924,5.48320756285531
3023931,430.396743802123
3023934,8110.55437372344
3023935,23.8081483583059
3023936,2.82519632167636
3023937,35.1327573651209
3023938,27.7975222754396
3023939,2.02813493335994
3023940,411.768368644976
3023941,15.3321710993178
3023942,8.48884069543034
3023943,10.2926564545483
3023944,106.962047981624
3023945,5.67139535492752
3023946,454.239804235952
3023947,454.090632609839
3023948,7.26042803235055
3023949,11.5703209133246
3023950,433.005704116824
3023951,124.505794697189
3023952,714.82398004763
3023953,4.5088260927352
3023954,20.8608067269598
3023967,7963.15196578725
3023965,251.273401295182
3023968,24.6239933985575
3023969,2.92200865550798
3023970,36.3366681193438
3023962,1884.12067309928
3023971,28.5636795744651
3023960,759.648024876239
3023966,169.126801698934
3023961,16.7886639632556
3023963,1061.24985180585
3023964,448.050166655376
3023958,4097.57893635206
3023959,0
3023957,5.63433612225448
3023972,2.09763398895389
3023956,0
3023973,428.65771837627
3023955,9.14764775867194
3023974,15.8575658322225
3023975,8.7797318002162
3023976,10.371967373932
3023977,109.910143605681
3023978,5.86573973240658
3023979,469.805453684767
3023980,478.90548351501
3023982,12.0448964545482
3023983,447.843714649515
3023984,128.772293441971
3023985,739.319190258774
3023986,4.66333216140358
3023987,21.575653822488
3024022,0
3023999,217.809621558382
3023994,21.621248126107
3024000,10525.6476850763
3023997,580.785904723123
3023998,323.601959559412
3024004,37.0257255068427
3024001,31.7119618506315
3024002,3.7631031454107
3024005,2.70143383965456
3023993,997.588509499477
3024007,20.4221352148664
3023995,2474.27370630035
3023996,1375.64719575793
3024010,141.547563979812
3024003,46.796107135376
3024006,555.648405717927
3024008,11.3069604674091
3024009,13.4446829916284
3023992,0
3023991,5346.15509241722
3024011,7.55418146882332
3024012,605.038036817486
3023990,7.30351921684409
3024013,597.022134176624
3024014,9.67074017332527
3023988,11.7807803166083
3024015,15.4114284689808
3024016,576.754654053898
3024017,165.839146841605
3024018,964.5976600618
3024019,6.00566322471141
3024020,27.7861636756795
3024026,637.067303497023
3024037,24.7463446506323
3024025,0
3024039,391.206403567581
3024027,14.7354241662546
3024028,1811.35020346828
3024029,901.654483081012
3024038,1.84109507703759
3024036,31.6859554483679
3024050,113.023547846441
3024042,9.22268228660025
3024030,393.253999715398
3024040,13.9181985709834
3024041,7.70597782082549
3024033,7458.9811898387
3024034,21.612499254791
3024035,2.56464939977439
3024049,393.072796620083
3024051,648.901061249329
3024043,95.8427972035045
3024031,246.328481036629
3024032,148.44273292802
3024046,412.213218398563
3024047,6.5908525550622
3024048,10.5032759521461
3024045,412.348633030968
3024024,3369.96841840705
3024023,4.97753196017582
3024052,4.33976345741986
3024053,18.8141962698232
3024021,8.02889796010786
3022469,8.3970344944667
3022468,1.87491819658293
3022440,1437.11822106457
3022441,0
3022442,282.488506682554
3022443,6.57662242065049
3022444,797.981991658923
3022445,392.08588866805
3022453,11.1167061099991
3022454,0.821706048335103
3022455,170.116727941389
3022456,6.2118834004533
3022457,3.43928386028659
3022458,4.06301021492535
3022446,169.898448885456
3022447,104.365388330488
3022439,2.20713818253792
3022466,50.4439635019548
3022467,291.503351069307
3022459,42.4986316354303
3022460,2.29778590614931
3022448,66.252032825275
3022449,3000.01187741757
3022452,14.1418776053079
3022461,184.036864804099
3022462,183.976427391676
3022450,9.64595559392566
3022465,175.433793967025
3022463,2.94158812096422
3022451,1.14463829160007
3022464,4.68775647974584
3022438,0
3022437,3.58340755866967
3022834,0
3022835,2.5410465959608
3022833,4.12552582839536
3022836,1754.2795609359
3022837,0
3022838,347.081839722826
3022839,7.57157125327667
3022840,855.270302466866
3022841,478.61633826633
3022842,199.45591484804
3022843,113.322564923786
3022844,76.2750170415559
3022845,3321.67606680166
3022846,11.1052506003723
3022847,1.31780568044556
3022848,16.2813412561878
3022849,12.8820217991836
3022850,0.946018411317319
3022851,193.321664252523
3022852,7.1516524403003
3022853,3.95959827747397
3022854,4.67768550137556
3022855,49.2473484273058
3022856,2.64540802259766
3022857,211.879008093649
3022858,207.71644692383
3022859,3.38660829694856
3022860,5.3969469332701
3022861,201.974415785696
3022862,58.0754131107563
3022863,331.266146756136
3022864,2.10313052992437
3022865,9.66738561597218
3022508,265.375114173288
3022511,373.155823752041
3022509,6.17820507549349
3022507,0
3022510,711.629756118964
3022505,2.0734278858482
3022506,1341.30365088247
3022504,0
3022503,3.3663216998772
3022513,99.3265852692705
3022512,159.605857244695
3022514,62.2384286769484
3022532,47.388025555063
3022533,270.304553806085
3022534,0
3022535,7.88833504716801
3022518,13.285150706505
3022519,10.4432466574192
3022520,0.77192640137694
3022521,160.853765631439
3022522,5.83556225343683
3022523,3.23092913696325
3022517,1.07529513638527
3022531,164.805866442451
3022524,3.81686962183103
3022515,2692.82904674591
3022516,9.06159545076664
3022530,4.40376822985964
3022525,39.9240286088331
3022526,2.1585840937429
3022527,172.887755976438
3022528,171.710475950942
3022529,2.76338422620817
3022701,5.07150374190596
3022702,0
3022703,3.12370540285407
3022704,2114.86106774367
3022705,0
3022706,402.407557000225
3022707,0
3022708,1159.13184277656
3022709,565.843273904015
3022710,246.790910321261
3022711,159.696221934879
3022712,93.7647830678229
3022733,11.8841050487182
3022732,0
3022731,412.557129358446
3022730,71.3920327141652
3022728,0
3022729,248.286896757797
3022713,4501.80544012023
3022727,0
3022715,0
3022716,20.1452387758316
3022717,15.8358532888605
3022718,0
3022719,245.505918642459
3022725,260.462599696343
3022726,262.076165723474
3022714,13.6516706760015
3022720,0
3022722,5.75027293742881
3022723,60.5397038382311
3022724,0
3022721,0
3023726,3.82502118368838
3023725,0
3023724,6.16986591443207
3023756,14.5522537173295
3023752,302.05969260122
3023727,2710.31157860416
3023755,3.14530411635525
3023728,0
3023753,86.8537797902929
3023754,498.652811323965
3023751,8.07131995063365
3023729,512.364115813965
3023734,169.477797435396
3023735,114.071914064459
3023736,5512.52405478773
3023740,19.140604295177
3023731,1304.29013250105
3023732,701.95542436628
3023733,300.239712533579
3023747,3.95629877676439
3023748,316.872351403785
3023749,312.674238617696
3023737,16.6082846164397
3023739,24.6681281140059
3023744,5.92171554929589
3023741,1.41480310467046
3023742,292.904835415917
3023730,11.3235454915224
3023743,10.695542449297
3023745,6.99563971572459
3023746,74.1317185109317
3023738,1.97082376594609
3023750,5.06478930590114
3024549,4.17495205405133
3024550,0
3024551,2.58827019405326
3024552,1845.94937832989
3024561,3361.47169956773
3024562,11.2382980335897
3024563,1.33359376750203
3024564,16.4764012995334
3024565,12.9518382289332
3024553,0
3024560,77.6925356163791
3024574,215.745759460667
3024575,3.4271818560186
3024576,5.46160553148832
3024577,204.394188068455
3024566,0.957352268240635
3024554,344.4527622387
3024555,7.66228312975044
3024559,114.68023589685
3024573,214.417443217173
3024567,193.109263065823
3024568,7.23733344243934
3024556,848.79179613864
3024558,199.236774002279
3024572,2.67710156647929
3024569,4.00703659348751
3024557,471.911434522077
3024571,50.1625764254649
3024570,4.82700336955994
3024581,9.84704730877986
3024580,2.12832727052906
3024578,58.7711907141152
3024579,339.624364347064
3025546,2058.65846070654
3025547,1167.12676771152
3025548,483.228598991636
3025549,269.245035523702
3025544,813.979746320387
3025545,17.9894266638755
3025542,4195.22166057462
3025543,0
3025541,6.07671317461907
3025540,0
3025539,9.80190793393444
3025551,8477.37489156454
3025550,182.405707037207
3025570,5.36747882379475
3025571,23.1187927171751
3025555,30.6066176605775
3025556,2.24766145147272
3025568,137.982375148105
3025569,792.196948099318
3025557,462.313562439182
3025558,17.7832572474798
3025553,3.13099723328294
3025554,39.1896232477918
3025559,9.40767780534323
3025552,26.3851563402909
3025566,12.822699254514
3025567,479.874496219458
3025560,11.1137936194225
3025561,118.539682969015
3025564,493.517086985074
3025565,8.04630103307334
3025562,6.2852705239951
3025563,503.406987825136
3024846,5.04867430328235
3024847,0
3024848,3.10964400323734
3024849,2091.69157204688
3024853,1161.44391055157
3024854,559.644141724723
3024855,242.50470204339
3024856,139.585157286842
3024857,93.9518114328121
3024858,4510.78498748776
3024859,13.5902175067506
3024860,1.61268452854961
3024861,19.9245363239086
3024850,0
3024851,400.596114262186
3024852,9.26582423961156
3024878,11.830608598629
3024877,2.57373762873949
3024876,926.02932124912
3024875,71.0706605705158
3024873,6.60459500959596
3024874,247.169230132859
3024872,4.14441285675753
3024867,5.79934124197918
3024869,3.23735786925871
3024864,245.995618176298
3024865,8.75194227432443
3024866,4.84561796637191
3024868,60.2671835911008
3024870,259.290123989705
3024871,257.52448661384
3024862,15.6623625852736
3024863,1.15770426421193
3024124,0
3024125,563.780954279771
3024126,12.9557609364023
3024127,1602.97780256585
3024122,4.37637311296557
3024123,2982.29716137221
3024128,818.963284027916
3024129,350.286203990916
3024121,0
3024130,195.17226760544
3024131,130.514638660074
3024120,7.05921196297433
3024132,6643.99652265239
3024133,19.0022608391881
3024134,2.25490519541726
3024152,16.5419214494412
3024151,3.79089313789004
3024150,1418.24352685988
3024149,99.373187331513
3024135,28.0408963101504
3024147,9.23474823322009
3024148,345.599632976652
3024136,21.7576176787384
3024137,1.61873777165581
3024145,369.569905570345
3024138,335.125162662696
3024141,8.00401568766461
3024142,84.8173236510903
3024143,4.5265735173771
3024144,362.547440217963
3024146,5.79484574770583
3024139,12.2372353395831
3024140,6.77529233644108
3025051,1497.25084397587
3025053,358.374661100747
3025054,200.982003209601
3025056,6205.78113121152
3025058,2.33717994006811
3025049,603.66815279385
3025050,13.4284778936235
3025064,7.0225024843659
3025052,848.844804195043
3025055,136.159481365717
3025057,19.6955964887357
3025047,3277.46438219322
3025048,0
3025062,347.352877264704
3025063,12.6837354473671
3025059,28.8755958074941
3025060,22.8467697349677
3025061,1.67780067021595
3025065,8.29605827474203
3025046,4.50664556920864
3025045,0
3025066,87.9120540457625
3025044,7.31678148867781
3025067,4.69173464301661
3025068,375.775711689585
3025069,380.570973831534
3025070,6.00628233277935
3025071,9.57169656894047
3025072,358.209529664269
3025073,102.999017645558
3025074,591.347317716901
3025075,3.72998429041689
3025076,17.145486675178
3025118,725.96345890754
3025117,1420.94686391709
3025131,7.18799656961243
3025119,308.49530728431
3025120,175.274217939559
3025114,0
3025115,503.020321083592
3025116,11.6349053776968
3025130,6.20443686361467
3025132,75.6762658485451
3025133,4.06508385099113
3025121,117.973361874367
3025122,5590.89483847235
3025112,3.9301965601868
3025113,2609.46600819231
3025127,1.45370549031982
3025128,308.891650304953
3025129,10.9896343379267
3025134,325.585288472723
3025135,323.368213847922
3025123,17.064957273568
3025125,25.1820928833073
3025126,19.5394021376965
3025140,1386.03163856347
3025141,3.2741055078805
3025142,14.8554524720172
3025136,5.20405418746701
3025124,2.02501487277691
3025138,312.390632831562
3025139,89.2419702214231
3025137,8.29325443775942
3025111,0
3025110,6.33951673186085
3025242,6.22642937942865
3025243,0
3025255,16.7605443476209
3025256,0
3025244,3.86008782125155
3025245,2630.47246082843
3025254,5246.75319526833
3025257,0
3025258,19.3160795674242
3025246,0
3025253,115.868896231924
3025259,0
3025247,520.435420542369
3025248,0
3025249,1316.24747003128
3025250,736.582975629624
3025251,302.992219428542
3025252,171.03151863386
3025260,297.518984045957
3025261,0
3025262,0
3025263,7.05977362522553
3025264,74.3263161743442
3025265,0
3025266,319.777341302364
3025267,315.54074148772
3025274,14.5904537567682
3025273,0
3025272,503.224309510465
3025271,87.6500289796795
3025269,0
3025270,304.8288845231
3025268,0
3024686,551.782967447981
3024694,17.7700873751748
3024684,2899.90656338285
3024685,0
3024699,309.344020131016
3024687,12.115663804433
3024689,760.893579475615
3024690,321.242443059888
3024692,122.8480631298
3024697,20.6131911091429
3024698,1.51377311801223
3024688,1395.52940911067
3024691,181.333312749114
3024693,5672.39519273091
3024695,2.10868920726869
3024696,26.0526184521938
3024683,4.09259367934699
3024682,0
3024681,6.60146781709438
3024701,6.33595853829225
3024709,325.298724843647
3024700,11.443729935888
3024710,92.9294801589541
3024711,530.076140028453
3024713,15.469285049684
3024712,3.36532822383142
3024706,347.86095687417
3024707,5.41908755667794
3024708,8.63593465960832
3024702,7.48500714339983
3024704,4.23305456096351
3024705,339.038588346966
3024703,79.3174699033736
3025671,2.98648748338274
3025703,6.99826575812883
3025700,42.0410637484765
3025701,373.202775414959
3025702,0
3025699,146.210226234879
3025698,3.90687518031154
3025697,2.45158161908562
3025696,151.348135106747
3025683,2549.54022589991
3025672,0
3025676,233.905522720362
3025680,141.596952826357
3025682,55.5761556460095
3025674,1237.31703091916
3025675,0
3025689,141.778871198117
3025677,5.48109591795879
3025678,635.453801279009
3025679,322.549300977815
3025693,35.6503863472705
3025681,82.5700570211355
3025695,153.380207029114
3025684,8.03914295956318
3025673,1.85147911594619
3025687,9.20483096507009
3025688,0
3025690,5.17711472109918
3025691,2.86637175157363
3025692,3.3861984586078
3025694,1.91502326650107
3025685,0.95396570858753
3025686,11.8630501948851
3025304,60.5925756075797
3025302,5.63086679178002
3025303,210.728592424336
3025305,789.503027159155
3025306,0
3025277,2.66848358048241
3025275,4.30433848488234
3025276,0
3025290,17.0978729313464
3025278,1794.9464985798
3025279,0
3025280,341.535454246278
3025281,7.89974584868465
3025282,964.779577060265
3025285,119.00584754249
3025286,80.1003141382568
3025287,3921.53042367564
3025288,11.5865854515902
3025289,1.37492332902073
3025291,13.3532301729475
3025292,0.987021685142182
3025293,204.341807905385
3025294,7.46162649556372
3025295,4.26778206308938
3025283,492.907044331878
3025284,208.100932106335
3025298,2.76006793643381
3025299,221.062479453902
3025300,220.989882888773
3025301,3.53339405257035
3025307,10.0863990884798
3025296,4.88043041329796
3025297,51.3818761368684
3024392,404.34311274577
3024393,172.945255099811
3024390,6.65115924084631
3024405,4.10905875511412
3024406,42.9802942066054
3024394,100.196494641505
3024395,67.4401372879693
3024396,3154.75918151851
3024388,0
3024389,283.83792260032
3024403,6.28228641380604
3024391,776.137604466064
3024407,2.32382809680289
3024408,186.122665360055
3024409,186.061542974062
3024397,9.75527901432817
3024387,1472.43636055485
3024401,0.831018937544959
3024402,172.044763208102
3024404,3.47826333429313
3024410,2.97492690960656
3024398,1.15761116628759
3024399,14.3954853389462
3024400,11.1698093684436
3024414,473.967333452604
3024411,4.74088564537278
3024412,177.422090743214
3024413,51.0156753012675
3024386,2.2467190167045
3024415,1.90854129585329
3024385,0
3024384,3.62402047329439
3024416,8.49220314035505
3024611,122.527403044488
3024612,708.055951707754
3024613,4.43718104258278
3024614,20.3962329376065
3024610,426.12526234558
3024609,11.3864690181605
3024608,7.14506014727202
3024607,435.398577597807
3024594,6962.63129927532
3024582,8.70402703777961
3024586,0
3024589,1828.07459775344
3024590,1029.68133817278
3024592,239.087745445244
3024593,161.975017169935
3024595,23.4298379182746
3024583,0
3024584,5.36109557799164
3024585,3873.58710673033
3024599,1.99590795763991
3024587,737.051122752926
3024588,15.9744875315999
3024602,8.35395338666056
3024603,9.86897253144547
3024591,426.321702336321
3024605,5.581277129855
3024606,447.021953539038
3024596,2.78030407522599
3024597,34.350344756003
3024598,27.5343324220075
3024600,405.225387209014
3024601,15.0885435686117
3024604,104.579984593654
3024655,502.406411203915
3024656,281.150784913711
3024657,117.165216754477
3024658,69.2176703151724
3024653,202.562417261955
3024654,4.62473226871992
3024652,0
3024649,0
3024650,1.55207681411902
3024651,1092.63167557682
3024648,2.51988019207515
3024659,46.5889471034944
3024660,1926.01407808435
3024661,6.78311133657193
3024669,2.85714052704358
3024670,29.8853698037564
3024671,1.6158210015845
3024662,0.804918589602063
3024663,10.0095732428198
3024664,7.76667283869124
3024665,0.577830113099577
3024666,117.315746162303
3024667,4.36824494004637
3024668,2.41853128134758
3024672,129.416161192568
3024673,123.615311133418
3024674,2.06854774900714
3024675,3.29646698154783
3024676,124.171447313305
3024677,35.4725892484103
3024678,203.658452129184
3024679,1.28459672394446
3024680,5.90486026173195
3024718,0
3024715,0
3024716,3.38344007493956
3024717,2351.09113427104
3024731,1.25147059130141
3024719,433.041728778648
3024714,5.45758326278429
3024728,1.74330122373736
3024729,21.5382909310281
3024730,16.9309095350981
3024732,265.919623217603
3024720,10.0162942285915
3024721,1263.70602797736
3024722,620.917898115244
3024726,4939.97490209168
3024727,14.6909345200223
3024733,9.46079125012156
3024734,5.2722620332751
3024735,6.18802527550908
3024723,265.578418181435
3024725,101.561281790473
3024739,283.867678746249
3024736,64.726051086097
3024724,150.890624425209
3024738,280.290895368605
3024740,4.48008266772185
3024737,3.49956227349079
3024741,7.13952317312391
3024746,12.7888090214994
3024742,268.931838388204
3024743,76.826910254935
3024744,944.114246199463
3024745,2.78219321778682
3024777,942.455942348728
3024778,0
3024775,238.798899718901
3024776,68.2187045893703
3024779,11.3558645244555
3024966,5.71971578963933
3024956,93.8751283664059
3024967,59.8275863324902
3024968,3.23471555162074
3024969,259.078492500188
3024749,2.98485878605948
3024747,4.84607879114672
3024748,0
3024762,19.2497963804035
3024750,2074.12422668098
3024751,0
3024759,4590.8007646894
3024760,13.0448630413171
3024761,0
3024763,15.0338561341535
3024764,0
3024752,384.520810122299
3024758,90.1816701620776
3024772,245.587832429036
3024773,0
3024774,0
3024765,237.665031867416
3024753,0
3024754,1072.16729564623
3024756,235.821219350258
3024757,133.983820237099
3024771,248.885211272865
3024766,0
3024767,4.74282049681509
3024755,554.943897170955
3024769,57.8487544766156
3024770,0
3024768,5.49467714972169
3024819,4.78762642672564
3024820,573.404156593162
3024816,1080.77140121867
3024817,0
3024818,206.986933217033
3024814,0
3024815,1.60674468051772
3024813,2.60863641369249
3024845,6.11284359667698
3024844,0
3024840,3.41257645170782
3024842,36.7220188850154
3024843,386.049083628436
3024841,127.711675449082
3024839,2.1414069599388
3024821,285.429304294421
3024823,72.1232747917044
3024824,48.5446479042356
3024825,2226.97182173455
3024827,0.833269752068959
3024829,8.04023367617398
3024832,4.52210499942415
3024834,2.9577758662187
3024822,122.083553022449
3024836,1.67273409108837
3024837,133.974508656784
3024838,129.644926680533
3024826,7.0220287799239
3024828,10.362134409747
3024830,0.59818267499388
3024831,124.649105972562
3024833,2.50371775135152
3024835,30.9380041765176
3024886,381.967749094963
3024887,198.993100899682
3024888,85.1131415705259
3024879,1.85450246036835
3024880,0
3024881,1.14224885751178
3024882,734.131913292336
3024883,0
3024884,146.19482213267
3024885,3.40356553373401
3024899,1.77991486493781
3024889,51.2730673577132
3024890,34.287073370044
3024891,1464.30309352182
3024892,4.99202172475744
3024893,0.592378760509235
3024894,7.31877309066348
3024895,5.71587249803638
3024896,0
3024897,87.4688524707433
3024898,3.21480402690749
3024911,4.34567401972206
3024910,0
3024900,2.10270875325109
3024909,221.430773774983
3024908,26.1060046599434
3024907,90.7913479605389
3024901,21.9940979751277
3024902,1.1891613071039
3024903,95.2436509076254
3024905,1.52234495194951
3024906,2.42603047042848
3024904,91.5681811498228
3024975,791.543737049391
3024976,2.57163695510173
3024977,11.8209525065222
3024945,5.04455359692281
3024949,0
3024948,2076.43448143569
3024962,1.1567593509461
3024950,400.269149428156
3024947,3.10710592511024
3024961,15.6495790319617
3024963,241.045127096515
3024951,9.25826151352212
3024952,1130.69227775428
3024946,0
3024960,20.0381862854149
3024974,71.0126530015191
3024964,8.7447989764958
3024965,4.90505811749864
3024953,559.187362571355
3024957,4656.09158025678
3024958,13.5791252293837
3024959,1.61136826233921
3024973,248.579088461981
3024954,240.73583886004
3024955,139.471228478847
3024970,262.384585066132
3024971,4.14103020472068
3024972,6.5992043674148
3025577,851.473535561582
3025578,18.9408593055244
3025579,2167.53768704987
3025580,1228.85427712531
3025572,10.3203155148447
3025573,0
3025574,6.39810103073571
3025588,32.2253538013583
3025581,505.487225607117
3025584,8983.97521938597
3025582,283.484984366184
3025576,0
3025575,4683.39158037403
3025585,27.7806259940055
3025586,3.29659078022126
3025587,40.9947879108401
3025583,192.052859608597
3025589,2.36653675040603
3025604,24.3415095072996
3025590,483.608794110238
3025591,17.8904005710991
3025592,9.9052351713094
3025603,5.26114040744337
3025602,834.095005726127
3025601,145.280047171848
3025593,11.7015847825118
3025600,505.254307823729
3025598,8.47185731068235
3025599,13.5889722728697
3025597,523.009225913705
3025594,123.195974326738
3025595,6.61768865214652
3025596,530.031396106739
3024253,0
3024254,2.21138456906727
3024252,3.59030179560812
3024255,1487.48038709802
3024256,0
3024257,284.878932953566
3024283,1.86634649118715
3024284,8.41318982830396
3024259,804.734539360978
3024260,400.58101614786
3024258,6.58927540317631
3024272,3.4459008128501
3024273,4.07082717535936
3024261,171.33613468864
3024271,6.22383464945181
3024274,42.5803961657712
3024262,99.2642445802795
3024263,66.3794973138863
3024270,171.556260828533
3024275,2.30220669284786
3024276,184.390939446907
3024264,3313.82621671599
3024265,9.66451376858862
3024269,0.823286955920477
3024277,185.53324147395
3024278,2.94724754014813
3024266,1.14684049926468
3024282,524.457534914095
3024279,4.69677541028947
3024267,14.3546109251483
3024268,11.1380939104775
3024280,175.771316875826
3024281,50.5410143204296
3024153,3.51043068443841
3024165,2938.91598310856
3024166,9.44951361050818
3024154,0
3024155,2.16218933345476
3024156,1398.723566253
3024157,0
3024158,278.54141643847
3024159,6.44268807480776
3024160,761.654629228514
3024161,391.669550567902
3024163,97.0559774302176
3024164,65.3263217034797
3024167,1.12132748386226
3024168,13.8538751923813
3024169,10.8903119724714
3024170,0.804971825960833
3024171,167.739760166316
3024172,6.08537704407824
3024162,165.359370469801
3024185,8.22602706084792
3024173,3.3692420965161
3024184,1.84872077209619
3024183,480.498207775074
3024182,49.4166612149733
3024181,171.86104660055
3024180,4.59228929956938
3024178,175.601077538711
3024179,2.88168203916105
3024177,180.28891402908
3024175,41.6331377598157
3024176,2.25099099646126
3024174,4.08518108135897
3024186,2.90833405463614
3024187,0
3024188,1.79133828191896
3024197,54.1217825255935
3024198,2387.79289964049
3024199,7.82876652571911
3024200,0.929001367887079
3024201,11.4777076184107
3024189,1143.84236610285
3024190,0
3024210,149.366398450344
3024211,146.431955931194
3024212,2.38742614867103
3024202,8.96394962705815
3024203,0.666905911244066
3024191,229.270863159419
3024192,5.33766104951853
3024196,80.4092801540263
3024204,139.876483179144
3024205,5.04163474044641
3024193,647.6511988465
3024195,135.226901254085
3024209,1.8649089984054
3024206,2.79136163293281
3024194,322.388020712177
3024208,34.4923695217758
3024207,3.2975849882922
3024213,3.80463611427651
3024214,142.38404897425
3024217,1.5217047883896
3024218,6.81512805294139
3024216,308.893270606688
3024215,40.9408906192135
3025011,4.48479089415358
3025012,0
3025022,83.4583898844831
3025013,2.76232972697628
3025014,1846.02547593702
3025015,0
3025016,353.546690330501
3025021,123.994974671277
3025017,8.23092987987374
3025018,1018.38849579587
3025019,506.933750852972
3025020,216.825226141776
3025023,3929.54774047647
3025024,12.0723342530169
3025025,1.43256475944179
3025033,53.1888915932643
3025034,2.87577930779345
3025032,5.08503454223749
3025035,230.330165338049
3025036,230.254525279679
3025026,17.699176795303
3025027,13.8228411550582
3025028,0
3025029,212.908506756062
3025030,7.77444308350996
3025031,4.38923077676335
3025037,3.68152586700139
3025038,5.86693174866733
3025039,219.563046856502
3025040,63.1328210577784
3025041,889.379645051196
3025042,0
3025043,10.50925500996
3025090,18.5798858813753
3025089,6412.35507586226
3025103,5.66604014141866
3025091,2.20478402852843
3025080,3032.05785524589
3025087,189.596831250085
3025088,127.613609384425
3025102,356.684933803046
3025092,27.4176140335697
3025093,21.6931944429217
3025081,0
3025083,12.6677852568105
3025084,1497.58566158899
3025085,795.568168915043
3025086,333.704143166086
3025100,4.42595857925903
3025101,354.488874920755
3025094,1.58275708999908
3025082,573.187840971379
3025096,11.9652307710719
3025097,6.62469373983243
3025098,7.82610550018639
3025099,82.93203674749
3025095,325.551727674068
3025079,4.25135437921826
3025104,9.02948179527216
3025105,337.917777031512
3025078,0
3025077,6.90230250992107
3025106,97.1643582789034
3025107,557.848841273793
3025108,3.51868918998741
3025109,16.1742339709102
3025185,226.40952073686
3025183,1056.50987763064
3025184,512.40349429909
3025180,0
3025181,374.008311900369
3025182,8.65084597389406
3025179,1978.43491952474
3025177,0
3025178,2.92220039489782
3025176,4.71359078702787
3025208,11.0454040695744
3025186,130.320807378154
3025187,87.7161738293094
3025188,4211.40150503719
3025189,12.6882266879203
3025207,2.40291713156584
3025194,228.179746119838
3025193,1.08086674364089
3025195,8.17107066027908
3025191,18.7235220022829
3025192,14.8143088948052
3025206,820.731037480727
3025196,4.5240114199678
3025197,5.34445697373652
3025190,1.50564969723076
3025204,230.764461322761
3025205,66.3536585585194
3025198,55.9024211615002
3025199,3.02249250202754
3025200,242.080884245314
3025202,3.86934571052674
3025203,6.16624411066525
3025201,246.769938513811
3025214,456.274272605839
3025215,10.0185507991885
3025213,0
3025216,1161.50607176786
3025217,629.189708612055
3025212,2461.165944496
3025218,265.638250334524
3025210,0
3025211,3.36226174900238
3025219,149.946138708258
3025220,101.584162528304
3025223,1.74369397201267
3025224,21.5431432918829
3025221,4540.46330090237
3025222,14.6942442401767
3025209,5.45881280153788
3025225,17.1564615374451
3025226,1.25175253506972
3025227,260.839775068588
3025241,12.875162926567
3025240,2.78282001800526
3025239,441.185009160557
3025228,9.46292267147084
3025234,274.846224874757
3025235,4.48109198539856
3025236,7.14113163606454
3025237,267.248484759319
3025233,280.354042095194
3025238,76.8442185870171
3025231,65.1631009522335
3025232,3.50035068976018
3025229,5.23926080337483
3025230,6.18941937551967
3025605,0
3025606,0
3025607,6.5534781047433
3025618,0
3025619,0
3025620,41.990341148363
3025608,4859.93913862323
3025609,0
3025621,33.0079424410908
3025622,0
3025610,895.140309820848
3025611,0
3025617,9693.65830058932
3025623,501.839162056791
3025624,0
3025612,2220.17606553078
3025616,196.716839004581
3025625,0
3025613,1242.42889730415
3025614,511.07112373125
3025615,0
3025629,0
3025626,0
3025627,127.011216617608
3025628,0
3025637,24.9326399858593
3025636,0
3025635,859.926000268288
3025634,0
3025633,0
3025632,0
3025631,0
3025630,549.831111562123
3025666,222.905068218237
3025667,64.0937807439482
3025669,0
3025670,10.7388413186027
3025668,367.981037020148
3025664,3.73756324791523
3025665,5.95623371232929
3025640,2.80437580480169
3025639,0
3025653,17.9685801752519
3025641,2000.07548878436
3025652,1.45437016839685
3025654,14.2169885070126
3025642,0
3025643,375.647992686869
3025638,4.55305496311129
3025655,0
3025656,211.972395352457
3025644,8.35621482139425
3025645,937.782609045356
3025646,535.131730348767
3025647,220.125574483191
3025648,125.066206859607
3025649,84.7287298884286
3025650,3787.08333086163
3025651,12.2560901242221
3025657,7.89277973092252
3025658,4.36993230416689
3025659,5.16243506253737
3025660,54.3508618061977
3025661,2.91955222867373
3025662,233.836075571271
3025663,230.738076599901
3024981,912.490061936486
3024982,0
3024979,0
3024980,1.38329743211244
3024978,2.24585778694665
3024983,178.201612659264
3025010,5.2627408403578
3025009,0
3025007,31.6151502112075
3025008,311.431991476632
3025006,109.951030080628
3024993,8.86325248298531
3024991,6.04548718739714
3024992,0.717388345684491
3024990,1855.92071992335
3025004,1.84360513820814
3025005,2.95716726409462
3024994,6.92209206147908
3024988,62.0932137038461
3024989,41.7936263321527
3025003,111.615427353275
3024985,474.767230137578
3024986,247.338691694469
3024987,105.791472100698
3025001,1.44010980765401
3025002,115.342901732054
3024995,0
3024996,105.927388954603
3024984,4.12181936701312
3024998,2.15552998442972
3024999,2.54644300996605
3025000,26.6355085851419
3024997,3.89322355274932
3024516,3.01763071742922
3024527,56.155706450196
3024528,2644.03051271009
3024529,8.12297552612033
3024517,0
3024526,83.4311015175041
3024530,0
3024518,1.8707864285537
3024519,1242.11436225631
3024520,0
3024521,237.886978003265
3024522,0
3024523,642.080343854216
3024524,332.334860205339
3024525,143.073532610025
3024531,12.0649787484329
3024532,9.36151227147057
3024533,0
3024534,144.192179909989
3024535,0
3024548,7.07124400753975
3024547,1.61000272612483
3024546,435.106793690336
3024545,42.4794699682136
3024536,0
3024544,147.734913453881
3024543,0
3024542,0
3024541,151.934942798893
3024538,36.0221502779878
3024539,0
3024540,154.97966315012
3024537,3.42150989778545
3024941,63.7575619776588
3024942,701.48967005437
3024943,0
3024940,221.735768074508
3024912,4.52917085915024
3024913,0
3024914,2.78966480223079
3024915,1864.29311604302
3024916,0
3024917,359.375182080079
3024924,3942.70492064341
3024925,12.1917979658681
3024926,1.44674093295355
3024927,17.99096146971
3024928,13.9596272887028
3024929,1.03857767445479
3024930,219.25218023135
3024918,8.31238036186498
3024919,989.102247377838
3024937,228.039604527105
3024938,3.71795699455403
3024939,5.92498890936641
3024931,7.85137632745774
3024932,4.34700881251105
3024920,495.568520232353
3024921,216.140779390883
3024922,125.221986758473
3024923,84.284265718868
3024933,5.13535431417725
3024934,53.7152307700133
3024935,2.90423704150504
3024936,232.609434297656
3024944,10.6132510223696
3024086,12.8613438537398
3024060,10.0731040707214
3024061,1160.25941282563
3024062,632.615788661717
3024059,441.200093613491
3024073,9.51445042237405
3024074,5.26778976160114
3024075,6.22312216174013
3024063,263.632790581051
3024058,0
3024072,258.870541833742
3024076,66.375798704858
3024064,150.762629294993
3024054,5.48853726997436
3024055,0
3024056,3.40263007596456
3024057,2411.01610938028
3024071,1.25856861029921
3024085,2.79797310143143
3024077,3.51941088972986
3024065,101.475130980659
3024066,4535.58996505547
3024067,14.7742577183806
3024068,1.75318877945859
3024069,21.6604505720705
3024070,17.1380472934626
3024084,443.587361165692
3024078,281.880633165133
3024079,271.002808421586
3024080,4.50549254319812
3024081,7.22687021273844
3024082,268.703713110011
3024083,77.2626527105085
3024089,1.66686036118684
3024091,0
3024092,213.339109442879
3024090,1078.2945012127
3024088,0
3024087,2.70623745480928
3024093,4.96675346845287
3024094,587.169629750667
3024119,6.34155308493229
3024095,298.040791085494
3024118,1.41596337151778
3024106,4.69129766792581
3024105,128.474434824126
3024107,2.59739330456846
3024108,3.06843981402599
3024096,125.830148186806
3024101,0.864446191570523
3024102,10.6801356614376
3024103,8.34105565868479
3024104,0.620563429763299
3024109,32.0955366719831
3024097,74.8217369735071
3024114,3.54025657333346
3024115,132.489954407841
3024116,38.0959578733218
3024117,329.496545074808
3024110,1.73531873797317
3024098,50.0344238698808
3024099,2193.15167414871
3024100,7.2847550518088
3024111,138.987108902406
3024112,138.040675500063
3024113,2.22152680632588
3024321,2123.84123929918
3024329,97.2756097263274
3024331,14.071008042543
3024332,1.66973758588002
3024320,3.24066603394434
3024334,16.2164608324435
3024322,0
3024324,9.59362772020394
3024325,1149.00903313264
3024327,251.083958819058
3024328,144.523358057158
3024330,4580.11654589362
3024333,20.7640385972672
3024323,414.768280404249
3024326,598.597318769876
3024319,0
3024335,1.1986611696627
3024336,254.698375509416
3024337,9.061565796774
3024318,5.22728475025351
3024339,6.04369122721733
3024340,61.9947481321382
3024341,3.3518881204294
3024342,268.463210261263
3024343,268.375047371854
3024344,4.29103262034522
3024345,6.83825034085005
3024350,12.2491482315715
3024338,5.01704474869821
3024346,257.583481547676
3024347,73.5849765450643
3024348,898.411989231839
3024349,2.77084273781283
3024363,4329.34249376822
3024362,86.7213787453148
3024364,12.6261871937941
3024358,1058.20462839057
3024359,537.132931602375
3024360,229.741991269898
3024361,129.683599582083
3024355,0
3024356,372.179586181637
3024357,8.60854738314654
3024371,4.56083738398429
3024372,5.35303003368551
3024373,55.9920944080559
3024374,3.00771392733479
3024365,1.49828777441484
3024353,2.90791220170157
3024354,1955.99735475161
3024368,1.07558181079387
3024369,225.591944123949
3024370,8.13111794642066
3024366,18.5111772677853
3024367,14.5513434056895
3024352,0
3024376,236.164570838424
3024375,240.897221944379
3024351,4.69054353266067
3024377,3.85042641972395
3024378,6.1360940609622
3024383,10.9913972096915
3024379,231.134631308363
3024380,66.0292202022664
3024381,973.513010679374
3024382,2.51888587340928
3024449,18.1846385270379
3024447,631.280373101791
3024448,3.93040277640382
3024421,0
3024422,640.255208662768
3024420,3453.56819341913
3024434,1.76795179256155
3024435,361.286185096865
3024423,14.3352887227166
3024424,1608.78875748728
3024425,882.894373761633
3024419,4.74879540457954
3024433,24.0743660580241
3024436,13.3652544182515
3024437,7.39983364883543
3024438,8.74181978729181
3024426,377.630749438283
3024432,30.4271313484284
3024446,108.533332422084
3024439,92.0351410600127
3024427,211.781112711852
3024417,7.70992477135209
3024418,0
3024445,377.456745205055
3024440,4.94382963339544
3024428,142.545379131156
3024429,6755.39131690734
3024430,20.7538748410128
3024431,2.4627606472767
3024441,398.550686473561
3024442,395.836753611844
3024443,6.32901023665776
3024444,10.0860003260909
3024456,9.83175515127528
3024454,0
3024455,422.307630438294
3024451,0
3024452,3.29957245646424
3024453,2233.92939743927
3024450,5.35703336312025
3024482,12.5531894437454
3024481,2.89557268568598
3024480,926.719991608043
3024466,16.618976363765
3024479,75.411459908935
3024467,0
3024464,0
3024465,21.279431451153
3024468,257.646808457962
3024462,4817.52440165724
3024463,14.4202703962091
3024477,7.00798540189063
3024478,263.977068471858
3024469,0
3024457,1200.73186635325
3024458,613.455352239809
3024459,260.685431301478
3024460,148.110632546815
3024461,99.0438135793007
3024475,278.637732588499
3024476,0
3024470,5.24288785463946
3024471,6.11365405406899
3024472,63.9481364422577
3024473,0
3024474,275.126847465159
3024780,17.5769199895174
3024812,41.4569461968936
3024810,1429.84882253349
3024811,8.9604473683226
3024786,32.2588944172332
3024785,1469.16494015122
3024799,30.4698183855241
3024787,3715.70527140026
3024784,0
3024798,850.87936606939
3024800,16.869980945159
3024788,2092.90823296431
3024789,844.278218170503
3024790,482.81400711701
3024783,7976.46147246232
3024797,4.03053831583997
3024801,20.1903610490193
3024802,209.819726989645
3024803,11.2708360308369
3024791,327.092494627973
3024796,55.2423691213499
3024804,902.716533026516
3024792,16435.8114179326
3024781,0
3024782,10.8968480411602
3024809,247.431947360508
3024805,938.334216599913
3024793,47.3142356600412
3024794,5.61454853766665
3024795,69.3671169411518
3024806,14.4287408556726
3024807,22.993845725275
3024808,860.517736129536
3025145,4.03115169151272
3025144,0
3025143,6.5023601760517
3025175,15.3364751123726
3025174,3.31480465076565
3025149,11.9337717021623
3025150,1365.66665196343
3025151,759.283621423881
3025148,539.975433584984
3025162,11.2719255569075
3025163,6.24083698019749
3025164,7.37263495258963
3025152,314.368216691132
3025147,0
3025161,306.688179231497
3025165,77.6201654067473
3025153,178.610961089308
3025154,120.219252979828
3025155,5408.45213455465
3025146,2950.79146148936
3025160,1.49104688697441
3025166,4.16950383806887
3025167,333.948612050104
3025168,338.210119877526
3025156,17.5033055791149
3025158,25.9974942876887
3025159,20.1720920422919
3025173,532.406278882574
3025169,5.3377309555058
3025157,2.07703151858264
3025171,318.337698614538
3025172,91.5343326225187
3025170,8.50628362804588
3025384,358.889218417957
3025378,0
3025308,21.1936254873691
3025340,49.9873124569589
3025339,11.6055299406622
3025338,1712.88340427357
3025337,298.344649068008
3025312,0
3025313,1783.02665660774
3025309,0
3025310,13.1390321236514
3025311,10000.4962987373
3025325,4.85987986685653
3025326,1012.70014305232
3025314,38.8966284948193
3025315,4538.92847375792
3025322,6.76982310091461
3025323,84.1862034805769
3025324,66.6092855227839
3025327,38.7017628886258
3025328,20.3412235103751
3025316,2556.59695204624
3025320,20077.2039182905
3025321,57.0498239394653
3025335,27.7251620367193
3025336,1037.58170576214
3025329,24.9865195550282
3025317,1044.83392629704
3025318,582.159971883379
3025319,394.396506043655
3025333,1131.41005252698
3025334,17.3976629655138
3025330,257.978312933073
3025331,13.5899735510863
3025332,1088.4635154299
3025345,0
3025346,1473.32531723543
3025343,10.716540005627
3025344,8103.78608108048
3025342,0
3025341,17.2860780963331
3025347,31.7251127347804
3025348,3750.54304921675
3025349,2058.27728550027
3025350,841.179887935013
3025373,40.7709661318573
3025351,474.824977186305
3025352,321.680158425684
3025353,16059.0571716394
3025354,46.531336159893
3025360,31.1582001217355
3025361,16.5908366355188
3025362,20.1162665091422
3025363,206.347880576195
3025364,11.0843396884211
3025365,887.779457268597
3025366,922.807781925445
3025367,14.1899912733093
3025355,5.521645689668
3025359,842.260603815662
3025368,22.6133710103467
3025356,68.2193126826163
3025357,53.9760612639201
3025358,3.96384577840849
3025372,9.5275446282546
3025369,846.27891569661
3025370,243.337738816147
3025371,1415.36553906039
3025381,2798.15269183145
3025382,1565.86939989808
3025383,639.941885190163
3025385,243.137042457353
3025376,8.09993334713558
3025377,5739.40432808123
3025379,1099.19794234243
3025380,23.9789426855266
3025386,11373.6247864433
3025387,35.170000881851
3025388,4.17345169516703
3025374,13.0654185343552
3025375,0
3025389,51.899000666387
3025390,40.7969828273952
3025396,158.007051418844
3025397,8.37792912881192
3025398,671.014565060742
3025395,15.2045732887398
3025399,675.171500863249
3025400,10.7252885212848
3025401,17.3157682356998
3025391,2.99601238707408
3025392,620.260524056729
3025393,23.8588121913652
3025394,12.5399308779098
3025402,639.64701355376
3025403,183.92311923611
3025404,1062.84680810952
3025405,7.24824137867369
3025406,30.6163249145892
3025415,1942.18996559546
3025419,15351.7351568074
3025428,18.8586415153608
3025416,788.591160754821
3025417,445.139957915468
3025418,301.569418340994
3025420,43.6222987735504
3025410,7402.04620000616
3025411,0
3025412,1390.22942503925
3025413,29.7417280601112
3025414,3562.10551406678
3025421,5.17644447536832
3025422,64.7917879314414
3025423,50.93179879487
3025424,3.71603480810961
3025425,779.399119974862
3025426,29.2102575839625
3025427,15.553613808356
3025429,197.259277360856
3025409,10.0465653584026
3025408,0
3025407,16.2053902933292
3025430,10.3913710092984
3025431,832.27742691325
3025432,870.761207372203
3025433,13.3028640482478
3025434,21.1996325035846
3025435,793.37140845084
3025436,228.12479549357
3025437,1326.87998054732
3025438,8.99018888471162
3025439,38.2220544834291
3025444,0
3025453,29.3738409724896
3025454,3.48564979603014
3025443,4951.98342627299
3025457,2.50225729891684
3025445,900.305422608775
3025447,2383.05557567037
3025448,1290.90504105608
3025449,534.4768466273
3025451,203.067063991722
3025452,9749.59236802083
3025466,8.95771713133118
3025467,14.4620588489779
3025455,43.3458332095827
3025456,34.073473292055
3025458,511.343690173032
3025446,20.0271149124871
3025460,10.4732990098904
3025461,12.616468163359
3025462,131.111271323111
3025450,299.742808195101
3025464,560.42862183975
3025465,571.284002798961
3025442,6.76503122151769
3025459,19.5417196170468
3025463,6.99721216201341
3025468,534.23057104192
3025441,0
3025469,153.611837365454
3025470,881.930236540885
3025440,10.9121841525234
3025471,6.01445399734449
3025472,25.7374916408309
3025477,0
3025478,1192.78746644287
3025479,26.0205930088413
3025480,3036.3971141516
3025481,1710.28110535852
3025482,694.428756189262
3025483,389.446290863834
3025476,6350.79920938165
3025490,3.25110326989339
3025491,677.463813242053
3025492,25.3899343500055
3025493,13.6076240730181
3025494,16.3921755441208
3025495,170.348701991182
3025496,9.09125506394042
3025484,263.838573290172
3025485,12503.6168687707
3025486,38.1644967031679
3025475,8.78958975750717
3025489,44.559468937749
3025503,1160.86744776968
3025504,7.86538178174758
3025505,33.4399037495384
3025497,728.147071763467
3025498,747.09471380157
3025499,11.6384767741739
3025487,4.52879384325593
3025488,56.3178615344349
3025502,199.582971331261
3025500,18.5472413774304
3025501,698.638214305234
3025474,0
3025473,14.1778535705759
3025737,9.08602939483516
3025765,444.827048761267
3025767,734.339151667576
3025768,4.63192005357064
3025769,21.4303206699308
3025704,8.78499000218362
3025705,0
3025706,5.44627279147867
3025707,3935.13075040366
3025708,0
3025709,739.084087395107
3025710,16.1230787365421
3025711,1845.0789496406
3025712,1039.25920979107
3025713,430.287253989722
3025735,4.47845473454691
3025736,20.7202887694759
3025722,408.994705532338
3025723,15.2288939157041
3025714,241.311687597526
3025715,162.421783306853
3025716,7849.03098053219
3025717,23.6477771692828
3025720,27.253431387473
3025721,2.01447345889889
3025724,8.43166004218234
3025725,10.2233253361018
3025726,104.868441397254
3025727,5.63319295452237
3025728,451.180054422124
3025729,462.920537213902
3025730,7.21152194108966
3025718,2.80616585838657
3025719,34.669864183927
3025733,123.667126270088
3025734,710.008940679715
3025731,11.4923834738261
3025732,430.088986756957
3025744,1933.29185191863
3025745,1074.87199492176
3025738,0
3025740,4123.26866417922
3025741,0
3025742,754.531051680552
3025743,16.6755758741957
3025746,447.936185940142
3025751,2.90232606636383
3025739,5.59638335206493
3025747,249.580828923358
3025748,169.083777066298
3025749,8013.07686286062
3025750,24.4581266944195
3025752,36.0919050834397
3025753,28.5564131813915
3025754,2.08350437030901
3025755,428.548670959335
3025759,108.462017701688
3025760,5.82622823234247
3025761,466.640853982051
3025762,466.487609871011
3025758,10.4369943137439
3025763,7.45864256213752
3025764,11.8861983945282
3025756,15.7507496006848
3025757,8.72059171057489
3025766,127.904885968625
3025778,1239.36653993057
3025782,7122.79288024823
3025777,2273.08062756005
3025791,13.2675419828695
3025779,537.041650364036
3025780,321.422183532999
3025783,31.4983507393557
3025776,21.475607851275
3025790,11.230797018362
3025781,216.342460506448
3025784,3.73775496138717
3025775,910.528908003076
3025789,20.2845721395063
3025792,138.77700266819
3025785,46.179542979188
3025773,4201.58783599987
3025774,0
3025788,537.731621021255
3025786,36.0656596968906
3025787,2.68323703785325
3025772,7.20729137998343
3025771,0
3025770,11.7014252269743
3025793,7.50329666056278
3025802,27.4200658609438
3025794,600.962513265285
3025799,164.722057819591
3025800,939.585935886024
3025801,5.96520920293181
3025797,15.307617409384
3025798,572.869646776005
3025795,559.283406304174
3025796,9.60559826993202
3025813,220.486766436665
3025826,5.11368531056869
3025814,147.44282578601
3025806,3304.00681610947
3025807,0
3025808,632.77603147486
3025805,4.94400340907474
3025819,24.9014915968332
3025820,1.82869349913386
3025821,386.052046487979
3025809,14.6361666574918
3025804,0
3025818,31.8846102111086
3025832,112.262223593797
3025833,1602.19447718478
3025834,4.25481970848728
3025822,13.8244458767253
3025810,1822.70644442168
3025811,901.425108715094
3025803,7.97481547149812
3025817,2.54737397509712
3025831,390.425066489295
3025823,7.70401747591556
3025824,9.16055849175387
3025812,388.072664443199
3025815,7312.98387185145
3025816,21.4669179121731
3025830,10.4325261051722
3025825,95.1972021275879
3025828,412.108354343244
3025829,6.54645671020172
3025827,409.571061269571
3025835,18.6874642375418
3024249,471.594007907404
3024250,0
3024251,8.34047224586684
3024248,50.1041740196274
3024223,0
3024224,280.585670014191
3024225,6.53232242967755
3024222,1418.18340709063
3024236,0.816171053592308
3024237,168.970825222619
3024238,6.17004028388621
3024226,777.290561128882
3024227,394.544067002431
3024219,3.55926980035729
3024220,0
3024221,2.20657670258012
3024235,10.9702374624581
3024239,3.41611691618993
3024240,4.0356418631588
3024228,168.754016489838
3024229,98.4062756011367
3024230,65.8057605188579
3024231,3078.30522804569
3024232,9.58098063894049
3024233,1.13692803202581
3024234,14.0466182137564
3024241,42.2123617422553
3024242,2.2823080683795
3024243,182.797196334778
3024244,179.205974541448
3024245,2.92177364495058
3024246,4.65617985021576
3024247,174.252075602796
3024615,4.09773637276496
3024616,0
3024617,2.52393015927601
3024618,1811.80856975951
3024619,0
3024647,9.66492630313412
3024621,7.52056930779203
3024622,855.052727900336
3024623,472.310307769236
3024624,198.112383980353
3024625,112.559226498367
3024620,340.288282207136
3024634,7.10347905915072
3024635,3.93292650635362
3024636,4.646176709745
3024637,49.2348202587771
3024638,2.62758860952738
3024626,76.2556132300099
3024633,189.537709879753
3024639,210.451795529883
3024627,3091.53365483729
3024628,11.0304458647676
3024632,0.939646051099406
3024646,2.08896388669456
3024640,207.66360536512
3024641,3.36379617434401
3024629,1.30892896896452
3024630,16.1716704822642
3024631,12.7122941575737
3024645,329.034744925182
3024642,5.36059321168886
3024643,200.613920348406
3024644,57.6842183435947
3024294,159.565254671326
3024293,370.642253933618
3024290,263.587552958674
3024291,6.13658881541843
3024292,725.467572644332
3024289,0
3024287,2.05946131900719
3024288,1367.38563194934
3024286,0
3024285,3.34364622736592
3024295,92.4447402469578
3024296,62.2225956717549
3024306,3.7911592679477
3024307,39.9138722252973
3024297,2640.12133658857
3024298,9.00055673347479
3024299,1.06805197085313
3024300,13.1956622094119
3024301,10.3056512043493
3024302,0.766726721294138
3024303,159.77025803291
3024304,5.79625402823943
3024305,3.20916566592191
3024308,2.14404391646789
3024309,171.723187670823
3024310,167.258075493843
3024311,2.74477012789968
3024312,4.37410453923676
3024313,163.695737575578
3024314,47.0688208067833
3024315,460.655744475973
3024316,0
3024317,7.83519938739777
3024485,3.10266418864143
3024486,2073.46613243711
3024484,0
3024487,0
3024488,399.696948118898
3024489,0
3024483,5.03734219885003
3024490,1143.85965048748
3024491,569.390822328395
3024494,93.7409299865539
3024495,4589.34415976711
3024492,245.128531914816
3024493,139.271848587458
3024515,11.8040539658514
3024496,13.5597133080654
3024497,0
3024514,0
3024513,912.009237916741
3024499,15.7291833125605
3024498,20.0095408690893
3024512,70.9111374760798
3024511,246.614441418028
3024505,59.7420603226088
3024506,0
3024508,256.946454797787
3024509,0
3024510,0
3024500,0
3024502,0
3024503,4.89804613398498
3024504,5.71153921927888
3024507,258.708129076424
3024501,245.443463716016
3025509,2640.03402305824
3025510,0
3025508,3.799255921055
3025507,0
3025506,6.12830582677137
3025538,14.4542300408768
3025512,11.2472703260999
3025513,1321.03192692332
3025514,720.274832558932
3025515,300.163333726643
3025511,515.576377222013
3025525,10.6234974992225
3025526,5.88182699730081
3025527,6.94851723302232
3025528,73.6323688066626
3025516,168.336198539141
3025517,113.303528038913
3025524,289.045654946713
3025529,3.92964923101176
3025530,314.737905877053
3025518,5031.44579167708
3025519,16.4964115588845
3025537,3.12411741366055
3025531,320.834310909659
3025532,5.03067299114561
3025520,1.95754833830918
3025523,1.40527302057005
3025533,8.01695170838365
3025521,24.3431121131802
3025536,495.293896423983
3025534,300.025024834144
3025522,19.1357350641624
3025535,86.2687345475263
3026332,0
3026333,2.55493632513266
3026334,1810.36213188396
3026331,4.14807655081776
3026345,1.32500899739048
3026346,16.3703374284589
3026347,12.8684630989446
3026335,0
3026336,348.979039389248
3026344,11.1659535105314
3026358,5.42644742782111
3026348,0.951189485136145
3026349,191.86615690394
3026337,7.61295855970411
3026343,3853.63285475671
3026357,3.40511998899331
3026350,7.19074440960339
3026338,848.8310230665
3026339,471.933243917364
3026342,76.6919473453803
3026356,211.58649182217
3026351,4.0072217787545
3026352,4.73394569391378
3026340,200.546169801793
3026341,113.942002496617
3026355,213.037169476562
3026353,49.5165415751901
3026354,2.65986820646101
3026363,9.78365871212965
3026360,58.3928617403621
3026362,2.11462654637686
3026361,1102.32019237288
3026359,203.078437230783
3027330,480.117901765268
3027331,267.511819015067
3027328,2045.40621699182
3027329,1152.09555080921
3027326,819.329269098292
3027327,17.8736229640448
3027325,0
3027324,4506.5872751032
3027332,181.231503092866
3027323,6.03759542608937
3027322,0
3027321,9.7388099138942
3027333,9718.5677357997
3027351,3513.43969441312
3027352,5.40275421038467
3027353,22.9699696455847
3027341,9.59349617210437
3027339,459.337502000308
3027340,16.9925195906183
3027342,11.0422505711458
3027343,117.013031592718
3027344,6.24481022502531
3027334,26.215306640136
3027335,3.11084200151549
3027336,38.6849070989945
3027337,30.6080321459537
3027338,2.23319253498578
3027345,500.166395848524
3027346,503.264927097135
3027347,7.99450441681692
3027348,12.7401554334554
3027349,476.785390426653
3027350,137.094138415932
3026637,240.943621623891
3026629,0
3026631,2217.89468245463
3026633,398.017348799775
3026636,1237.53550794025
3026638,138.686602932815
3026639,93.347013538304
3026642,1.60230316184153
3026630,3.08962622904921
3026632,0
3026634,9.20617716197106
3026635,1124.33132391812
3026640,5273.1169563844
3026641,13.5027329249354
3026643,19.9254571367069
3026628,5.01617437015583
3026660,11.8311553504145
3026659,2.55716965548661
3026658,408.056190792667
3026645,1.15025175115464
3026657,70.613155970883
3026644,15.6630864216373
3026646,244.412065611826
3026647,8.69560321944466
3026648,4.81442517190676
3026649,5.68753829200388
3026654,4.1177339441159
3026655,6.56207911666144
3026656,245.57812265242
3026650,59.8792244321665
3026651,3.21651796001974
3026652,257.620990434277
3026653,257.53638811254
3025910,1642.6238872555
3025911,345.77493061793
3025912,193.91588122274
3025913,130.520670396406
3025908,12.8723605546897
3025909,1613.51266698485
3025907,560.15171574874
3025905,3001.89699376037
3025906,0
3025903,0
3025904,4.34820099787873
3025902,7.01376955513799
3025934,16.4354358041815
3025932,574.279930469544
3025933,3.79106833408341
3025931,98.7334903043659
3025930,343.374897474703
3025929,9.17530120178359
3025914,7518.3176816168
3025928,5.75754247005995
3025924,83.7249765092511
3025925,4.49743451419138
3025927,360.095312681051
3025922,6.73167761015465
3025926,360.213606253943
3025915,18.8799372014512
3025918,21.758623207424
3025919,1.60831743828355
3025920,339.528870609397
3025921,12.2378008836306
3025923,7.95249127571678
3025916,2.24038964863104
3025917,27.860388081625
3026831,611.600646494135
3026832,13.3420344814885
3026834,832.480298431312
3026836,199.688217698482
3026844,347.368930184066
3026833,1487.61256085842
3026835,353.759217935252
3026829,3430.29644503825
3026830,0
3026837,135.28297918453
3026827,0
3026828,4.50685384391328
3026842,22.5525302736648
3026843,1.66700013005312
3026838,7301.91095435586
3026840,2.32213476440537
3026841,28.689714351025
3026839,19.5688096274097
3026845,12.6020861808327
3026846,7.3023185407863
3026826,7.26968102332816
3026847,8.24265389114622
3026848,87.9161169028939
3026849,4.66153244477889
3026850,373.356723106277
3026851,378.121116610327
3026852,5.96761797013123
3026853,9.51008049317269
3026854,355.903620219526
3026855,102.335979987652
3026856,2272.98391975449
3026857,3.70597318716099
3026858,17.0351156872926
3026923,3.29562312188852
3026924,14.7598231675895
3026921,88.6674910829313
3026922,509.065855375564
3026895,2643.75566315471
3026892,6.29870723268084
3026893,0
3026894,3.90489662644041
3026908,19.4136207494231
3026896,0
3026905,16.9551046792271
3026906,2.01197920361072
3026907,24.8577772128464
3026909,1.44434752258751
3026897,499.78221820461
3026898,11.5600077661668
3026903,117.213929567725
3026904,6204.37727873554
3026918,5.17055402427179
3026919,8.23986810336007
3026920,308.367409741965
3026910,302.936663990844
3026911,10.918890542702
3026899,1411.79977395258
3026916,323.48939171514
3026917,323.38315831564
3026912,6.04537490401231
3026900,1691.05942922417
3026901,304.522251395763
3026902,174.145921674115
3026913,7.14172513402503
3026914,75.1891134929765
3026915,4.03891560456157
3027034,169.930533982401
3027035,115.123011044493
3027036,5898.71089846257
3027024,6.18634785974796
3027033,304.98350211916
3027047,0
3027037,16.6526513567604
3027025,0
3027026,3.83523919990721
3027027,2735.28530100187
3027028,0
3027029,513.732825840372
3027030,0
3027031,1282.50308572904
3027032,727.096655223356
3027046,74.3297511663599
3027038,0
3027039,0
3027040,19.1917357780457
3027041,0
3027042,295.603759077082
3027043,0
3027044,6.29548735198272
3027045,7.0600998927884
3027056,14.5911280548464
3027048,317.71883216048
3027049,321.773232272699
3027055,0
3027053,87.0857976767164
3027054,2050.87196013767
3027052,302.866603384149
3027050,0
3027051,0
3026473,180.166012150197
3026468,555.409317570531
3026469,12.0376713969664
3026471,765.894216842043
3026465,4.06624834334337
3026466,3115.13504526942
3026467,0
3026470,1359.75248892028
3026472,321.257289285072
3026474,122.057250810248
3026475,6377.24285829252
3026476,17.6556956325801
3026478,26.053822474416
3026479,20.4804973974223
3026480,1.50402847572621
3026477,2.09511489961801
3026464,0
3026481,307.352673618365
3026463,6.55897205489935
3026484,7.4368237556432
3026485,78.8068779513539
3026486,4.20580503328794
3026487,336.85608839021
3026488,336.745465388874
3026489,5.38420315482926
3026490,8.58034238289128
3026491,321.109260745621
3026492,92.3312633382166
3026493,2091.17890524897
3026482,11.3700629818932
3026483,6.67468537976933
3026494,3.34366452844267
3026495,15.469999962966
3027482,41.7704319591561
3027483,239.816198868267
3027484,0
3027485,6.95321568052867
3027453,2.96726250714888
3027481,145.26902419062
3027454,0
3027480,3.88172537375514
3027455,1.82763424754644
3027464,54.8604002771646
3027468,11.7102680931156
3027456,1269.98988630627
3027457,0
3027458,232.39979797171
3027462,141.603496732034
3027463,82.0385271243276
3027477,152.392849522582
3027465,2599.89817932594
3027466,7.98739242211803
3027467,0.947824725851937
3027469,9.14557652066847
3027470,0
3027471,142.710650280249
3027459,5.44581234843285
3027461,443.640708386892
3027475,35.6520339305056
3027476,1.90269564852489
3027478,146.511981828117
3027479,2.43580000318247
3027472,5.14378797587526
3027460,648.005143910955
3027474,3.36440041483494
3027473,2.84791999876769
3027085,209.372064997486
3027083,3.51064846362564
3027084,5.59461909918115
3027086,60.2025217960415
3027057,4.27663007976267
3027058,0
3027059,2.65130569719957
3027088,0
3027089,10.0214697077809
3027068,79.5846827672226
3027069,4104.39605218291
3027070,11.5119988908971
3027071,1.36607250728755
3027072,16.877672483795
3027060,1771.82970364833
3027061,0
3027062,339.336881164207
3027063,7.84889265507859
3027064,964.824164365471
3027065,988.641250476922
3027066,206.761319770355
3027067,118.23976879499
3027081,219.639429487228
3027082,218.143793710789
3027073,13.2672711544856
3027074,0.980667910500651
3027075,203.026394255595
3027076,7.41359361652392
3027077,4.10462515606358
3027078,4.84901351996465
3027079,51.0511145471819
3027080,2.74230049532548
3027087,343.399320851034
3026176,99.5514977215721
3026177,67.0060035292364
3026174,707.461720859415
3026189,2.30886887123064
3026190,184.924534164783
3026178,3433.27576037403
3026179,9.69248115957448
3026180,1.15015925253146
3026170,0
3026171,283.85104017493
3026172,6.6083435990449
3026173,776.173473679173
3026187,4.08260742814551
3026175,171.831951113923
3026191,181.291518831234
3026192,2.9557763524879
3026193,4.71036704639425
3026181,14.2100884578789
3026183,0.82566940254336
3026184,170.937255976868
3026185,6.24184532450908
3026186,3.45587263943538
3026188,42.703616290075
3026194,176.279967932762
3026182,11.0979057288536
3026196,291.010365642593
3026197,1.89625540439776
3026195,50.6872710636209
3026169,1491.78489186318
3026168,2.23225616697195
3026198,8.43753610945172
3026167,0
3026166,3.60069149305999
3026393,121.738654916584
3026394,2866.94731510797
3026395,4.40861748738168
3026396,20.2649358551082
3026392,423.382157582266
3026391,11.3131706710287
3026365,0
3026364,8.64799642862042
3026378,2.76240636761243
3026366,5.32658448907938
3026367,3924.48792894439
3026377,23.2790125491249
3026379,34.3519322577931
3026380,27.3570851074368
3026368,0
3026369,727.558773163584
3026376,8086.56115681973
3026390,7.0990651071839
3026381,1.98305965900678
3026382,400.00656192116
3026370,15.8716546401674
3026374,237.548661069512
3026375,160.932332118382
3026389,438.26004266356
3026383,14.9914137821572
3026371,1781.20859940262
3026372,1029.72892491402
3026373,420.83118137899
3026387,5.54534866178905
3026388,444.144330083182
3026384,8.80056430234263
3026385,9.80544279511628
3026386,102.56383305194
3026430,2.50365891638778
3026431,0
3026432,1.54208559867593
3026433,1092.68217156902
3026434,0
3026435,201.258458119516
3026436,4.59496138622038
3026437,515.67306122863
3026438,282.998524411801
3026439,117.935233451624
3026440,68.7720940071594
3026441,46.5911002125082
3026450,2.45031196095514
3026462,5.86684878543154
3026449,4.34012514861133
3026451,2.83874819858586
3026452,29.8867509566501
3026448,116.560547138575
3026453,1.60541944439517
3026442,2028.98076597649
3026443,6.73944627687794
3026444,0.799737070897766
3026445,9.88066173922411
3026446,7.71667627866183
3026447,0.574110435634541
3026461,1.27632736349164
3026454,128.583067922615
3026455,126.87952320144
3026456,2.05523184477699
3026457,3.27524656802572
3026458,122.572265451251
3026459,35.2442408327384
3026460,462.218524244035
3026508,5590.0541980284
3026498,3.36165978776563
3026499,2335.95640779671
3026502,9.95181613532385
3026503,1223.32577455622
3026505,262.158081232016
3026506,149.919293159088
3026507,100.907499298644
3026521,276.590217432404
3026509,14.5963642703319
3026510,1.73207903553758
3026511,21.5392863235242
3026512,16.8219198489732
3026500,0
3026501,430.254100506183
3026515,9.39988910740402
3026516,5.20436151348546
3026504,1436.98914513834
3026518,64.729042401692
3026519,3.47703447054129
3026520,278.486573123153
3026513,1.24341447437173
3026514,262.494891949547
3026517,6.14819097534269
3026522,4.45124294102219
3026497,0
3026496,5.42245105174869
3026523,7.09356377631138
3026524,265.468313339697
3026525,76.3323508328746
3026526,441.106021772429
3026527,2.76428334915767
3026528,12.7064833627227
3026535,0
3026540,89.6011418741664
3026532,2115.09186866832
3026533,0
3026534,382.045526540111
3026548,0
3026536,1072.21684587675
3026537,1292.68642723913
3026538,234.303162648974
3026539,133.121323483266
3026553,247.283057472353
3026541,4712.02642128957
3026542,12.9608890808238
3026545,15.0345509240804
3026546,0
3026547,234.604186428064
3026561,11.2827631882495
3026549,0
3026550,5.45930615345804
3026551,57.8514279578262
3026552,0
3026554,242.424950658233
3026555,0
3026543,0
3026531,2.96564429427181
3026558,67.7795589436131
3026559,391.681525288891
3026560,0
3026556,0
3026544,19.1258792771244
3026557,235.72345139828
3026530,0
3026727,5.01208019010262
3026728,0
3026729,3.08710448934373
3026730,2216.08444630673
3026742,20.0391123505482
3026743,15.5488376805804
3026736,239.186145179261
3026529,4.81488303020493
3026600,204.321185523463
3026601,4.75680694237067
3026598,1109.31047957623
3026599,0
3026602,555.081695005297
3026603,452.98044132821
3026597,1.59640155051342
3026596,0
3026595,2.59184378578593
3026624,36.4856274906927
3026625,209.47459932177
3026626,0
3026627,6.07349326505116
3026613,122.246050663687
3026614,4.49299476151935
3026604,122.08919511601
3026605,71.6589941772721
3026606,47.9194500660213
3026607,2392.25568654879
3026608,6.97682573214328
3026609,0.827905727853536
3026611,7.98847611743676
3026612,0.594331981570835
3026615,2.48760051847047
3026616,2.93873571585827
3026617,30.7388463369732
3026618,1.66196616611775
3026619,133.112071844575
3026620,127.975252856633
3026621,2.12762203763763
3026622,3.39060860434687
3026610,10.2286823339375
3026623,126.889554499653
3026665,0
3026666,145.25371924955
3026667,3.38165569253744
3026662,0
3026663,1.1348958358564
3026664,734.165841211684
3026678,0
3026679,87.4728948453062
3026680,3.1941093039737
3026668,392.054070318109
3026661,1.84256443420062
3026675,0.5885654287422
3026676,7.31911132789122
3026677,5.67907759648665
3026681,1.76845698300556
3026669,295.917676480901
3026670,85.1170750758679
3026673,1583.24692756843
3026674,4.95988648241961
3026682,2.08917294369792
3026671,50.9430062049798
3026672,34.2886579477458
3026693,4.31769952452858
3026683,21.8525149237304
3026684,1.18150629498866
3026692,0
3026691,148.917326227545
3026690,25.9379519485421
3026689,90.2068949814141
3026685,94.630537028758
3026688,2.41041333545097
3026686,91.572412974933
3026687,1.51254513002364
3026759,11.7448572500499
3026757,402.453544316762
3026758,2.55508250455772
3026756,70.5555218151826
3026755,245.377682839712
3026740,13.4917120521096
3026741,1.60099536885821
3026731,0
3026735,1212.63096476833
3026739,4810.22715591595
3026753,4.11437306729337
3026754,6.55672317577014
3026744,1.14931292059808
3026732,395.114154640265
3026733,9.19866311957112
3026734,1123.41364950334
3026748,5.68289614759089
3026749,59.4424570018731
3026737,138.573407521038
3026738,93.270824105351
3026752,259.005380922192
3026745,239.49344242832
3026746,8.6885059053115
3026747,4.81049565868573
3026750,3.2138926518265
3026751,257.410721284425
3027354,10.2538803392068
3027359,857.069469728077
3027358,0
3027372,480.49564944615
3027360,18.8189309291211
3027364,281.660100747076
3027356,6.35691440566456
3027357,4683.6080233987
3027371,2.35130259555479
3027361,2181.78287224183
3027362,1220.94374865195
3027363,502.23324247379
3027365,190.816553854039
3027369,40.7308913341146
3027370,32.2268430966538
3027366,10570.818673924
3027367,27.6017932088462
3027368,3.27536956976744
3027355,0
3027373,17.7752343339367
3027374,10.5028717945312
3027386,24.184815416205
3027385,5.22727276197058
3027375,11.6262579343016
3027376,122.402922391406
3027377,6.57508847124218
3027382,502.001824056756
3027383,144.344832988071
3027384,3312.02231609935
3027378,526.619414288616
3027379,523.033396794324
3027381,13.4139623293367
3027380,8.41732125239957
3026034,3.56718987329905
3026035,0
3026036,2.19714917848861
3026063,50.5433500742997
3026064,290.184073383271
3026065,1.85433222120046
3026066,8.35903143139116
3026037,1507.02660424621
3026046,3423.52734753434
3026047,9.6023001987857
3026062,174.639820625353
3026049,14.169740458346
3026044,98.6252488525067
3026045,66.3825650435279
3026059,181.956427686013
3026060,2.92827516399389
3026048,1.13945791974105
3026050,11.0663944334461
3026038,0
3026043,171.344052991133
3026057,2.28738665117626
3026058,183.203955925854
3026061,4.6665407630187
3026051,0.817987194160452
3026039,283.045076041044
3026042,700.87934255421
3026056,42.5823640195326
3026052,170.45189824354
3026040,6.5468581274538
3026041,799.554205447017
3026055,4.04462195731177
3026053,6.18376983287883
3026054,3.42371844590568
3025942,761.689829110666
3025943,721.890136823823
3025935,3.48783291804746
3025936,0
3025937,2.14827062836054
3025938,1426.35084410087
3025939,0
3025940,276.748356149092
3025941,6.4012144286567
3025944,166.446121980348
3025945,96.4311970251991
3025946,64.4849956897846
3025947,3325.66459438336
3025948,9.38868406556804
3025949,1.1141091397883
3025950,13.7646933616177
3025951,10.7500575922955
3025967,8.17307349060064
3025952,0.799789964557048
3025953,168.842155737983
3025954,6.04620352344657
3025955,3.34755320627561
3025964,49.0985503430205
3025965,281.889057903899
3025966,1.81308009716836
3025963,170.754722011946
3025962,4.56272726285083
3025961,2.8631317291314
3025960,176.755138150618
3025958,2.23650064662708
3025959,179.128336559151
3025956,4.00642467144588
3025957,41.3651319207063
3025968,2.88961217704863
3025969,0
3025974,5.30330081617002
3025975,626.95625954975
3025976,511.634459755729
3025977,135.233150767716
3025978,79.8916598698145
3025979,53.7733832811371
3025980,2702.01610073079
3025981,7.77837024874328
3025982,0.923021088606407
3025970,1.77980686379371
3025987,5.00918012324001
3025988,2.77339274427955
3025989,3.27635737780268
3025990,34.2703310943604
3025991,1.85290398202005
3025992,148.404879114896
3025983,11.4038219391935
3025971,1151.35976542324
3025972,0
3025973,227.794973198425
3025984,8.90624581296194
3025985,0.662612824343407
3025986,138.976053467063
3026000,6.77125689139206
3025993,147.394315359925
3025999,0
3025996,141.467477258198
3025997,40.6773409966126
3025998,233.540445725213
3025995,3.78014445332616
3025994,2.37205752207417
3026801,1057.24030405906
3026802,300.171802664887
3026803,129.777007838255
3026793,4.51426520374282
3026794,0
3026800,3504.65773927568
3026795,2.76245738809344
3026796,9759.02963551626
3026797,0
3026798,553.832027642964
3026799,8.50340714828145
3026804,88.4938877245101
3026825,10.4416035702917
3026812,7.72439650392654
3026811,300.557451963825
3026813,4.50513373360159
3026814,5.1854730173972
3026824,0
3026815,55.3082366449939
3026816,2.89467909858163
3026810,0
3026817,257.271983526361
3026805,181204.932482487
3026806,12.2309706080517
3026807,1.42334288136362
3026808,19.0127939305569
3026809,14.5618244196101
3026823,775.865516302315
3026818,310.576833992842
3026819,3.70572107157743
3026820,6.02185519011375
3026821,237.397927301407
3026822,65.6483882730853
3026872,18.4602812064906
3026873,2.19059112774277
3026863,0
3026870,126.792119717657
3026871,6799.24727661864
3026885,5.6295660267053
3026874,27.2411180726398
3026862,3132.43130686181
3026876,1.57256837579601
3026864,576.954865181939
3026866,1478.29852369455
3026867,816.576110359315
3026868,333.71956530896
3026869,188.376335736516
3026883,354.505257630374
3026884,349.808561789917
3026875,21.4138116714897
3026877,325.566773052916
3026865,12.5862386667602
3026879,6.8886588550317
3026880,7.775726353084
3026881,82.3981766712741
3026882,4.39746726664788
3026886,8.97135612962511
3026878,11.8882067492112
3026861,4.25155085563603
3026887,335.742492096089
3026859,6.85787017847802
3026860,0
3026888,96.5388801916572
3026889,1846.28975816613
3026890,3.49603826095179
3026891,16.174981463419
3026959,0
3026958,4.68324789379259
3026960,2.9033892552379
3026961,1978.52635292951
3026962,0
3026963,371.600700635443
3026964,8.65124577289365
3026965,1036.14188822141
3026966,1068.6477773519
3026967,223.493633012326
3026988,378.503319319165
3026989,2.38744878455172
3026990,10.974301266729
3026978,4.49488890982351
3026976,225.241059979198
3026977,8.11847086197985
3026979,5.31005299284769
3026968,129.481890611027
3026969,86.5864929144803
3026970,4704.01094462222
3026971,12.6065485098324
3026972,1.49595734800551
3026973,18.6029926956942
3026974,14.5287103471124
3026980,55.5425593759662
3026981,3.00303574995949
3026982,240.522532076693
3026983,243.591832610161
3026984,3.84443749318467
3026985,6.12655002283151
3026986,230.775126106419
3026987,65.9265188112693
3026975,1.07390885830767
3026994,2445.32263122118
3027000,265.650526810958
3027001,148.980887399131
3027002,100.930232745839
3026993,3.34061779349403
3027007,16.9355065377142
3026995,0
3026997,9.95405817965335
3026999,617.059836859083
3027003,5273.39917695542
3027004,14.5996526847579
3027006,21.4044631801819
3026996,450.397997852983
3026998,1139.11390689612
3027005,1.73246925556647
3026992,0
3026991,5.42367267556762
3027023,12.7093460059412
3027022,2.7649061144624
3027008,1.24369460317773
3027021,1498.6605445567
3027020,76.3495477456807
3027019,265.52812068727
3027012,6.14957610108511
3027013,64.7436252055236
3027014,3.47781781152269
3027015,278.549313354043
3027017,4.45224576139783
3027011,5.37760983299811
3027016,273.076951716712
3027018,7.09516188506101
3027009,254.152675711036
3027010,9.40200680811156
3027393,0
3027394,2249.35026094235
3027392,895.181678746086
3027406,0
3027407,10.8281340513953
3027395,1250.59421310727
3027391,0
3027405,488.973607571085
3027408,0
3027396,514.429913221884
3027397,0
3027389,0
3027390,4923.80110719402
3027404,0
3027409,127.017086443229
3027410,0
3027398,195.450509721198
3027399,10969.3017376501
3027388,0
3027402,0
3027403,32.7954597461223
3027411,0
3027400,0
3027401,0
3027387,0
3027412,546.291672635546
3027413,0
3027414,0
3027417,3283.90066793341
3027418,0
3027419,24.7721405985883
3027416,0
3027415,0
3027450,1048.66882484922
3027449,63.6811885538262
3027451,0
3027452,10.6697119583499
3027424,0
3027423,1961.51691282047
3027437,0
3027425,368.406040199114
3027420,4.52374549037975
3027421,0
3027422,2.80450540907907
3027436,14.1254691995703
3027438,210.60786116788
3027426,8.30242319084491
3027427,962.545895094305
3027428,531.68691604595
3027429,221.572252708319
3027430,124.261115638594
3027431,83.6375237298138
3027432,4285.44709063251
3027433,12.1771937475692
3027434,1.44500792191892
3027435,17.8529106709437
3027439,7.84197138044712
3027440,4.42735534414846
3027441,5.12920281497618
3027442,54.7080588673597
3027443,2.90075813610776
3027444,232.330797876155
3027445,226.289778671033
3027446,3.71350335648305
3027447,5.91789152867709
3027448,221.470156917671
3026761,0
3026762,1.37439270359618
3026763,924.480626014421
3026764,0
3026765,175.906585960942
3026760,2.23140048122582
3026792,5.22886289238586
3026791,0
3026790,181.520161244643
3026788,109.243240092573
3026789,31.4116333658089
3026786,1.83173726159258
3026787,2.9190824357857
3026771,41.2553736933543
3026769,103.079316391573
3026770,61.6934998043628
3026784,114.600402539647
3026772,2032.94998877644
3026768,349.161656715433
3026782,26.6367395456419
3026783,1.4308393596845
3026785,110.89692310702
3026773,6.00657045054606
3026774,0.712770287188356
3026766,4.09528589589963
3026767,481.005902899654
3026781,2.53005074091423
3026775,8.80619688864974
3026776,6.87753233835583
3026777,0
3026779,3.86816162609093
3026780,2.14165414769756
3026778,104.563169057226
3026302,0
3026303,237.897971954158
3026304,0
3026301,1210.27051424016
3026315,0
3026316,144.198843754132
3026317,0
3026305,633.811105940916
3026299,0
3026300,1.84669290472797
3026314,9.30124921932873
3026318,0
3026306,608.558590061091
3026298,2.99820526222542
3026312,0
3026313,11.9095960449369
3026307,143.080144755863
3026311,8.07068533160023
3026308,82.8940288015581
3026309,55.7942141861541
3026310,2803.55923060347
3026319,3.39948454297152
3026320,35.7902641619936
3026328,243.89826354466
3026329,1.5996386230377
3026330,7.02572414557976
3026327,42.2060160176746
3026326,146.783896509773
3026325,0
3026322,153.982009432376
3026323,153.931441986448
3026324,0
3026321,0
3026695,0
3026696,2.7717068366201
3026697,1888.79083607356
3026698,0
3026699,352.446945953255
3026700,8.25887090776786
3026708,1.43742779830713
3026709,17.8751478898426
3026710,13.8697646978324
3026711,1.0318920174013
3026712,217.840783740448
3026713,7.80083450394822
3026701,970.03378003476
3026694,4.50001513604382
3026721,5.88684785851577
3026722,221.746015596949
3026714,4.31902572482897
3026702,974.77192544694
3026703,213.357140949593
3026705,83.7417009117659
3026706,4346.96706561277
3026707,12.1133154584255
3026715,5.10229639406478
3026716,53.7177132203527
3026704,124.415892732369
3026718,231.112052885202
3026719,229.538294223251
3026720,3.69402331485286
3026717,2.88554153770296
3026724,363.694321677199
3026723,63.3471341353959
3026726,10.5449301270689
3026725,0
3025868,12.8619382409733
3025866,1693.97928561802
3025867,2.77996165263839
3025865,76.7652882747324
3025864,266.97398126709
3025836,5.45320579808269
3025837,0
3025838,3.35880821177198
3025839,2458.63796516124
3025848,5066.11986779712
3025849,14.6791510905814
3025850,1.74190294189654
3025851,21.6614516101766
3025852,17.0277241952595
3025840,0
3025845,258.550329924343
3025846,149.792121974511
3025847,101.47982065563
3025861,271.015332821167
3025862,4.47648924499353
3025863,7.18034853506251
3025853,1.25046680114838
3025841,444.099686583794
3025842,10.0082602743089
3025844,640.928668403732
3025858,65.9485164343964
3025859,3.4967553148819
3025860,280.066077268435
3025854,255.53659442411
3025855,9.4532028583825
3025843,1137.89128174351
3025857,6.1830619316787
3025856,5.44217503589401
3025869,2.72402300656578
3025870,0
3025871,1.6669373951679
3025872,3883.67714796612
3025901,6.34184615992019
3025898,39.101927799642
3025899,316.899923135033
3025900,0
3025875,4.99939526443347
3025876,1527.66911529568
3025877,482.315256834898
3025878,156.981324356933
3025879,77.8030564420386
3025880,52.3675885733152
3025881,39639.1990548776
3025874,242.988966729094
3025888,4.75294360539122
3025889,2.58067305215549
3025890,3.06858162202623
3025891,32.7294805982221
3025892,1.73539893575931
3025893,155.244490618223
3025894,169.988975248818
3025882,7.33263089055942
3025887,166.659010208095
3025895,2.2216294742265
3025883,0.858881474631018
3025873,0
3025896,3.56352334780086
3025884,11.033691606358
3025885,8.56131133972849
3025886,0.616568664255261
3025897,140.483792776511
3026100,5.19363504448698
3026101,0
3026102,3.19893007568189
3026103,2165.79088069977
3026104,0
3026108,1224.28596381418
3026109,249.46765097653
3026110,143.593014923511
3026111,96.0228145462728
3026112,5016.99656704829
3026113,13.9804284580948
3026114,1.65898895037294
3026115,20.6303738319626
3026116,16.1120702813911
3026105,412.098284170311
3026106,9.53187046659289
3026107,1134.21115129363
3026122,61.5956680870697
3026123,3.3303109432899
3026124,266.735026612191
3026125,268.387450329412
3026126,4.26340986933625
3026127,6.79423033372946
3026128,254.26610995728
3026129,73.1112864883941
3026117,1.19094500389022
3026118,251.418160683689
3026119,9.00323359613565
3026120,4.98474842514265
3026121,5.92717756131135
3026130,419.753160253643
3026131,2.735157549754
3026132,12.1702965421044
3026147,1.48864281624411
3026142,225.312896432152
3026143,128.84878472558
3026144,86.1631254612734
3026146,12.5449083837955
3026148,18.5120327621699
3026139,8.55313140709777
3026140,1017.74956493693
3026141,1142.29607559627
3026155,55.2709822382847
3026156,2.98835230968428
3026157,239.34648938901
3026145,4501.84788571311
3026136,1981.70011316702
3026137,0
3026138,369.783747009739
3026152,8.0787753365338
3026153,4.47291100534735
3026154,5.31857086526462
3026149,14.5520158962822
3026150,1.06865794626568
3026151,225.602369859634
3026135,2.88919303971648
3026159,3.82563999191492
3026158,237.716658291146
3026160,6.09659405865274
3026134,0
3026133,4.66034900198171
3026161,229.646743674997
3026162,65.604168968604
3026163,379.110477663476
3026164,2.45430967868824
3026165,10.9206420662968
3026199,7.66029351680343
3026200,0
3026228,107.834668607818
3026229,2474.28897512243
3026230,3.9051015151776
3026231,18.0675781859352
3026205,14.058924994308
3026204,644.463003559259
3026218,13.2792179958724
3026206,1608.86310768814
3026203,0
3026217,356.633244934546
3026219,7.59523522228462
3026207,882.935176740721
3026208,375.199819382985
3026209,210.417809874883
3026216,1.75657092075689
3026220,8.68554589410239
3026221,92.0393944656834
3026222,4.9120046189813
3026210,142.551966868372
3026201,4.71822588794821
3026202,3544.76384605579
3026223,393.417823462718
3026211,7496.652612239
3026212,20.6202755030618
3026213,2.44690706838945
3026214,30.4285375388414
3026215,24.075478655277
3026224,390.738842856943
3026225,6.28826837115166
3026226,10.0210735123531
3026227,375.026935270724
3026235,2292.91900990208
3026236,0
3026237,419.589100994012
3026238,9.76846499513963
3026233,0
3026234,3.29972494626363
3026232,5.32254842398588
3026239,1169.94893345902
3026260,260.577355018949
3026261,74.9260121939932
3026262,430.172028345093
3026263,2.91460255971808
3026264,12.4723805436385
3026240,1330.31431935112
3026241,257.328110254982
3026242,147.157196978597
3026243,98.4062368364655
3026244,5416.14644982584
3026250,259.340078440085
3026251,0
3026252,0
3026253,6.07429850526943
3026254,63.5364818111424
3026255,0
3026256,273.355767849642
3026257,273.265998252137
3026245,14.3274424981531
3026246,0
3026247,21.1424489370139
3026248,16.511994691348
3026249,0
3026258,0
3026259,6.96287275583124
3026563,0
3026562,17.4637717272383
3026564,10.8267015410389
3026593,8.90276609938734
3026594,41.1900745592931
3026569,3764.53144936094
3026570,2093.00495675529
3026568,32.051233584247
3026582,17.7718674279693
3026583,20.4556722321364
3026571,844.317236503277
3026567,1469.23283763489
3026581,30.2736744078342
3026584,209.829423812036
3026572,479.705978751296
3026573,324.986895501746
3026574,19465.0725963875
3026580,823.6905075279
3026585,11.1982820502713
3026586,896.90545764451
3026587,920.244483800739
3026575,47.0096587746034
3026565,8240.51480122292
3026566,0
3026588,14.3358584305567
3026576,5.57840589089478
3026577,68.9205785973531
3026578,54.8867563021535
3026579,4.004592450082
3026589,22.8458269774807
3026590,854.978307915636
3026591,245.83914868515
3026592,6218.92128452069
3026926,0
3026927,3.97923520984373
3026925,6.46050240147733
3026928,2912.78874600189
3026956,3.29346619179488
3026957,15.2377493111807
3026955,1716.82999645173
3026954,90.9450968132135
3026938,17.3906311963677
3026929,0
3026935,177.46118513975
3026936,119.445363152983
3026937,6322.49170324501
3026951,5.30337027215006
3026939,2.06366100161114
3026940,25.4963000257802
3026941,20.0422378265089
3026942,1.48144854071475
3026930,547.070973916866
3026932,1374.64189354006
3026933,759.318711729864
3026934,318.499168252733
3026948,4.14266340674615
3026949,333.964045491112
3026950,333.854372232044
3026952,8.45152595653457
3026953,316.288456913624
3026943,304.713929217145
3026931,11.8569501924017
3026945,6.40563384232188
3026946,7.32517494060794
3026947,77.6237526240634
3026944,11.1993645627138
3027122,49.6655281202332
3027120,7847.85809843724
3027121,11.6818021661664
3027117,27.7264433555728
3027118,1037.62965761901
3027119,296.424109029
3027093,10535.1330871573
3027100,578.412421730887
3027090,21.0571953336949
3027091,0
3027092,13.0544519666212
3027106,66.1805002229105
3027094,0
3027098,2523.67099714474
3027099,1038.10799574713
3027113,13.5024905396918
3027101,391.857649444524
3027103,56.6825759548395
3027104,6.72624358184857
3027105,83.6442699315033
3027107,4.82859526397116
3027095,1783.10905921619
3027096,38.6462384421065
3027097,4568.75857870515
3027111,24.8256733277176
3027112,253.004862464805
3027114,1081.45672724411
3027102,23777.6050031582
3027116,17.2856686380982
3027108,999.657759029996
3027109,38.203329806141
3027110,20.6085170997509
3027115,1131.46234066256
3027123,17.1748020764509
3027124,0
3027125,10.6475542060669
3027126,8372.05437243508
3027127,0
3027128,1463.8410503948
3027129,31.5208880254064
3027130,3702.24047606544
3027131,2058.3724088214
3027154,9.4662127726669
3027155,40.5085103675931
3027153,5997.83278579063
3027152,241.771295872196
3027139,53.9785557685454
3027138,68.2224654393576
3027140,3.93832923386958
3027137,5.48610108827712
3027151,840.831147329249
3027141,831.413280136287
3027136,46.2317990492299
3027150,22.7619874149341
3027142,30.5575148810888
3027134,319.609400240676
3027135,19904.8323711208
3027149,14.0986457557051
3027133,471.768376764423
3027147,882.064536626247
3027148,922.850429503396
3027143,17.3644870834406
3027132,841.218763078402
3027146,11.0129862445297
3027144,20.2484717960471
3027145,207.704010986447
3027158,8.04779148249994
3027157,0
3027159,6125.40620772789
3027156,12.9813122515711
3027170,4.14658585022403
3027160,0
3027161,1113.64193895322
3027162,23.8245825531613
3027169,34.9436003243865
3027171,51.5649101805155
3027163,2834.92178176548
3027168,14005.9501687325
3027164,1565.94176658007
3027165,635.822374359366
3027167,241.571891460128
3027166,356.578933599063
3027188,30.6177398485862
3027187,7.15489257429588
3027186,4247.88945629282
3027185,182.739147223554
3027184,639.676574851797
3027176,13.2103284433207
3027180,666.695029439833
3027175,23.5515388162688
3027177,15.0087563086714
3027178,155.972106862968
3027179,8.32399771631258
3027181,679.608767686148
3027182,10.6562464047281
3027183,17.2043010908834
3027174,624.336912709735
3027172,40.5343595853311
3027173,2.97672609598519
3027198,788.627605509253
3027199,442.274449468074
3027200,299.628119429572
3027201,17259.3305058519
3027189,16.101071006882
3027190,0
3027191,9.98189240017927
3027192,7499.31269415368
3027193,0
3027194,1363.42780320387
3027195,29.5502710329878
3027196,3656.16722616355
3027197,1929.68746687816
3027211,193.456402482707
3027202,43.3414880680462
3027203,5.14312204473079
3027204,63.9573460825957
3027205,50.6039344971532
3027206,3.69211350213808
3027207,774.381878268146
3027208,28.4613998046139
3027209,15.860825340777
3027210,18.8595130678118
3027212,10.32447842669
3027213,826.919790612606
3027214,870.801449616792
3027215,13.2172292526583
3027216,21.0631636808234
3027217,788.264222649137
3027218,226.656283137124
3027219,5550.18906716512
3027220,8.93231616011182
3027221,37.9760068796329
3027228,19.8981939609118
3027237,43.0668022014408
3027226,0
3027227,906.222282809644
3027241,19.6701489479772
3027229,2352.36462911757
3027231,531.036248020698
3027232,297.813267758086
3027233,201.759856276691
3027235,29.1847521523504
3027236,3.46321155215297
3027250,530.791557790121
3027238,33.8541314338052
3027239,2.48614946743576
3027240,514.704270986356
3027242,10.6801652904845
3027230,1282.59507194602
3027244,131.972942311306
3027245,6.95216886674882
3027246,556.820963346086
3027234,11621.8733038876
3027248,8.90005343780568
3027249,14.1832511750428
3027225,5115.91422593761
3027243,12.6170512336582
3027247,571.310404699248
3027251,152.622988780277
3027252,3239.02546501463
3027224,6.72148254931373
3027253,5.97573703107492
3027222,10.8419389289425
3027223,0
3027254,25.5718111657351
3027261,25.8530901195878
3027262,2997.29189877395
3027263,1688.25470088407
3027264,689.958495922599
3027265,386.939300384924
3027260,1192.84259113671
3027274,25.2264912124822
3027275,14.2421637704739
3027276,16.2866538612038
3027277,169.252112849097
3027278,9.03273174398253
3027266,262.140159910138
3027267,15397.4689759122
3027259,0
3027273,673.102761745487
3027287,33.2246403813091
3027279,723.459755902509
3027280,732.691803293503
3027268,37.9188196172339
3027269,4.49964054712156
3027270,55.592553868106
3027258,6434.25180579087
3027272,3.23017487710912
3027286,7.76408493649332
3027281,11.5635561724213
3027282,18.4278468456706
3027283,689.640577693693
3027271,44.2726253678066
3027285,5676.15147049175
3027284,198.298191836326
3027257,8.73300835372305
3027256,0
3027255,14.0865861872508
3027538,15.6493569819568
3027542,5.788722935594
3027543,463.636937381874
3027598,21.3287284876494
3027486,8.72843820849741
3027487,0
3027488,5.37613121825571
3027489,4118.6305783245
3027490,0
3027491,743.941391496566
3027492,16.019289315943
3027493,1857.20491704059
3027494,1025.87477629827
3027517,4.44962548737438
3027518,20.5869056358219
3027516,2396.19161255274
3027515,122.87104137883
3027502,27.4325425418259
3027503,2.00150564818929
3027500,2.7881016701936
3027501,34.671466452313
3027504,406.361875648607
3027513,11.4184033214283
3027514,427.320366230383
3027505,15.1308606491237
3027497,162.429289632439
3027498,8824.34581237583
3027499,23.4955488553881
3027506,8.65430824175239
3027495,427.517357153484
3027496,239.758286994031
3027510,454.145236281965
3027511,451.052732059621
3027512,7.165099065153
3027507,10.091660957526
3027508,105.557642963354
3027509,5.59693028766906
3027520,0
3027521,5.56035764040945
3027519,9.02753971418261
3027533,2.88364286412065
3027534,36.093573071471
3027522,4096.72586347582
3027523,0
3027532,24.3006819011493
3027524,754.565922346441
3027525,16.5682298526064
3027526,1883.72841897392
3027531,9306.57294930496
3027535,28.1886402433041
3027527,1081.93611690533
3027528,445.052677277573
3027530,167.995330650996
3027529,247.974197209286
3027551,21.2923668335742
3027539,9.42895640487879
3027540,10.3025781306194
3027541,108.467030275753
3027544,460.479799374158
3027537,428.568476343737
3027545,7.41062889163267
3027546,11.8096831293824
3027536,2.07009218551827
3027550,4.60210290099842
3027547,441.963554610296
3027548,127.081521261214
3027549,3214.74420029333
3027561,569.444289261763
3027574,141.518095264405
3027562,319.353086014981
3027557,965.46606118657
3027558,21.3373624868307
3027559,2489.90120465761
3027560,1366.44401235623
3027563,214.949794813137
3027556,0
3027570,555.532725558737
3027571,20.1539938533203
3027572,11.6782952341522
3027573,13.2681551425567
3027564,12625.6228658307
3027555,5345.04207910559
3027569,2.6659641818411
3027554,7.20762446508194
3027568,36.0673264719909
3027565,31.2955857695577
3027567,46.181677167583
3027566,3.71369383583399
3027553,0
3027552,11.6260994058742
3027575,7.45499553732768
3027576,597.093925133155
3027577,600.792922508302
3027578,9.54376395805928
3027579,15.2090773744668
3027580,569.181901421084
3027581,163.661689187747
3027582,4332.95968098978
3027583,5.92680924117255
3027584,27.4213330797722
3027588,3480.64240901555
3027599,2.53097571312466
3027601,24.7411927217163
3027589,0
3027590,628.702649539007
3027591,14.5419489660697
3027612,10.3653685940334
3027600,31.473974018719
3027614,111.539555713031
3027602,1.81692161351389
3027603,386.069887890131
3027604,13.7354534918902
3027592,1799.23213411255
3027595,219.067422519032
3027596,146.49368910375
3027597,8221.68988319736
3027611,6.50431507211686
3027613,387.91177531827
3027605,7.60479881269632
3027593,2169.19083874117
3027594,383.074746004105
3027608,5.08076688077109
3027609,406.934521199405
3027610,409.455480905096
3027606,9.16098184712647
3027607,95.2016016679667
3027615,640.381030790152
3027587,4.9121772760109
3027585,7.92347903069196
3027616,4.22743007158768
3027586,0
3027617,18.5671670463308
3026030,49.7816374076026
3026031,287.675930252209
3026029,173.130359194873
3026032,1.85030063760931
3026033,8.28678195531709
3026027,2.90296525241672
3026028,4.6262065295643
3026002,0
3026015,1.12960926222786
3026003,2.19237226177755
3026004,1418.24894846185
3026001,3.5363576409384
3026016,14.0472673784654
3026017,10.9707444521763
3026005,0
3026013,3393.93683107142
3026014,9.51930479864126
3026018,0.810917099174153
3026006,278.779450209955
3026012,65.3821477667316
3026026,176.898012846074
3026019,165.7133109755
3026007,6.49027177848237
3026008,772.286892890639
3026009,634.345713031677
3026010,164.427702088759
3026011,97.7728028944129
3026025,181.62047224847
3026020,6.13032175886988
3026021,3.39412627772542
3026022,4.00966314423253
3026023,41.9406272528976
3026024,2.26761612052534
3026397,4.07135793159707
3026398,0
3026399,2.52404680275293
3026400,1859.65157030797
3026429,9.60271007771423
3026401,0
3026428,2.07551655724866
3026402,340.304008636112
3026403,7.47215699499583
3026427,895.944435804644
3026411,1.30050297405908
3026412,16.0675682610383
3026413,12.7128816564729
3026414,0.933597248584362
3026409,3590.57874726329
3026410,10.9594393526764
3026424,5.32608535666935
3026425,199.322504304528
3026426,57.3128865590501
3026415,188.317594949376
3026407,111.834646714801
3026408,75.2735308254335
3026422,207.673202542312
3026423,3.34214234124839
3026416,7.05775168984152
3026404,838.568542304963
3026405,487.945700656794
3026406,199.414390222497
3026420,2.61067398026755
3026421,209.097049933275
3026417,4.14318479090637
3026418,4.61626778251185
3026419,48.9178799552867
3026067,3.38758336818047
3026068,0
3026069,2.04620390703652
3026070,4892.96310444835
3026071,0
3026072,326.710715372633
3026073,6.17691883811877
3026074,2135.77217770131
3026075,607.658841477488
3026097,443.044918674349
3026098,0
3026099,7.83556149127594
3026096,48.3117300507622
3026095,172.447079589123
3026094,4.43158240442031
3026076,205.648531090998
3026077,98.0224334001535
3026093,2.72710116368339
3026080,9.11882843499973
3026079,50266.4821054559
3026081,1.06117657831577
3026083,10.7162863996042
3026084,0.76179105587556
3026085,203.251433864701
3026078,65.976822736759
3026092,224.141967208887
3026082,13.7214517224116
3026086,5.75894168504081
3026088,3.76675436177259
3026089,43.156035009168
3026091,185.672085564051
3026087,3.18850723892325
3026090,2.14414300349538
3026273,1195.24728845763
3026274,243.550561062259
3026272,1151.37716340186
3026275,138.375311101853
3026276,93.1374896034418
3026277,4834.69520527888
3026265,5.00491521410839
3026267,3.08269134575487
3026268,2100.71248783484
3026269,0
3026271,0
3026278,13.4724250915448
3026266,0
3026270,397.123970876873
3026279,0
3026297,11.7280674906964
3026296,0
3026295,407.140279983108
3026294,70.4546597776868
3026283,239.151076643918
3026281,15.5266099738211
3026282,0
3026284,0
3026280,19.8807330472587
3026285,0
3026286,5.67477221243208
3026287,60.1346886575761
3026293,245.026905290195
3026288,0
3026290,258.635122014454
3026291,0
3026292,0
3026289,257.042742008614
3027291,2727.42989079188
3027292,0
3027293,508.936361269906
3027294,11.1748680455218
3027290,3.77479889413121
3027289,0
3027288,6.08885595981928
3027319,3.104006469495
3027320,14.3611835337138
3027295,1295.56433322967
3027296,720.308120073049
3027297,298.231086232126
3027298,167.2525645262
3027299,112.574156947997
3027308,5.95911707030917
3027309,6.90378740260824
3027310,73.158373670829
3027311,3.90435282059852
3027312,312.71183719468
3027300,6359.24678628929
3027301,16.3902188753631
3027313,320.849138273008
3027314,4.99828893822951
3027302,1.94494697282881
3027303,24.3442371305367
3027307,10.5551106440693
3027315,7.96534402312821
3027316,298.093667678256
3027304,19.0125522100995
3027317,85.7133950791273
3027305,1.39622682815409
3027306,289.059013196765
3027318,1477.23468641118
3028141,201.576270970674
3028113,4.11739332947748
3028114,0
3028115,2.53603752328704
3028116,1832.37961522579
3028117,0
3028118,344.151872346714
3028119,7.55664569043082
3028120,853.584339246996
3028121,465.405342971505
3028122,199.062734662256
3028123,113.099176275902
3028124,76.6214135529179
3028125,3850.08865814399
3028126,11.083359224037
3028127,1.31520793806895
3028128,16.2492464407255
3028129,12.77327539044
3028130,0.944153559653229
3028131,190.446927608658
3028132,7.13755464812762
3028133,3.95179286549833
3028134,4.76045502268828
3028135,49.4710010772914
3028136,2.64019322604178
3028137,211.461338716286
3028138,210.021391689215
3028139,3.37993239926768
3028142,57.9609311625334
3028144,2.09898470525372
3028145,9.64832865054988
3028140,5.38630812820128
3028143,330.613133857397
3029114,178.724662738414
3029115,9522.00180428597
3029103,9.66677217386743
3029113,265.533040597306
3029104,0
3029105,5.95408186691406
3029112,476.56648132526
3029106,4302.04133027885
3029107,0
3029108,807.996097766006
3029109,17.7414122097735
3029110,2056.86016035948
3029111,1143.57352804575
3029133,791.504940136901
3029134,5.36279016891786
3029135,22.8000613388838
3029132,136.080056409021
3029129,7.93536926212005
3029130,12.6459168136312
3029131,473.258620491949
3029125,116.90541438946
3029128,489.889192289352
3029116,26.0213926546325
3029117,3.08783117890463
3029118,38.1498076015617
3029121,450.047027682031
3029123,9.33852100143688
3029124,10.9605713122849
3029126,6.19861751570206
3029127,496.466677185482
3029119,30.3816252767411
3029120,2.21667366412914
3029122,17.1991812912985
3028417,1138.00535396939
3028413,2144.95068942533
3028416,9.13807929345344
3028418,544.795141232757
3028419,236.070341042399
3028411,0
3028412,3.06677233899119
3028414,0
3028415,395.073224152874
3028420,137.660741504612
3028421,92.6565279499207
3028424,1.59045096433101
3028422,4968.72082214038
3028423,13.4028535379571
3028426,15.4464306170617
3028425,19.7780690149734
3028410,4.97906985036325
3028439,70.0908321739021
3028440,402.411853530624
3028441,2.53825433375069
3028442,11.6675037933394
3028428,239.468632931596
3028429,8.63128205395968
3028438,243.761587253094
3028427,1.14174336693238
3028430,4.77881298602588
3028431,5.64546770961299
3028432,59.4362992656639
3028433,3.19272545491449
3028434,293.141729569874
3028435,253.974079135113
3028436,4.08727516629928
3028437,6.51353957706464
3027690,12.7771440167997
3027691,1580.87806186431
3027692,797.233786118843
3027693,340.992083624785
3027688,0
3027689,552.403554409843
3027694,192.481490166533
3027695,129.55521217253
3027687,3038.40583135145
3027685,0
3027686,4.31603746087176
3027684,6.9618888723556
3027696,7462.70486861646
3027712,343.059094648022
3027713,98.0031610783756
3027714,566.336344062742
3027715,3.78758167823044
3027716,16.3138632853464
3027710,5.7149540684669
3027711,9.10743172199238
3027700,21.457652384014
3027701,1.59642075331649
3027702,337.01738381288
3027699,27.654305468717
3027703,12.0685245018687
3027704,6.68188355462714
3027705,7.89366689120261
3027698,2.22381754089984
3027706,82.5668712890932
3027707,4.4641671004945
3027697,18.7402827652454
3027708,407.222450823757
3027709,364.474763846534
3028620,7061.75954141066
3028608,7.21590736964088
3028609,0
3028610,4.47351675566358
3028611,3382.84771008102
3028612,0
3028613,607.076651389817
3028614,13.2433437769873
3028615,1486.24439954208
3028616,820.96521870853
3028618,198.211128809782
3028619,133.411710527025
3028621,19.4240596186266
3028622,2.30495799004132
3028623,28.4774972318765
3028624,22.3857097558434
3028625,1.65466937064257
3028626,338.136586659939
3028627,12.5088688559115
3028628,6.92568549555172
3028629,8.18168318082422
3028617,351.142469605732
3028640,16.90910735095
3028639,3.67856019364707
3028638,583.194601961776
3028630,86.70003876031
3028631,4.62705120268131
3028632,370.595012507736
3028633,377.773357591448
3028634,5.92347564517445
3028636,353.271009798473
3028637,101.579003233109
3028635,9.43973465910692
3028681,1428.96997291859
3028679,496.085341294254
3028685,116.346900982059
3028682,711.313129732267
3028683,302.269707709997
3028680,11.4744986699292
3028694,6.00065741290713
3028695,7.22858223924224
3028687,16.8296881823647
3028684,172.857768527765
3028698,368.092055018609
3028686,6198.67109608554
3028678,0
3028692,296.809523740777
3028693,10.8381237749706
3028696,74.6329414495195
3028697,4.00903984408529
3028699,320.991100960198
3028700,5.13230756193316
3028688,1.99709664238502
3028689,24.6739048394933
3028677,2675.90881375823
3028691,1.43366371909813
3028705,3.25003722267109
3028706,14.6506451146663
3028701,8.17891799944256
3028702,306.086423513449
3028690,19.522333879743
3028704,505.300307626887
3028703,88.0116198083165
3028676,3.87601220108515
3028674,6.25211584850306
3028675,0
3028812,0
3028813,1256.56341842735
3028814,726.427942452918
3028810,0
3028811,513.260344363852
3028825,0
3028826,0
3028827,7.05360669972394
3028815,302.727546573014
3028816,168.673561956264
3028808,3.78218919352738
3028809,2715.05246216892
3028823,0
3028824,285.881693051075
3028828,74.2613898921448
3028829,0
3028817,114.271448932279
3028807,0
3028821,0
3028822,0
3028830,315.368673687818
3028818,5817.11842548102
3028819,16.5294720997668
3028820,0
3028806,6.14058759511851
3028831,315.265107119146
3028838,14.4831978355685
3028837,0
3028836,496.286517398129
3028835,86.4416261497509
3028833,0
3028834,300.626306486451
3028832,0
3028256,121.154396295169
3028245,6.51045549816282
3028246,0
3028247,4.01000295959741
3028248,2916.280339942
3028249,0
3028250,554.898506111267
3028251,11.9486290344715
3028252,1358.5019208597
3028257,5970.15143819087
3028258,17.5250968814784
3028259,2.0796173856713
3028260,25.6934393597148
3028261,20.3290036563821
3028262,1.49290321367826
3028263,303.101293079518
3028253,765.189821848712
3028254,310.69150829664
3028255,178.833328541041
3028277,15.3555687495632
3028273,318.734023355191
3028276,3.31893152326377
3028272,8.51687379901045
3028274,91.6482912293543
3028275,529.613102509227
3028264,11.2859589026043
3028266,7.38181375123089
3028267,78.2239453922039
3028269,334.364372098749
3028271,5.34437633506912
3028268,4.17469479576713
3028265,6.24860671060766
3028270,332.087516260775
3029264,41.4614570900618
3029265,238.042284279008
3029266,0
3029267,6.90178291328373
3029235,2.94531373856513
3029263,144.194472752497
3029262,3.85301234559233
3029261,2.4177824498122
3029260,149.261546923076
3029259,160.384866351589
3029258,1.88862145509773
3029244,139.644801064441
3029237,1.81411528147638
3029241,5.40552980696633
3029243,316.040084327035
3029257,35.1588859079486
3029245,81.4316901348583
3029248,7.92830987467295
3029236,0
3029250,11.6236475248948
3029238,1285.43540445624
3029239,0
3029240,233.701199181166
3029254,5.1057395013455
3029242,634.898713189756
3029256,3.33951402680881
3029252,0
3029249,0.940813689411596
3029246,54.8099450178903
3029247,2648.69002006911
3029253,139.824211385973
3029251,9.13716530907994
3029255,2.82685400381531
3028868,59.7572052068028
3028866,5.55323583779922
3028867,207.823344925884
3028839,4.24499595109598
3028840,0
3028841,2.61463216086454
3028842,1816.8604605472
3028843,0
3028844,336.826814508945
3028845,7.79083458704115
3028852,11.426844915142
3028853,1.35596770218222
3028854,16.8621500425293
3028855,13.0837548774812
3028856,0.973413933822406
3028857,204.16330916405
3028858,7.35875544488558
3028846,963.936812958606
3028851,4181.42254503461
3028865,3.48468028234024
3028869,340.859204428232
3028859,4.0742633436333
3028847,476.717931773916
3028848,203.901344482976
3028849,117.365152101514
3028850,78.4838471456425
3028864,216.530189375277
3028860,4.81314548491458
3028861,50.6734906947458
3028862,2.72201576527076
3028863,248.302965852617
3028871,9.9473411401347
3028870,0
3027960,3407.87990309241
3027953,283.589981601625
3027959,66.0791594057202
3027972,202.368136224886
3027957,169.455127758792
3027962,1.14165155251926
3027963,14.1970194008937
3027973,179.950509876537
3027961,9.62078611221641
3027966,170.780044517849
3027954,6.55946184219734
3027955,770.432137375565
3027956,396.183253418424
3027970,42.6643416580822
3027958,98.8151177146155
3027974,2.93391254671077
3027975,4.67552457593647
3027976,174.97602929815
3027964,11.015814790145
3027952,0
3027979,1.85790209760541
3027967,6.19567454648282
3027968,3.43030963358904
3027969,4.05240848031303
3027971,2.29179022435569
3027977,50.3123385525819
3027965,0.819561946057982
3027978,288.857769047053
3027951,1480.75019530723
3027950,2.2013790305727
3027980,8.37512386010162
3027949,0
3027948,3.57405726567625
3028177,4.37600705107155
3028178,20.2462981385115
3028175,120.838157047581
3028176,702.850959825573
3028173,11.2294874227793
3028174,420.250410061825
3028172,7.04655349527793
3028171,429.395877091707
3028170,440.859005277812
3028148,5.32168561484433
3028151,726.889635382018
3028152,15.754252396888
3028154,1008.9018204646
3028155,423.187767801196
3028156,235.79151940219
3028157,159.741919572543
3028146,8.58402740940909
3028147,0
3028161,34.0978318505273
3028149,3795.41605623685
3028150,0
3028164,397.047723113189
3028165,14.8805226590917
3028153,1850.39301072031
3028167,9.73291217328802
3028168,102.46950481586
3028169,5.50432985263396
3028158,7871.63718394437
3028159,23.1068182595843
3028160,2.7419729149095
3028162,26.9786749317382
3028163,1.96839101494901
3028166,8.23878011140846
3028212,2.48513941228727
3028213,0
3028222,68.2633885007385
3028214,1.54066733835863
3028221,114.800760290059
3028215,1098.80101466631
3028216,0
3028217,201.073360168458
3028218,4.56097256862355
3028219,498.713170174636
3028220,277.274649240041
3028243,1.26688640103183
3028244,5.82345184768267
3028223,46.2464669776114
3028224,2121.54342981509
3028242,200.850678386761
3028241,34.9835400406501
3028226,0.793821435238741
3028225,6.68959475671165
3028240,121.665601385402
3028233,2.81775004721631
3028235,1.59354419581841
3028227,9.87157446776173
3028228,7.70957923051037
3028232,2.38518776647745
3028234,29.6656793868489
3028236,127.631942097104
3028238,2.04002934481674
3028239,3.25101964883569
3028229,0.569863754707963
3028230,115.698351606843
3028231,4.30802134846494
3028237,122.706602309757
3028278,5.38234131322545
3028279,0
3028280,3.31516045255021
3028281,2288.70979083044
3028282,0
3028283,427.071521391101
3028284,9.94266342296994
3028285,1206.40442056443
3028286,616.353466997343
3028287,260.218904282401
3028288,148.810343794528
3028289,99.5117210427023
3028290,5512.73114321705
3028291,14.4883953188955
3028292,1.71926688904627
3028293,21.3799607465538
3028294,16.6974885170604
3028295,1.23421696775211
3028296,257.185719409278
3028297,9.33035835633826
3028298,5.16586497797151
3028299,6.10271295625898
3028300,64.2502432496454
3028301,3.45131493114505
3028302,323.128349505032
3028303,278.139077830012
3028304,4.41831720526839
3028305,7.04109285761604
3028306,263.504650683706
3028307,75.7677222906247
3028308,437.843171259724
3028309,2.74383601246791
3028310,12.6124938143866
3028316,379.219545073934
3028317,0
3028318,1064.28568395055
3028319,540.219607952614
3028324,12.8650176995795
3028329,229.859126075973
3028330,0
3028331,0
3028332,5.418923798644
3028320,232.570027854518
3028321,132.13662829177
3028322,88.9383644073608
3028323,4895.04753076529
3028337,0
3028325,0
3028326,18.9844056133677
3028314,2072.31241652021
3028315,0
3028342,0
3028343,11.1993048634106
3028333,57.0512122575071
3028334,0
3028335,281.378404137706
3028336,237.521708993027
3028338,0
3028339,233.979810762496
3028327,14.9233407166255
3028328,0
3028340,67.2781951949129
3028341,388.784266574374
3028313,2.94370749556935
3028514,392.191504849938
3028526,1.14081148088261
3028312,0
3028311,4.77926745755736
3028384,561.832555376208
3028385,283.331084219856
3028382,204.133270773685
3028383,4.72162095713204
3028381,0
3028380,1093.96621421198
3028379,1.58459300707834
3028378,0
3028377,2.57267198035167
3028386,120.400426243401
3028387,71.1289343405197
3028407,207.925120806266
3028408,0
3028409,6.02856778311338
3028396,4.45976018856499
3028393,7.98112909423468
3028394,0.589935722360876
3028395,121.341799600686
3028397,2.46919979794871
3028398,2.91699795925575
3028388,47.8753784175254
3028389,2328.67450706892
3028391,0.821781729324239
3028392,10.2192749869881
3028406,36.2157441916935
3028399,30.5114718383719
3028400,1.64967264281597
3028401,150.483555284032
3028402,128.691893534903
3028390,6.92521832192089
3028404,3.36552835498047
3028405,125.950955551735
3028403,2.11188406918176
3028449,3.35664166764191
3028450,391.693497123829
3028451,194.97731415998
3028446,743.094709030078
3028447,0
3028448,144.179281021703
3028462,3.17048255515211
3028463,1.75537574972176
3028464,2.07371938225461
3028452,84.4874661420898
3028444,0
3028445,1.12650103896605
3028459,5.63706959765469
3028460,0
3028461,86.8258599700012
3028465,21.6908724024239
3028457,0.584211824583237
3028458,7.21787151404891
3028453,50.5661820273212
3028454,33.8143684893653
3028456,4.92319832276336
3028455,1655.47509039159
3028466,1.17276672166596
3028443,1.82893502990306
3028475,4.28576160617801
3028474,0
3028473,146.857463805762
3028467,104.912806253032
3028468,90.3057600129341
3028470,2.39258356664436
3028471,89.5396367736096
3028472,25.7460895489453
3028469,1.50135687049103
3028540,2.53618262142645
3028541,11.6579808266767
3028538,70.0336243366493
3028539,399.476605239537
3028510,0
3028511,3.06426925253296
3028515,9.13062083224234
3028516,1122.38044291586
3028519,137.548383396542
3028520,91.9806782875985
3028521,4997.06250703542
3028509,4.9750059548603
3028523,1.58915284506058
3028524,19.6338050158693
3028512,2115.5003326062
3028513,0
3028528,8.62423723848652
3028529,4.77491253931856
3028517,544.350481770042
3028518,234.348410987303
3028532,3.19011956606209
3028533,294.813815973287
3028534,253.766786578656
3028522,13.3919141862596
3028536,6.50822325393783
3028537,243.562630088804
3028525,15.5345373722956
3028527,240.834566897246
3028530,5.6408599030293
3028531,59.3877876125726
3028535,4.08393914980085
3029137,0
3029149,27.3976234159216
3029136,10.1780326357736
3029138,6.26898394495569
3029139,4648.96348878307
3029140,0
3029141,839.73454309393
3029142,18.6797277548277
3029146,279.576667833514
3029147,189.405088446984
3029148,10091.0281004295
3029150,3.25114174073652
3029151,40.4296059217359
3029152,31.7810731869385
3029153,2.33391006745327
3029143,2082.75564570397
3029145,495.286224223131
3029144,1188.49360377222
3029165,143.27711776979
3029166,822.595605473992
3029167,5.18860675250893
3029168,24.0059209248912
3029163,13.3147395762947
3029164,498.288528775906
3029154,467.72507467084
3029155,17.643751357969
3029156,9.76867487176982
3029157,11.5402587871819
3029158,122.290348090928
3029159,6.52645270176601
3029160,522.724023291668
3029161,536.326203485925
3029162,8.35505853185534
3027816,3.54080345658172
3027845,50.1694821433177
3027846,288.037588851474
3027847,1.86471618115424
3027848,8.29719987923497
3027844,173.348014120476
3027817,0
3027843,4.63202247451293
3027842,2.90661478383905
3027824,397.636304035525
3027825,167.878480254373
3027827,65.8915348247233
3027828,3289.46594050426
3027829,9.53127221780085
3027818,2.19512845441615
3027822,6.4984311771439
3027823,788.494567836667
3027837,4.04090210750222
3027838,42.2673833087388
3027826,98.5345429430219
3027840,201.793533928069
3027841,179.439559989774
3027821,279.129924388933
3027835,6.13802863785142
3027836,3.39839328384669
3027839,2.27046690776048
3027830,1.13102937722718
3027820,0
3027834,168.094164131547
3027831,14.1567085095256
3027819,1495.87916511453
3027833,0.811936562783605
3027832,10.984536583023
3027722,274.701255290839
3027720,1406.62119558735
3027721,0
3027735,165.42718590666
3027723,6.35386480124388
3027717,3.46203350279769
3027718,0
3027719,2.13237992278139
3027733,10.6705396777912
3027734,0.793873937644911
3027724,746.284033230667
3027730,9.31923619792417
3027731,1.1058681015831
3027732,13.6628762596618
3027725,393.881038961011
3027726,164.143796786871
3027727,95.7178978065892
3027728,64.0080017453294
3027729,3216.28732912836
3027736,6.00147990306359
3027737,3.32279143664138
3027749,8.11261746480886
3027748,0
3027747,279.803931399818
3027745,169.491653487004
3027746,48.7353695605046
3027744,4.52897688028043
3027743,2.84195321337956
3027742,178.9048203834
3027741,198.591882260449
3027740,2.2199573057491
3027739,41.0591550461371
3027738,3.95100678398121
3027750,2.86823778606771
3027763,7.72083383322997
3027751,0
3027764,0.916193524067398
3027752,1.76664167571781
3027753,1150.30085671698
3027754,0
3027762,2682.02935336293
3027765,11.3194681457187
3027766,8.84036652933681
3027767,0.657711493400459
3027755,227.585469542308
3027756,5.26407242904091
3027761,53.375622873098
3027775,143.476881085693
3027768,135.282359081226
3027769,4.97212733972172
3027757,626.379646173446
3027758,317.943360498157
3027760,79.3007032052022
3027774,163.463418993436
3027770,2.75287802561567
3027771,3.25212224197975
3027759,134.232834441169
3027773,1.83919809633879
3027772,34.0168342889156
3027776,2.35451147028606
3027777,3.7521828167607
3027781,1.51051858050371
3027782,6.72117006888403
3027780,231.812952729288
3027779,40.3764516947778
3027778,140.421045770257
3028585,122.285495735173
3028586,82.3077758380112
3028587,4217.3130285504
3028575,4.42296052089279
3028576,0
3028584,213.835926310166
3028577,2.72424637323264
3028578,1880.75643284642
3028579,0
3028580,346.411929856518
3028581,8.11745269024168
3028582,978.554791370516
3028583,490.283943051762
3028588,11.9058968536799
3028607,10.3643672826848
3028606,0
3028605,357.466714626506
3028589,1.41281444869441
3028604,62.2624291079335
3028590,17.5690683323791
3028595,4.24507022579332
3028596,5.0149288023689
3028598,2.83613186107563
3028600,221.248246496627
3028602,5.78604624285956
3028603,216.536001569036
3028591,13.7212280327799
3028592,0
3028594,7.66725933089068
3028597,52.7978945988921
3028599,262.100162471105
3028601,3.63076985096892
3028593,209.973205478072
3028648,1448.3987345214
3028647,12.493138565515
3028661,6.53336121255535
3028649,800.060194830593
3028650,331.251049802432
3028645,0
3028646,568.97427839624
3028660,11.8002699730799
3028662,7.71820949440256
3028663,81.7886793628549
3028651,186.982920563516
3028642,0
3028643,4.22010223738012
3028644,3069.07533770311
3028658,1.56093612577455
3028659,318.981920453769
3028664,4.36493930824928
3028652,126.675508660465
3028655,2.17438737845918
3028656,27.0396161849239
3028657,21.3941173306815
3028665,349.601650528259
3028653,6532.99654627019
3028654,18.323730955471
3028668,8.90499522657149
3028669,333.259013049327
3028666,354.062906291713
3028667,5.58792426375059
3028641,6.80714267959237
3028670,95.8247844432845
3028671,550.157958266511
3028672,3.47017815098017
3028673,15.9512449961216
3028747,1041.94411489402
3028748,508.636763687201
3028746,8.53157953578994
3028741,0
3028744,0
3028745,368.851979292402
3028749,221.84045604564
3028742,2.88191295554476
3028743,2002.58903643895
3028740,4.6486060230469
3028750,128.524116215954
3028751,86.5068590815595
3028772,10.8931246272199
3028771,2.36978888396947
3028758,222.125468213974
3028759,8.05841873050372
3028760,4.46164032590022
3028761,5.27077466003196
3028756,14.4212418301002
3028757,1.06596518060667
3028762,55.4914767331143
3028752,4549.30146077308
3028753,12.5132981771721
3028754,1.48489178789298
3028769,65.438861955351
3028770,375.703539473633
3028763,2.98082236756889
3028764,266.656986207129
3028765,240.222408279507
3028766,3.81600028256737
3028767,6.08123208134709
3028755,18.4653868112606
3028768,227.582985727653
3028780,1138.06626073924
3028781,620.515271954139
3028782,260.27752899078
3028777,0
3028779,9.88042825344088
3028783,147.878879399149
3028784,100.183654269447
3028775,3.31590732493942
3028776,2380.33104274839
3028778,455.875703246987
3028785,4936.77163941103
3028787,1.7196542226271
3028788,21.2461348867231
3028786,14.4916594089999
3028774,0
3028790,1.23449502445214
3028789,16.7012502936987
3028773,5.38355390072272
3028791,250.6371711062
3028803,432.281660745301
3028804,2.74445417119283
3028805,12.6153352827028
3028792,9.33246039246519
3028793,5.16702879552233
3028794,6.10408783625998
3028802,75.7847919982852
3028795,64.264718184832
3028796,3.45209247777226
3028797,276.488890859155
3028798,276.398092349057
3028799,4.4193126078061
3028800,7.04267914519413
3028801,263.564015637783
3029175,0
3029176,2218.23667467728
3029174,882.799297545525
3029188,0
3029189,0
3029177,1249.44403820971
3029173,0
3029187,488.523897214915
3029190,0
3029178,507.314187511983
3029179,0
3029171,0
3029172,4887.37987018049
3029186,0
3029191,125.260153721451
3029192,0
3029180,194.004767055319
3029181,10677.7605171727
3029169,0
3029170,0
3029184,0
3029185,32.3418245859468
3029193,0
3029182,0
3029183,0
3029199,853.604596091291
3029200,0
3029201,24.5889016771876
3029197,0
3029198,0
3029196,0
3029195,0
3029194,545.789246699115
3029232,362.907800517303
3029231,63.2101403512022
3029229,5.8741170289981
3029230,219.831947554434
3029228,3.68603466248983
3029233,0
3029227,224.615918682929
3029234,10.5221257823755
3029226,230.612252615945
3029213,83.018859001351
3029202,4.49028345503205
3029210,517.555783898873
3029211,215.683323173563
3029212,123.341959188992
3029214,4171.54882208493
3029215,12.0871193416409
3029203,0
3029205,1985.3727288432
3029225,2.87930129873882
3029223,5.0912622265268
3029224,53.9513230496793
3029216,1.43431923347175
3029204,2.76571277527216
3029218,14.0209834475172
3029206,0
3029209,961.660639017884
3029222,4.30968544943767
3029219,0
3029207,370.469054325936
3029217,17.7208531250007
3029208,8.24101036846698
3029221,7.78396450890976
3029220,206.348145997909
3028547,173.473401217808
3028542,2.21489486614725
3028543,0
3028544,1.37312867089036
3028545,954.162205577524
3028546,0
3028572,179.009328097044
3028573,0
3028574,5.19018512076821
3028571,31.1792822779214
3028570,108.435170503059
3028569,2.89749005401779
3028555,5.96213999503921
3028553,40.9502086977228
3028554,2111.91235638402
3028568,1.81818794562742
3028556,0.707497942712874
3028552,61.2371544870661
3028566,129.556063339496
3028567,110.076621264476
3028550,240.776070770153
3028551,102.984514064064
3028565,1.42025547574751
3028557,8.79809780543139
3028558,6.82665939895188
3028548,4.06499316574959
3028549,477.447913936856
3028563,2.51133601712971
3028564,26.4397082311882
3028559,0
3028560,106.525488017565
3028561,3.83954892863964
3028562,2.12581238406493
3028085,236.13824644272
3028086,0
3028087,637.360345428373
3028084,0
3028098,140.366338467563
3028099,0
3028100,0
3028082,1.83303296223435
3028083,1201.31817268737
3028097,0
3028088,323.517041640351
3028081,0
3028095,11.8215010527054
3028096,9.29269483513603
3028089,140.1862325355
3028094,0
3028090,82.2808636869932
3028093,8.01098666852989
3028091,55.3815057410692
3028092,2819.25870799258
3028080,2.97602761083509
3028101,3.37433863850302
3028112,6.97375503498268
3028110,242.09415402229
3028111,1.57751201378745
3028108,145.698139597955
3028109,41.8938191438955
3028107,0
3028106,0
3028105,149.840264485829
3028103,0
3028104,170.713230942798
3028102,35.5255244486213
3028479,8589.398078644
3028480,0
3028481,468.797577851791
3028482,8.57965597589204
3028492,14.5971439234765
3028493,1.02425913725039
3028494,305.231394406417
3028495,7.74313192088563
3028483,3467.75263930788
3028484,973.875425057165
3028476,4.67480145709141
3028477,0
3028478,2.76915769030751
3028505,64.957091001802
3028506,674.05128844486
3028496,4.28707799660704
3028497,5.4756903520118
3028485,287.506978887033
3028489,12.102174809268
3028490,1.42679517984992
3028491,19.5612787646029
3028498,57.2751075950973
3028486,135.269118035849
3028487,88.7085284260856
3028488,127844.750218174
3028502,3.71470924681866
3028503,5.88143370853675
3028504,241.089681543225
3028499,2.90170010272701
3028500,264.693816514429
3028501,336.603604192568
3028508,10.5352319261644
3028507,0
3027650,12.6840286321653
3027625,1136.84476003831
3027626,615.830636353836
3027624,9.93422941652079
3027638,5.19516443415415
3027639,6.13732597297924
3027627,256.637839423389
3027628,148.684113292109
3027618,5.41286856744897
3027619,0
3027620,3.35571910672861
3027621,2408.91001398416
3027622,0
3027623,432.296440785943
3027637,9.38327774679767
3027640,65.0362997419748
3027641,3.47088990087979
3027629,100.729176890839
3027630,5094.48931811826
3027631,14.5705697670494
3027632,1.72901812820886
3027633,21.5012223795526
3027634,17.1230766914983
3027635,1.24121712863915
3027636,253.646396451339
3027642,277.994435307768
3027643,272.532974768333
3027644,4.44337676294339
3027645,7.08102812354718
3027646,264.999181222067
3027647,76.1974573047567
3027648,443.19987420719
3027649,2.75939834391917
3027654,1091.45907447877
3027653,1.64387989214421
3027655,0
3027652,0
3027651,2.66892742722665
3027656,210.397871583791
3027657,4.89827843180198
3027658,586.656719343664
3027682,1.37839371031222
3027683,6.254124127028
3027680,37.570741123951
3027681,217.112141462967
3027659,297.780443452181
3027660,127.366370622349
3027661,73.7901936899343
3027670,4.6266202520259
3027671,2.56158387636616
3027672,3.02613621871749
3027673,31.6530458046785
3027674,1.71139445525238
3027662,49.6666156911003
3027667,8.27973970351549
3027668,0.612007920844415
3027669,126.703199007982
3027675,155.101711838165
3027663,2447.43258326251
3027676,137.025924344232
3027664,7.18432247098236
3027665,0.852528349256325
3027666,10.6016248893944
3027677,2.1908993289505
3027678,3.4914481917312
3027679,130.663357911442
3027882,5.15521785240328
3027883,0
3027884,3.19598801099492
3027885,2177.91895867648
3027886,0
3027887,409.050003187007
3027888,9.4613634526238
3027889,1148.00533903647
3027890,582.714776242923
3027891,247.622344830808
3027892,142.530860885166
3027893,95.9345021026943
3027894,5045.09093484542
3027895,13.8770155688782
3027896,1.64671744946359
3027897,20.3450092415531
3027914,12.0802731546371
3027913,2.71492565589392
3027900,244.735989004126
3027901,8.93663689623771
3027902,4.94787636230086
3027903,6.0384118803811
3027904,61.140046428606
3027905,3.30567671425553
3027898,15.9928896894619
3027912,416.648256338164
3027899,1.18213561266738
3027906,301.544665086808
3027911,72.5704840807447
3027907,264.675046693001
3027908,4.23187353024449
3027909,6.74397357722732
3027910,254.032260724724
3027921,8.48986410214295
3027934,8.01901683189376
3027922,1016.81353789528
3027920,367.048465628468
3027935,4.43982499144883
3027923,526.293303020111
3027933,222.48178036403
3027936,5.27922952595382
3027924,225.105675548785
3027925,127.895693399341
3027916,0
3027917,2.86782174908421
3027918,1916.52428656689
3027919,0
3027937,55.2201493656645
3027938,2.96624754034421
3027926,86.0838810005502
3027915,4.62587651378171
3027929,1.47763136154508
3027930,18.2559696054936
3027931,14.3507287024728
3027932,1.06075310943333
3027939,268.827604197938
3027927,4497.70752397422
3027928,12.4521140016481
3027940,237.498029634278
3027941,3.79734182595725
3027942,6.05149770070665
3027943,227.94805229842
3027944,65.1188965266303
3027945,376.306206682442
3027946,2.46805341518071
3027947,10.839862342588
3028011,622.577113123276
3028012,3.87621557426534
3028013,17.8176628382679
3028010,107.037018187312
3027981,7.60363051200395
3028009,372.252870153432
3027988,1596.96238641778
3027992,140.580151720048
3028008,9.94694787535483
3027982,0
3027983,4.71388652277245
3027986,631.428215505653
3027987,13.9549314681225
3028001,7.29781451631094
3027989,905.374827244041
3027990,372.42447544612
3027991,208.861354453862
3028005,390.507721392846
3027993,7538.63265207375
3027995,2.42880735632804
3027996,30.0076422500668
3027984,3405.95495669966
3027985,0
3027999,353.995237497227
3028000,13.1809919433872
3028002,8.79117882724326
3028003,90.7662820966509
3028004,4.87567064030412
3028006,392.926917059734
3027994,20.4677478267745
3027997,23.7424604966467
3027998,1.74357760838639
3028007,6.24175420297868
3028014,5.28317766276997
3028015,0
3028016,3.27531696110524
3028017,2275.95834376338
3028018,0
3028019,419.203203757164
3028020,9.69620789719828
3028021,1207.5115728222
3028022,597.17858250693
3028043,74.3717863044446
3028044,429.776397961191
3028045,2.87428703405505
3028046,12.3801226481604
3028042,258.649870662679
3028041,6.91136855543521
3028040,0
3028024,146.068678772292
3028025,97.6783282964164
3028026,5482.01720139301
3028027,14.2214627545236
3028028,0
3028037,0
3028038,317.175069168863
3028039,273.014674770664
3028029,20.8500011932015
3028030,16.2835965711627
3028023,258.769105973721
3028031,0
3028033,0
3028034,0
3028035,6.02936706698934
3028036,63.066504000774
3028032,252.447358666718
3028346,10.7466166931102
3028347,8021.4990607529
3028345,0
3028344,17.3345926325957
3028376,40.8853925797678
3028352,2077.52305000461
3028353,849.045276210455
3028354,476.157605295801
3028351,3761.06919955299
3028365,20.0419396352808
3028366,208.277320668409
3028367,11.1154486303549
3028355,322.582975341351
3028364,16.6373999300438
3028368,890.271069792436
3028356,19321.0899278994
3028357,46.6619294722046
3028358,5.53714255822014
3028348,0
3028349,1448.91003445436
3028350,31.8141513891027
3028369,901.631791159587
3028370,14.22981643448
3028371,22.6768369510759
3028359,68.4107747540306
3028360,54.4807603009619
3028361,3.97497057714446
3028362,807.030697534005
3028363,30.0497407746769
3028372,848.654054170188
3028373,244.02068248261
3028374,1419.33785726855
3028375,8.83691255511887
3028710,2986.81678698624
3028709,3.97557549640359
3028711,0
3028707,6.41271422237179
3028708,0
3028714,1373.37763165357
3028715,748.81562172636
3028716,316.143237652979
3028717,176.148509070192
3028718,119.335508927776
3028713,11.7692446202607
3028727,6.15479656291775
3028728,7.27099079976448
3028729,77.5523618477529
3028730,4.11202022630089
3028731,329.344569672142
3028719,6441.14481463906
3028712,529.078441799082
3028726,11.1165231354791
3028732,322.874287743115
3028720,17.2619931204526
3028721,2.04839615138284
3028722,25.3077045147125
3028725,300.499048463583
3028739,15.1250360501994
3028733,5.26414137125676
3028734,8.38901022462592
3028735,313.948878891867
3028723,19.8939858808537
3028724,1.4704903018968
3028738,3.26910450249104
3028736,90.2723781444168
3028737,518.279978779282
3028904,49.2981534168916
3028872,20.9014357720489
3028903,11.4455282226209
3028901,294.231467105326
3028902,1711.38714888242
3028900,1023.27689965859
3028880,2521.349970068
3028874,12.9578885029868
3028878,38.3603731564587
3028879,4476.35172305539
3028893,24.6420384260218
3028881,1030.42913615561
3028883,388.959087943913
3028884,23145.6457273133
3028873,0
3028887,83.0255553015506
3028875,10122.5893503793
3028876,0
3028877,1793.0941810042
3028891,37.1879647752244
3028892,20.0607855876467
3028894,252.772173204996
3028882,574.133919117805
3028896,1073.45721814021
3028897,1101.3904254568
3028885,56.263296319362
3028886,6.67648972169625
3028888,65.6909646726687
3028889,4.79287826226397
3028890,985.83023805152
3028895,13.4026129456313
3028898,17.1578069676734
3028899,27.3429241224208
3028906,0
3028907,10.568794506617
3028908,8418.93652027261
3028909,0
3028905,17.0477604832856
3028934,239.982919477958
3028935,1404.96104189692
3028936,9.39619142706259
3028937,40.2088699018141
3028910,1443.59282778997
3028932,22.3016077189796
3028933,834.611539786515
3028911,31.2877287834596
3028931,13.9943584160138
3028916,315.188481534423
3028917,19250.1854371548
3028918,45.8898235562975
3028915,468.278717557735
3028929,875.539926705927
3028930,886.712664415398
3028919,5.44552053198204
3028914,834.9962883514
3028928,10.9315234531808
3028913,2016.74015384913
3028927,207.512985042895
3028920,67.7178255220825
3028912,3674.85509332468
3028926,20.0986943427361
3028921,53.5792777046078
3028922,3.90919750833045
3028923,809.316044759847
3028924,30.3314816868555
3028925,16.3621040934464
3028938,12.8852898006297
3028939,0
3028948,353.94132790137
3028949,239.784990055476
3028950,13722.6684428142
3028940,7.98826216467447
3028947,631.119211723245
3028941,6040.67802743423
3028942,0
3028946,1544.28126083912
3028943,1098.2377597386
3028944,23.6483526955724
3028945,2795.70842093713
3028951,34.685123362825
3028968,1055.03371227314
3028969,7.0559242761197
3028970,30.3912611717334
3028966,630.828405387494
3028967,181.387430196855
3028952,4.11591365555977
3028965,16.856330118009
3028964,10.5774224092962
3028963,674.581718163738
3028953,50.8516511967947
3028957,23.0751898014908
3028961,8.2624253076946
3028956,603.803193156273
3028954,40.4970800246268
3028955,2.95470732546503
3028960,156.845525386927
3028958,12.3670468739183
3028959,14.9949527146927
3028962,661.76350252509
3028971,15.9819717763188
3028972,0
3028973,9.90805658491468
3028974,7790.59555355956
3028975,0
3028976,1353.34256091032
3028977,29.3316883969968
3028978,3490.22032797676
3028979,1902.99553787632
3028980,782.794146295458
3028981,439.002956124128
3028982,297.411777518906
3028983,17131.6636579506
3028984,43.020892135132
3028985,5.10507849607751
3028986,63.4842551494492
3028987,50.2296184246691
3028988,3.66480302837712
3028989,748.913353194676
3029003,37.6950992805487
3028990,28.8075451337979
3029002,8.86624403476301
3029001,1317.12594979492
3028991,15.3391811246431
3028999,787.539253900651
3029000,224.9797121244
3028992,18.4780640873808
3028993,193.278480103427
3028994,10.2481085109211
3028995,820.803085037096
3028996,870.000571156284
3028998,20.9073599714589
3028997,13.1194617293988
3029010,19.7510075042265
3029011,2365.53748985211
3029005,0
3029006,6.67176390640325
3029008,0
3029009,899.518978628465
3029023,19.5246493347051
3029024,10.3289069964528
3029012,1248.50636314791
3029013,527.108185812078
3029004,10.7617413704261
3029018,3.43759426054778
3029019,42.7482381131998
3029007,5012.44070260541
3029021,2.46775948030321
3029022,501.024502215547
3029025,12.361861117571
3029026,129.303682288096
3029014,295.610350261086
3029017,28.9688732506278
3029031,14.0783380111228
3029032,526.865305549184
3029020,33.603713247125
3029027,6.90074384275995
3029015,200.267443527823
3029016,11386.8114702906
3029030,8.83421995902895
3029028,552.702172225442
3029029,556.126162653489
3029035,5.97024112948225
3029033,151.494040244976
3029034,875.447076967446
3029036,25.3826571006021
3029043,25.6618554408755
3029042,1176.34288830945
3029044,3053.54155891398
3029046,684.854889712192
3029056,24.8775519547182
3029045,1675.76672193011
3029058,16.0613727128301
3029041,0
3029047,384.077119792662
3029057,13.4200201254797
3029055,650.96518977276
3029069,32.9788785246312
3029048,260.201115524105
3029049,15283.5742724562
3029059,168.00015908758
3029060,8.96591684700253
3029039,8.66841050336974
3029040,6512.50467545495
3029054,3.20628135212038
3029068,7.75694428647036
3029061,718.108341686981
3029062,736.794758663029
3029050,37.6383350309385
3029051,4.46635681545276
3029052,55.5414252451838
3029053,43.6602351267309
3029067,1130.06622960644
3029063,11.4780208287089
3029064,18.291536510829
3029065,684.539323116691
3029066,196.831384935115
3029038,0
3029037,13.982388051894
3029315,2.86231262800225
3029316,35.594317566949
3029344,316.990839006312
3029345,214.752104902501
3029268,8.66387416339715
3029269,0
3029270,5.37118677575913
3029271,4088.16516812644
3029272,0
3029296,424.159487876373
3029297,121.962167274712
3029298,704.789592175405
3029299,4.41671171588587
3029300,20.4346247956308
3029273,728.894572192888
3029295,11.3339416698238
3029294,7.11209900166628
3029280,8589.81305818743
3029281,23.3217528520575
3029279,161.227804128283
3029293,450.637897635748
3029282,2.76747814996254
3029277,424.355021662407
3029278,237.984800777497
3029292,444.959779758012
3029283,34.191881889103
3029274,15.9007950225582
3029290,104.776835646149
3029291,5.55552993048211
3029284,27.2296246919681
3029285,1.98670055959826
3029287,15.0189380409755
3029275,1855.49684062954
3029276,1031.61950880784
3029286,403.356026739594
3029288,8.31541545020017
3029289,9.88754891236014
3029301,8.96076322252074
3029302,0
3029303,5.5552437643716
3029310,438.896595182483
3029311,246.13993810475
3029312,166.752673276825
3029313,8324.69968549492
3029314,24.120930348265
3029304,4173.60841121888
3029305,0
3029309,1073.93306176776
3029306,744.128574137377
3029307,16.4456750594254
3029308,1857.67220723963
3029330,126.14150233983
3029331,728.940949288261
3029332,4.5680612577905
3029333,21.1348677140644
3029329,438.69436094805
3029317,28.1627150742408
3029328,11.7223271905567
3029325,460.207426234492
3029326,457.07364149982
3029323,107.664702291373
3029324,5.74590389285589
3029327,7.35581264999223
3029322,10.1600702433483
3029320,15.5335990690475
3029321,8.60036371037476
3029318,2.05477976397906
3029319,411.786226016818
3029343,565.232123706397
3029346,11974.428760646
3029334,11.5401014313855
3029356,138.65577676461
3029347,31.0640930829168
3029335,0
3029336,7.15430984224641
3029337,5169.24982204129
3029338,0
3029339,964.578119425453
3029340,21.1795305355683
3029341,2361.47910586727
3029342,1383.0625980799
3029348,3.68622373286964
3029349,45.8400724249899
3029350,36.2692976557104
3029351,2.64624410964027
3029352,533.778700753504
3029353,20.0049152510534
3029354,11.0759616228998
3029355,13.1700109217284
3029364,944.891131014234
3029365,5.88296877739116
3029366,27.2184981460325
3029361,15.0965761991039
3029363,162.451087654059
3029362,564.971676742193
3029360,9.47316896822313
3029359,584.825096472388
3029358,592.677235893853
3029357,7.3998511166883
3029388,9.03426481069042
3029393,6.45620281175239
3029394,10.2886962146913
3029387,7.54854630087315
3029399,18.429826163354
3029374,1751.41228697489
3029378,145.410078849055
3029382,31.2411617985385
3029384,1.80348188853716
3029385,378.261310617682
3029386,13.6338526765394
3029389,93.8847488427301
3029390,5.04318457174876
3029391,460.04057084615
3029392,411.748365248022
3029395,387.555011803962
3029396,110.714500332733
3029397,635.644147883308
3029398,4.2511029949554
3029375,888.997449933688
3029376,385.219902506447
3029377,217.446986123693
3029372,624.052151334188
3029373,14.4343825233152
3029371,0
3029368,0
3029367,7.86486924904849
3029380,21.1709604018689
3029369,4.87584202019388
3029370,3388.13417465028
3029381,2.51225414734319
3029379,8652.86420742081
3029383,24.5581827210081
3027814,1.83661400880333
3027812,49.4134038466868
3027813,285.547998394138
3027815,8.22548483077788
3027811,171.849718139478
3027810,4.59198659240222
3027809,2.88149208906213
3027784,0
3027783,3.51019928949382
3027797,1.12125356999404
3027785,2.17615533748884
3027795,3282.31417084953
3027796,9.44889073261233
3027798,14.0343480684696
3027786,1389.56371075488
3027808,179.049432709783
3027799,10.8895941223379
3027787,0
3027788,278.523055991728
3027789,6.4422633960193
3027793,97.0495798498243
3027794,64.8985176101873
3027800,0.804918765117933
3027801,167.7287033656
3027802,6.08497591794573
3027790,766.57430553058
3027791,389.10461452709
3027792,165.348470575798
3027806,2.25084261924385
3027807,194.911739893359
3027803,3.3690200082146
3027804,3.98000376349371
3027805,41.6303934533557
3028179,4.04124219601691
3028180,0
3028209,324.498448456819
3028210,2.06016401176371
3028211,9.46988294377725
3028208,56.8889445313661
3028181,2.48913354388962
3028182,1763.73597444779
3028207,199.139186855456
3028183,0
3028189,111.731792086192
3028190,74.7167343490219
3028191,3427.6087929516
3028192,10.878372646384
3028193,1.290883185196
3028194,16.0527908748285
3028187,478.076602268519
3028188,191.605551261556
3028202,2.59136288834277
3028203,208.904742808016
3028204,200.843070905108
3028205,3.31742059565114
3028206,5.28668843284843
3028195,12.6188447801135
3028185,7.41688563147155
3028186,854.30581351571
3028200,4.58212136201995
3028201,48.5560355872339
3028196,0.926691452447272
3028184,339.991030114245
3028198,7.00554567227864
3028199,3.87870451035998
3028197,185.712737965816
3027849,3.29754844952759
3027850,0
3027851,2.04432200774056
3027852,1313.90109699692
3027853,0
3027854,259.953555929386
3027855,6.05198563414192
3027856,729.563788738112
3027857,365.53232808695
3027879,264.78228813842
3027880,0
3027881,7.72717800710843
3027877,161.43891695799
3027858,158.392274127572
3027878,46.4198980747954
3027876,4.31380016324115
3027875,2.70692886271509
3027874,166.02854423565
3027873,186.711819156008
3027861,2927.12424255539
3027862,8.87646894532146
3027863,1.05332708098015
3027871,39.1083890297101
3027859,91.1702342710121
3027860,61.3647527072912
3027866,0.756156105966578
3027867,157.567556742416
3027864,13.0137378479228
3027869,3.16492192844056
3027870,3.73889177138863
3027868,5.71634293348858
3027865,10.2298933059377
3027872,2.11448467083716
3028047,4.96789397801921
3028048,0
3028057,137.351752291751
3028058,92.4485538585078
3028059,5088.24362021275
3028049,3.07985618614381
3028056,241.749023486693
3028050,2031.62248176674
3028051,0
3028052,394.186454524735
3028055,550.689665146437
3028053,0
3028054,1106.29055334188
3028060,13.3727698908729
3028075,243.214447232288
3028076,69.9335083731914
3028077,404.128673236168
3028078,0
3028079,11.6413152607647
3028074,0
3028064,0
3028065,237.382081947572
3028066,0
3028063,15.4117600175451
3028067,0
3028062,19.7336757485269
3028068,5.63279606042123
3028069,59.302890313157
3028070,0
3028061,0
3028071,290.587511270782
3028073,0
3028072,256.722004308472
3029073,2672.26540445023
3029072,3.72258491346969
3029071,0
3029070,6.04381684040201
3029101,3.08104620914821
3029102,14.2549542084651
3029074,0
3029075,498.642709709942
3029099,85.0793751807911
3029100,488.465438372659
3029098,295.888676069868
3029084,1.93056024738358
3029081,111.741448647532
3029082,5838.26319724795
3029083,16.2689808250505
3029097,7.9064245671541
3029085,23.8518551480633
3029077,1294.37279919037
3029078,714.980018431086
3029079,290.304724377572
3029080,166.015401374986
3029094,310.398715341979
3029095,310.296780899689
3029096,4.96131671654181
3029086,18.8719168239008
3029090,5.80073613547878
3029091,6.85272025513269
3029092,72.6172229604365
3029093,3.87547241776185
3029076,11.0922078184289
3029087,1.38589897227085
3029089,10.4770347473987
3029088,277.739793546952
